[Licensing::Module] Trying to connect to existing licensing client channel...
Built from '6000.4/staging' branch; Version is '6000.4.11f1 (b0a1d6caadd2) revision 11575766'; Using compiler version '194234433'; Build Type 'Release'
OS: 'Windows 11  (10.0.26200) Professional' Language: 'en' Physical Memory: 130838 MB
BatchMode: 1, IsHumanControllingUs: 0, StartBugReporterOnCrash: 0, Is64bit: 1
System  architecture: x64
[Licensing::IpcConnector] Channel LicenseClient-Saleh doesn't exist
Process architecture: x64
Date: 2026-09-24T05:00:52Z
[Licensing::Module] Successfully launched the LicensingClient (PId: 1715908)
[Licensing::IpcConnector] Successfully connected to: "LicenseClient-Saleh" at "2026-09-24T05:00:52.5536281Z"
[Licensing::Client] Code 10 while verifying Licensing Client signature (process Id: 1715908, path: "C:/Program Files/Unity/Hub/Editor/6000.4.11f1/Editor/Data/Resources/Licensing/Client/Unity.Licensing.Client.exe")
[Licensing::Module] LicensingClient has failed validation; ignoring
[Licensing::Client] Handshaking with LicensingClient:
  Version:                 1.18.1+9fbee8e
  Session Id:              aa78a7fdb5e1440f97cefc54a19aba41
  Correlation Id:          d2d5b54c634465cb18bc8bfe98955b2b
  External correlation Id: 530700257395395898
  Machine Id:              MmldEioLXxr5LYARqXW5R38SCvs=
[Licensing::Module] Successfully connected to LicensingClient on channel: "LicenseClient-Saleh" (connect: 0.25s, validation: 0.68s, handshake: 0.37s)
[Licensing::IpcConnector] Successfully connected to: "LicenseClient-Saleh-notifications" at "2026-09-24T05:00:53.6119575Z"
[Licensing::Module] Connected to LicensingClient (PId: 1715908, launch time: 0.01, total connection time: 1.30s)
[Licensing::Module] Error: Access token is unavailable; failed to update
[Licensing::Client] Successfully resolved entitlement details
[Licensing::Module] License group:
  Id: 3573462959909-UnityPersXXXX
  Product: Unity Personal
  Type: Assigned
  Expiration: Unlimited
[Licensing::Client] Successfully updated license, isAsync: True, time: 0.01
[Licensing::Client] Successfully resolved entitlement details
[Licensing::Module] Licensing Background thread has ended after 1.35s

COMMAND LINE ARGUMENTS:
C:\Program Files\Unity\Hub\Editor\6000.4.11f1\Editor\Unity.exe
-batchmode
-nographics
-projectPath
E:\unity\NOPE
-executeMethod
TimeDeskArtInstaller.Install
-quit
-logFile
E:\unity\NOPE\ArtDeliverables\TimeDesk\Production-v2\unity-import.log
Successfully changed project path to: E:\unity\NOPE
E:/unity/NOPE
[UnityMemory] Configuration Parameters - Can be set up in boot.config
    "memorysetup-temp-allocator-size-gi-baking-worker=262144"
    "memorysetup-temp-allocator-size-gi-baking-worker=262144"
    "memorysetup-temp-allocator-size-gi-baking-worker=262144"
    "memorysetup-temp-allocator-size-gi-baking-worker=262144"
    "memorysetup-temp-allocator-size-gi-baking-worker=262144"
    "memorysetup-temp-allocator-size-nav-mesh-worker=65536"
    "memorysetup-temp-allocator-size-audio-worker=65536"
    "memorysetup-temp-allocator-size-cloud-worker=32768"
    "memorysetup-temp-allocator-size-gfx=262144"
    "memorysetup-temp-allocator-size-preload-manager=33554432"
    "memorysetup-temp-allocator-size-job-worker=262144"
    "memorysetup-temp-allocator-size-background-worker=32768"
    "memorysetup-allocator-temp-initial-block-size-main=262144"
    "memorysetup-allocator-temp-initial-block-size-worker=262144"
    "memorysetup-bucket-allocator-granularity=16"
    "memorysetup-bucket-allocator-bucket-count=8"
    "memorysetup-bucket-allocator-block-size=33554432"
    "memorysetup-bucket-allocator-block-count=8"
    "memorysetup-main-allocator-block-size=16777216"
    "memorysetup-thread-allocator-block-size=16777216"
    "memorysetup-gfx-main-allocator-block-size=16777216"
    "memorysetup-gfx-thread-allocator-block-size=16777216"
    "memorysetup-cache-allocator-block-size=4194304"
    "memorysetup-typetree-allocator-block-size=2097152"
    "memorysetup-profiler-bucket-allocator-granularity=16"
    "memorysetup-profiler-bucket-allocator-bucket-count=8"
    "memorysetup-profiler-bucket-allocator-block-size=33554432"
    "memorysetup-profiler-bucket-allocator-block-count=8"
    "memorysetup-profiler-allocator-block-size=16777216"
    "memorysetup-profiler-editor-allocator-block-size=1048576"
    "memorysetup-temp-allocator-size-main=16777216"
    "memorysetup-job-temp-allocator-block-size=2097152"
    "memorysetup-job-temp-allocator-block-size-background=1048576"
    "memorysetup-job-temp-allocator-reduction-small-platforms=262144"
Player connection [1624060]  Target information:

Player connection [1624060]  * "[IP] 192.168.1.8 [Port] 55504 [Flags] 2 [Guid] 3760404105 [EditorId] 3760404105 [Version] 1048832 [Id] WindowsEditor(7,DESKTOP-333704I) [Debug] 1 [PackageName] WindowsEditor [ProjectName] Editor" 

Player connection [1624060] Host joined multi-casting on [225.0.0.222:54997]...
Player connection [1624060] Host joined alternative multi-casting on [225.0.0.222:34997]...
Input System module state changed to: Initialized.
[Physics::Module] Initialized fallback backend.
[Physics::Module] Id: 0xdecafbad
[Package Manager] Connected to IPC stream "Upm-1717004" after 0.2 seconds.
[Licensing::Client] Successfully resolved entitlement details
Library Redirect Path: Library/
[Physics::Module] Selected backend.
[Physics::Module] Name: PhysX
[Physics::Module] Id: 0xf2b8ea05
[Physics::Module] SDK Version: 4.1.2
[Physics::Module] Integration Version: 1.0.0
[Physics::Module] Threading Mode: Multi-Threaded
Artifact Garbage Collection - Removed 28 unused hashed content files
Initialize engine version: 6000.4.11f1 (b0a1d6caadd2)
[Subsystems] Discovering subsystems at path C:/Program Files/Unity/Hub/Editor/6000.4.11f1/Editor/Data/Resources/UnitySubsystems
[Subsystems] Discovering subsystems at path E:/unity/NOPE/Assets
Forcing GfxDevice: Null
GfxDevice: creating device client; kGfxThreadingModeNonThreaded
NullGfxDevice:
    Version:  NULL 1.0 [1.0]
    Renderer: Null Device
    Vendor:   Unity Technologies
Shader Hidden/ChartRasterizerHardware is not supported: GPU does not support conservative rasterization
Initialize mono
Mono path[0] = 'C:/Program Files/Unity/Hub/Editor/6000.4.11f1/Editor/Data/Managed'
Mono path[1] = 'C:/Program Files/Unity/Hub/Editor/6000.4.11f1/Editor/Data/MonoBleedingEdge/lib/mono/unityjit-win32'
Mono config path = 'C:/Program Files/Unity/Hub/Editor/6000.4.11f1/Editor/Data/MonoBleedingEdge/etc'
Using monoOptions --debugger-agent=transport=dt_socket,embedding=1,server=y,suspend=n,address=127.0.0.1:56004
CodeReloadManager initialized
Using cacheserver namespaces - metadata:defaultmetadata, artifacts:defaultartifacts
Using cacheserver namespaces - metadata:defaultmetadata, artifacts:defaultartifacts
ImportWorker Server TCP listen port: 0
AcceleratorClientConnectionCallback - disconnected - :0
Begin MonoManager ReloadAssembly
Registering precompiled unity dll's ...
Register platform support module: C:/Program Files/Unity/Hub/Editor/6000.4.11f1/Editor/Data/PlaybackEngines/WebGLSupport/UnityEditor.WebGL.Extensions.dll
Register platform support module: C:/Program Files/Unity/Hub/Editor/6000.4.11f1/Editor/Data/PlaybackEngines/WindowsStandaloneSupport/UnityEditor.WindowsStandalone.Extensions.dll
Registered in 0.466868 seconds.
Native extension for WindowsStandalone target not found
Native extension for WebGL target not found
Package Manager log level set to [2]
ScheduleIndexationOnStartup MainProcess:False IndexOnStartup:True
Mono: successfully reloaded assembly
- Finished resetting the current domain, in  0.421 seconds
Domain Reload Profiling: 2814ms
	BeginReloadAssembly (269ms)
		CreateAndSetChildDomain (9ms)
	RebuildCommonClasses (427ms)
	RebuildNativeTypeToScriptingClass (9ms)
	initialDomainReloadingComplete (537ms)
	LoadAllAssembliesAndSetupDomain (1149ms)
		LoadAssemblies (260ms)
		AnalyzeDomain (1132ms)
			TypeCache.Refresh (1131ms)
				TypeCache.ScanAssembly (865ms)
	FinalizeReload (423ms)
		SetupLoadedEditorAssemblies (0ms)
			InitializePlatformSupportModulesInManaged (52ms)
			BeforeProcessingInitializeOnLoad (72ms)
			ProcessInitializeOnLoadAttributes (114ms)
			ProcessInitializeOnLoadMethodAttributes (123ms)
[Licensing::Client] Successfully resolved entitlement details
Application.AssetDatabase Initial Refresh Start
[Package Manager] Restoring resolved packages state from cache
[Licensing::Client] Successfully resolved entitlement details
[Package Manager] Registered 73 packages:
  Packages from [https://packages.unity.com]:
    com.unity.2d.animation@14.0.4 (location: E:\unity\NOPE\Library\PackageCache\com.unity.2d.animation@011d329ac58b)
    com.unity.2d.aseprite@4.0.2 (location: E:\unity\NOPE\Library\PackageCache\com.unity.2d.aseprite@ccedfadacc51)
    com.unity.2d.psdimporter@13.0.3 (location: E:\unity\NOPE\Library\PackageCache\com.unity.2d.psdimporter@e58d0a2c1d48)
    com.unity.2d.spriteshape@14.0.1 (location: E:\unity\NOPE\Library\PackageCache\com.unity.2d.spriteshape@da3647ffbbd7)
    com.unity.2d.tilemap.extras@7.0.1 (location: E:\unity\NOPE\Library\PackageCache\com.unity.2d.tilemap.extras@66df903b3633)
    com.unity.2d.tooling@2.0.2 (location: E:\unity\NOPE\Library\PackageCache\com.unity.2d.tooling@9d6aff712598)
    com.unity.ai.assistant@2.12.0-pre.2 (location: E:\unity\NOPE\Library\PackageCache\com.unity.ai.assistant@d9bb465c57d1)
    com.unity.ai.inference@2.6.1 (location: E:\unity\NOPE\Library\PackageCache\com.unity.ai.inference@9a123aee5df7)
    com.unity.cinemachine@3.1.7 (location: E:\unity\NOPE\Library\PackageCache\com.unity.cinemachine@f3f96bcb59af)
    com.unity.collab-proxy@2.12.4 (location: E:\unity\NOPE\Library\PackageCache\com.unity.collab-proxy@0b1559bcd34e)
    com.unity.ide.rider@3.0.40 (location: E:\unity\NOPE\Library\PackageCache\com.unity.ide.rider@e4950c6d131b)
    com.unity.ide.visualstudio@2.0.27 (location: E:\unity\NOPE\Library\PackageCache\com.unity.ide.visualstudio@dc1ddd4f09b6)
    com.unity.inputsystem@1.19.0 (location: E:\unity\NOPE\Library\PackageCache\com.unity.inputsystem@21a28c3a6c83)
    com.unity.timeline@1.8.12 (location: E:\unity\NOPE\Library\PackageCache\com.unity.timeline@8cd8509afae5)
    com.unity.visualscripting@1.9.11 (location: E:\unity\NOPE\Library\PackageCache\com.unity.visualscripting@8bed5ad90189)
    com.unity.splines@2.8.4 (location: E:\unity\NOPE\Library\PackageCache\com.unity.splines@9b00833aca09)
    com.unity.burst@1.8.29 (location: E:\unity\NOPE\Library\PackageCache\com.unity.burst@6bb9aca3ef38)
    com.unity.dt.app-ui@2.1.1 (location: E:\unity\NOPE\Library\PackageCache\com.unity.dt.app-ui@8ac7e730dd5d)
    com.unity.nuget.newtonsoft-json@3.2.2 (location: E:\unity\NOPE\Library\PackageCache\com.unity.nuget.newtonsoft-json@4dfd81071c64)
    com.unity.mathematics@1.3.3 (location: E:\unity\NOPE\Library\PackageCache\com.unity.mathematics@19a9377c4ffa)
    com.unity.nuget.mono-cecil@1.11.6 (location: E:\unity\NOPE\Library\PackageCache\com.unity.nuget.mono-cecil@ecb9724e46ff)
    com.unity.2d.common@13.0.2 (location: E:\unity\NOPE\Library\PackageCache\com.unity.2d.common@edfe77495b67)
    com.unity.searcher@4.9.4 (location: E:\unity\NOPE\Library\PackageCache\com.unity.searcher@d45a78918735)
    com.unity.settings-manager@2.1.1 (location: E:\unity\NOPE\Library\PackageCache\com.unity.settings-manager@0b8638c5ce86)
    com.unity.test-framework.performance@3.5.0 (location: E:\unity\NOPE\Library\PackageCache\com.unity.test-framework.performance@8b56083ec0f0)
  Built-in packages:
    com.unity.2d.sprite@1.0.0 (location: E:\unity\NOPE\Library\PackageCache\com.unity.2d.sprite@b95cc7beb645)
    com.unity.2d.tilemap@1.0.0 (location: E:\unity\NOPE\Library\PackageCache\com.unity.2d.tilemap@1ad6d636d9f2)
    com.unity.multiplayer.center@1.0.1 (location: E:\unity\NOPE\Library\PackageCache\com.unity.multiplayer.center@f01f4ba8d00a)
    com.unity.render-pipelines.universal@17.4.0 (location: E:\unity\NOPE\Library\PackageCache\com.unity.render-pipelines.universal@d3aed158d698)
    com.unity.test-framework@1.6.0 (location: E:\unity\NOPE\Library\PackageCache\com.unity.test-framework@996f223345ba)
    com.unity.ugui@2.0.0 (location: E:\unity\NOPE\Library\PackageCache\com.unity.ugui@bf94f8b81813)
    com.unity.modules.accessibility@1.0.0 (location: E:\unity\NOPE\Library\PackageCache\com.unity.modules.accessibility)
    com.unity.modules.adaptiveperformance@1.0.0 (location: E:\unity\NOPE\Library\PackageCache\com.unity.modules.adaptiveperformance)
    com.unity.modules.ai@1.0.0 (location: E:\unity\NOPE\Library\PackageCache\com.unity.modules.ai)
    com.unity.modules.androidjni@1.0.0 (location: E:\unity\NOPE\Library\PackageCache\com.unity.modules.androidjni)
    com.unity.modules.animation@1.0.0 (location: E:\unity\NOPE\Library\PackageCache\com.unity.modules.animation)
    com.unity.modules.assetbundle@1.0.0 (location: E:\unity\NOPE\Library\PackageCache\com.unity.modules.assetbundle)
    com.unity.modules.audio@1.0.0 (location: E:\unity\NOPE\Library\PackageCache\com.unity.modules.audio)
    com.unity.modules.cloth@1.0.0 (location: E:\unity\NOPE\Library\PackageCache\com.unity.modules.cloth)
    com.unity.modules.director@1.0.0 (location: E:\unity\NOPE\Library\PackageCache\com.unity.modules.director)
    com.unity.modules.imageconversion@1.0.0 (location: E:\unity\NOPE\Library\PackageCache\com.unity.modules.imageconversion)
    com.unity.modules.imgui@1.0.0 (location: E:\unity\NOPE\Library\PackageCache\com.unity.modules.imgui)
    com.unity.modules.jsonserialize@1.0.0 (location: E:\unity\NOPE\Library\PackageCache\com.unity.modules.jsonserialize)
    com.unity.modules.particlesystem@1.0.0 (location: E:\unity\NOPE\Library\PackageCache\com.unity.modules.particlesystem)
    com.unity.modules.physics@1.0.0 (location: E:\unity\NOPE\Library\PackageCache\com.unity.modules.physics)
    com.unity.modules.physics2d@1.0.0 (location: E:\unity\NOPE\Library\PackageCache\com.unity.modules.physics2d)
    com.unity.modules.screencapture@1.0.0 (location: E:\unity\NOPE\Library\PackageCache\com.unity.modules.screencapture)
    com.unity.modules.terrain@1.0.0 (location: E:\unity\NOPE\Library\PackageCache\com.unity.modules.terrain)
    com.unity.modules.terrainphysics@1.0.0 (location: E:\unity\NOPE\Library\PackageCache\com.unity.modules.terrainphysics)
    com.unity.modules.tilemap@1.0.0 (location: E:\unity\NOPE\Library\PackageCache\com.unity.modules.tilemap)
    com.unity.modules.ui@1.0.0 (location: E:\unity\NOPE\Library\PackageCache\com.unity.modules.ui)
    com.unity.modules.uielements@1.0.0 (location: E:\unity\NOPE\Library\PackageCache\com.unity.modules.uielements)
    com.unity.modules.umbra@1.0.0 (location: E:\unity\NOPE\Library\PackageCache\com.unity.modules.umbra)
    com.unity.modules.unityanalytics@1.0.0 (location: E:\unity\NOPE\Library\PackageCache\com.unity.modules.unityanalytics)
    com.unity.modules.unitywebrequest@1.0.0 (location: E:\unity\NOPE\Library\PackageCache\com.unity.modules.unitywebrequest)
    com.unity.modules.unitywebrequestassetbundle@1.0.0 (location: E:\unity\NOPE\Library\PackageCache\com.unity.modules.unitywebrequestassetbundle)
    com.unity.modules.unitywebrequestaudio@1.0.0 (location: E:\unity\NOPE\Library\PackageCache\com.unity.modules.unitywebrequestaudio)
    com.unity.modules.unitywebrequesttexture@1.0.0 (location: E:\unity\NOPE\Library\PackageCache\com.unity.modules.unitywebrequesttexture)
    com.unity.modules.unitywebrequestwww@1.0.0 (location: E:\unity\NOPE\Library\PackageCache\com.unity.modules.unitywebrequestwww)
    com.unity.modules.vectorgraphics@1.0.0 (location: E:\unity\NOPE\Library\PackageCache\com.unity.modules.vectorgraphics)
    com.unity.modules.vehicles@1.0.0 (location: E:\unity\NOPE\Library\PackageCache\com.unity.modules.vehicles)
    com.unity.modules.video@1.0.0 (location: E:\unity\NOPE\Library\PackageCache\com.unity.modules.video)
    com.unity.modules.vr@1.0.0 (location: E:\unity\NOPE\Library\PackageCache\com.unity.modules.vr)
    com.unity.modules.wind@1.0.0 (location: E:\unity\NOPE\Library\PackageCache\com.unity.modules.wind)
    com.unity.modules.xr@1.0.0 (location: E:\unity\NOPE\Library\PackageCache\com.unity.modules.xr)
    com.unity.modules.subsystems@1.0.0 (location: E:\unity\NOPE\Library\PackageCache\com.unity.modules.subsystems)
    com.unity.modules.hierarchycore@1.0.0 (location: E:\unity\NOPE\Library\PackageCache\com.unity.modules.hierarchycore)
    com.unity.ext.nunit@2.0.5 (location: E:\unity\NOPE\Library\PackageCache\com.unity.ext.nunit@d8c07649098d)
    com.unity.render-pipelines.core@17.4.0 (location: E:\unity\NOPE\Library\PackageCache\com.unity.render-pipelines.core@2e28fe32b230)
    com.unity.shadergraph@17.4.0 (location: E:\unity\NOPE\Library\PackageCache\com.unity.shadergraph@a2f5226fbfe7)
    com.unity.render-pipelines.universal-config@17.4.0 (location: E:\unity\NOPE\Library\PackageCache\com.unity.render-pipelines.universal-config@0db4263b9e6b)
    com.unity.collections@6.4.0 (location: E:\unity\NOPE\Library\PackageCache\com.unity.collections@5b6ebd78ccc0)
  Git packages:
    com.besty.unity-skills@https://github.com/Besty0728/Unity-Skills.git?path=/SkillsForUnity (location: E:\unity\NOPE\Library\PackageCache\com.besty.unity-skills@5d468b93cfd4)
[Subsystems] No new subsystems found in resolved package list.
[Package Manager] Done registering packages in 0.02 seconds
Assembly reference Packages/com.unity.cinemachine/Editor/Samples/ExposeHDRPInternals/HDRP-Editor-ref.asmref has no target assembly definition
Assembly reference Packages/com.unity.cinemachine/Editor/Samples/ExposeHDRPInternals/HDRP-Editor-ref.asmref has no target assembly definition
[ScriptCompilation] Requested script compilation because: AssetDatabase observed changes in script compilation related files
Refreshing native plugins compatible for Editor in 10.69 ms, found 6 plugins.
Starting: C:\Program Files\Unity\Hub\Editor\6000.4.11f1\Editor\Data\Tools\BuildPipeline\bee_backend.exe --ipc --defer-dag-verification --dagfile="Library/Bee/1900b0aE.dag" --continue-on-failure --profile="Library/Bee/backend1.traceevents" ScriptAssemblies
WorkingDir: E:/unity/NOPE
DisplayProgressbar: Compiling Scripts
Starting: C:\Program Files\Unity\Hub\Editor\6000.4.11f1\Editor\Data\netcorerun\netcorerun.exe "C:\Program Files\Unity\Hub\Editor\6000.4.11f1\Editor\Data\Tools\BuildPipeline\ScriptCompilationBuildProgram.exe" "Library/Bee/1900b0aE.dag.json" "Library/Bee/1900b0aE-inputdata.json" "Library\Bee\buildprogram0.traceevents"
WorkingDir: E:/unity/NOPE
ExitCode: 4 Duration: 0s605ms
Rebuilding DAG because FileSignature timestamp changed: Library/Bee/1900b0aE-inputdata.json
*** Tundra requires additional run (0.53 seconds), 0 items updated, 917 evaluated
ExitCode: 0 Duration: 2s900ms
Starting: C:\Program Files\Unity\Hub\Editor\6000.4.11f1\Editor\Data\Tools\BuildPipeline\bee_backend.exe --ipc --defer-dag-verification --dagfile="Library/Bee/1900b0aE.dag" --continue-on-failure --dagfilejson="Library\Bee\1900b0aE.dag.json" --profile="Library/Bee/backend2.traceevents" ScriptAssemblies
WorkingDir: E:/unity/NOPE
ExitCode: 0 Duration: 6s151ms
Finished compiling graph: 1817 nodes, 38870 flattened edges (31178 ToBuild, 306 ToUse), maximum node priority 2119
[ 917/1813  0s] WriteText Library/Bee/artifacts/1900b0aE.dag/Assembly-CSharp-Editor.rsp
[1314/1813  0s] ILPP-Configuration Library/ilpp-configuration.nevergeneratedoutput
[1809/1813  2s] Csc Library/Bee/artifacts/1900b0aE.dag/Assembly-CSharp-Editor.dll (+2 others)
Assets\Editor\HomeSceneBuilder.cs(24,25): warning CS0618: 'Object.FindFirstObjectByType<T>()' is obsolete: 'FindFirstObjectByType has been deprecated because it relies on instance ID ordering. Use FindAnyObjectByType instead, which does not depend on ordering.'

Assets\Editor\TitleSceneBuilder.cs(24,25): warning CS0618: 'Object.FindFirstObjectByType<T>()' is obsolete: 'FindFirstObjectByType has been deprecated because it relies on instance ID ordering. Use FindAnyObjectByType instead, which does not depend on ordering.'

Assets\Editor\OfficeSceneUIBuilder.cs(55,39): warning CS0618: 'Object.FindFirstObjectByType<T>()' is obsolete: 'FindFirstObjectByType has been deprecated because it relies on instance ID ordering. Use FindAnyObjectByType instead, which does not depend on ordering.'

Assets\Editor\HomeSceneBuilder.cs(42,13): warning CS0618: 'Object.FindFirstObjectByType<T>()' is obsolete: 'FindFirstObjectByType has been deprecated because it relies on instance ID ordering. Use FindAnyObjectByType instead, which does not depend on ordering.'

Assets\Editor\TitleSceneBuilder.cs(42,13): warning CS0618: 'Object.FindFirstObjectByType<T>()' is obsolete: 'FindFirstObjectByType has been deprecated because it relies on instance ID ordering. Use FindAnyObjectByType instead, which does not depend on ordering.'

Assets\Editor\OfficeSceneUIBuilder.cs(102,39): warning CS0618: 'Object.FindFirstObjectByType<T>()' is obsolete: 'FindFirstObjectByType has been deprecated because it relies on instance ID ordering. Use FindAnyObjectByType instead, which does not depend on ordering.'

Assets\Editor\TitleSceneBuilder.cs(49,48): warning CS0618: 'Object.FindFirstObjectByType<T>()' is obsolete: 'FindFirstObjectByType has been deprecated because it relies on instance ID ordering. Use FindAnyObjectByType instead, which does not depend on ordering.'

Assets\Editor\OfficeSceneUIBuilder.cs(234,40): warning CS0618: 'Object.FindFirstObjectByType<T>()' is obsolete: 'FindFirstObjectByType has been deprecated because it relies on instance ID ordering. Use FindAnyObjectByType instead, which does not depend on ordering.'

Assets\Editor\TitleSceneBuilder.cs(58,37): warning CS0618: 'Object.FindFirstObjectByType<T>()' is obsolete: 'FindFirstObjectByType has been deprecated because it relies on instance ID ordering. Use FindAnyObjectByType instead, which does not depend on ordering.'

Assets\Editor\HomeSceneBuilder.cs(49,35): warning CS0618: 'Object.FindFirstObjectByType<T>()' is obsolete: 'FindFirstObjectByType has been deprecated because it relies on instance ID ordering. Use FindAnyObjectByType instead, which does not depend on ordering.'

Assets\Editor\OfficeSceneUIBuilder.cs(238,35): warning CS0618: 'Object.FindFirstObjectByType<T>()' is obsolete: 'FindFirstObjectByType has been deprecated because it relies on instance ID ordering. Use FindAnyObjectByType instead, which does not depend on ordering.'

Assets\Editor\HomeSceneBuilder.cs(58,35): warning CS0618: 'Object.FindFirstObjectByType<T>()' is obsolete: 'FindFirstObjectByType has been deprecated because it relies on instance ID ordering. Use FindAnyObjectByType instead, which does not depend on ordering.'

Assets\Editor\OfficeSceneUIBuilder.cs(442,63): warning CS0618: 'FindObjectsSortMode' is obsolete: 'FindObjectsSortMode has been deprecated. Use the FindObjectsByType overloads that do not take a FindObjectsSortMode parameter.'

Assets\Editor\OfficeSceneUIBuilder.cs(442,30): warning CS0618: 'Object.FindObjectsByType<T>(FindObjectsSortMode)' is obsolete: 'FindObjectsByType with FindObjectsSortMode parameter has been deprecated. Use FindObjectsByType<T>() or FindObjectsByType<T>(FindObjectsInactive) instead. InstanceID will be replaced in the future with EntityId and previous sort order cannot be maintained.'

Assets\Editor\OfficeSceneUIBuilder.cs(466,13): warning CS0618: 'Object.FindFirstObjectByType<T>()' is obsolete: 'FindFirstObjectByType has been deprecated because it relies on instance ID ordering. Use FindAnyObjectByType instead, which does not depend on ordering.'
[1810/1813  1s] ILPostProcess Library/Bee/artifacts/1900b0aE.dag/post-processed/Assembly-CSharp-Editor.dll (+pdb)
Processing assembly Library/Bee/artifacts/1900b0aE.dag/Assembly-CSharp-Editor.dll, with 140 defines and 393 references

processors: Unity.Jobs.CodeGen.JobsILPostProcessor, zzzUnity.Burst.CodeGen.BurstILPostProcessor

running Unity.Jobs.CodeGen.JobsILPostProcessor

running zzzUnity.Burst.CodeGen.BurstILPostProcessor
[1811/1813  0s] CopyFiles Library/ScriptAssemblies/Assembly-CSharp-Editor.pdb
[1812/1813  0s] CopyFiles Library/ScriptAssemblies/Assembly-CSharp-Editor.dll
*** Tundra build success (6.12 seconds), 6 items updated, 1813 evaluated
Assets\Editor\HomeSceneBuilder.cs(24,25): warning CS0618: 'Object.FindFirstObjectByType<T>()' is obsolete: 'FindFirstObjectByType has been deprecated because it relies on instance ID ordering. Use FindAnyObjectByType instead, which does not depend on ordering.'
Assets\Editor\TitleSceneBuilder.cs(24,25): warning CS0618: 'Object.FindFirstObjectByType<T>()' is obsolete: 'FindFirstObjectByType has been deprecated because it relies on instance ID ordering. Use FindAnyObjectByType instead, which does not depend on ordering.'
Assets\Editor\OfficeSceneUIBuilder.cs(55,39): warning CS0618: 'Object.FindFirstObjectByType<T>()' is obsolete: 'FindFirstObjectByType has been deprecated because it relies on instance ID ordering. Use FindAnyObjectByType instead, which does not depend on ordering.'
Assets\Editor\HomeSceneBuilder.cs(42,13): warning CS0618: 'Object.FindFirstObjectByType<T>()' is obsolete: 'FindFirstObjectByType has been deprecated because it relies on instance ID ordering. Use FindAnyObjectByType instead, which does not depend on ordering.'
Assets\Editor\TitleSceneBuilder.cs(42,13): warning CS0618: 'Object.FindFirstObjectByType<T>()' is obsolete: 'FindFirstObjectByType has been deprecated because it relies on instance ID ordering. Use FindAnyObjectByType instead, which does not depend on ordering.'
Assets\Editor\OfficeSceneUIBuilder.cs(102,39): warning CS0618: 'Object.FindFirstObjectByType<T>()' is obsolete: 'FindFirstObjectByType has been deprecated because it relies on instance ID ordering. Use FindAnyObjectByType instead, which does not depend on ordering.'
Assets\Editor\TitleSceneBuilder.cs(49,48): warning CS0618: 'Object.FindFirstObjectByType<T>()' is obsolete: 'FindFirstObjectByType has been deprecated because it relies on instance ID ordering. Use FindAnyObjectByType instead, which does not depend on ordering.'
Assets\Editor\OfficeSceneUIBuilder.cs(234,40): warning CS0618: 'Object.FindFirstObjectByType<T>()' is obsolete: 'FindFirstObjectByType has been deprecated because it relies on instance ID ordering. Use FindAnyObjectByType instead, which does not depend on ordering.'
Assets\Editor\TitleSceneBuilder.cs(58,37): warning CS0618: 'Object.FindFirstObjectByType<T>()' is obsolete: 'FindFirstObjectByType has been deprecated because it relies on instance ID ordering. Use FindAnyObjectByType instead, which does not depend on ordering.'
Assets\Editor\HomeSceneBuilder.cs(49,35): warning CS0618: 'Object.FindFirstObjectByType<T>()' is obsolete: 'FindFirstObjectByType has been deprecated because it relies on instance ID ordering. Use FindAnyObjectByType instead, which does not depend on ordering.'
Assets\Editor\OfficeSceneUIBuilder.cs(238,35): warning CS0618: 'Object.FindFirstObjectByType<T>()' is obsolete: 'FindFirstObjectByType has been deprecated because it relies on instance ID ordering. Use FindAnyObjectByType instead, which does not depend on ordering.'
Assets\Editor\HomeSceneBuilder.cs(58,35): warning CS0618: 'Object.FindFirstObjectByType<T>()' is obsolete: 'FindFirstObjectByType has been deprecated because it relies on instance ID ordering. Use FindAnyObjectByType instead, which does not depend on ordering.'
Assets\Editor\OfficeSceneUIBuilder.cs(442,63): warning CS0618: 'FindObjectsSortMode' is obsolete: 'FindObjectsSortMode has been deprecated. Use the FindObjectsByType overloads that do not take a FindObjectsSortMode parameter.'
Assets\Editor\OfficeSceneUIBuilder.cs(442,30): warning CS0618: 'Object.FindObjectsByType<T>(FindObjectsSortMode)' is obsolete: 'FindObjectsByType with FindObjectsSortMode parameter has been deprecated. Use FindObjectsByType<T>() or FindObjectsByType<T>(FindObjectsInactive) instead. InstanceID will be replaced in the future with EntityId and previous sort order cannot be maintained.'
Assets\Editor\OfficeSceneUIBuilder.cs(466,13): warning CS0618: 'Object.FindFirstObjectByType<T>()' is obsolete: 'FindFirstObjectByType has been deprecated because it relies on instance ID ordering. Use FindAnyObjectByType instead, which does not depend on ordering.'
AssetDatabase: script compilation time: 10.539080s
Begin MonoManager ReloadAssembly
Assembly Assembly-CSharp-Editor-firstpass.dll at Library/ScriptAssemblies/Assembly-CSharp-Editor-firstpass.dll not valid. Loading of assembly skipped.
Assembly Assembly-CSharp-firstpass.dll at Library/ScriptAssemblies/Assembly-CSharp-firstpass.dll not valid. Loading of assembly skipped.
Assembly DocCodeExamples.dll at Library/ScriptAssemblies/DocCodeExamples.dll not valid. Loading of assembly skipped.
Assembly TestNewCustomAssembly.dll at Library/ScriptAssemblies/TestNewCustomAssembly.dll not valid. Loading of assembly skipped.
Assembly Unity.2D.Animation.EditorTests.dll at Library/ScriptAssemblies/Unity.2D.Animation.EditorTests.dll not valid. Loading of assembly skipped.
Assembly Unity.2D.Aseprite.EditorTests.dll at Library/ScriptAssemblies/Unity.2D.Aseprite.EditorTests.dll not valid. Loading of assembly skipped.
Assembly Unity.2D.Common.EditorTests.dll at Library/ScriptAssemblies/Unity.2D.Common.EditorTests.dll not valid. Loading of assembly skipped.
Assembly Unity.2D.Psdimporter.EditorTests.dll at Library/ScriptAssemblies/Unity.2D.Psdimporter.EditorTests.dll not valid. Loading of assembly skipped.
Assembly Unity.2D.Sprite.Package.EditorTests.dll at Library/ScriptAssemblies/Unity.2D.Sprite.Package.EditorTests.dll not valid. Loading of assembly skipped.
Assembly Unity.2D.SpriteShape.EditorTests.dll at Library/ScriptAssemblies/Unity.2D.SpriteShape.EditorTests.dll not valid. Loading of assembly skipped.
Assembly Unity.2D.Tilemap.Package.EditorTests.dll at Library/ScriptAssemblies/Unity.2D.Tilemap.Package.EditorTests.dll not valid. Loading of assembly skipped.
Assembly Unity.AI.Assistant.Integrations.Sample.Editor.dll at Library/ScriptAssemblies/Unity.AI.Assistant.Integrations.Sample.Editor.dll not valid. Loading of assembly skipped.
Assembly Unity.AppUI.Editor.Tests.dll at Library/ScriptAssemblies/Unity.AppUI.Editor.Tests.dll not valid. Loading of assembly skipped.
Assembly Unity.AppUI.Tests.dll at Library/ScriptAssemblies/Unity.AppUI.Tests.dll not valid. Loading of assembly skipped.
Assembly Unity.Collections.BurstCompatibilityGen.dll at Library/ScriptAssemblies/Unity.Collections.BurstCompatibilityGen.dll not valid. Loading of assembly skipped.
Assembly Unity.Collections.DocCodeSamples.dll at Library/ScriptAssemblies/Unity.Collections.DocCodeSamples.dll not valid. Loading of assembly skipped.
Assembly Unity.Collections.PerformanceTests.dll at Library/ScriptAssemblies/Unity.Collections.PerformanceTests.dll not valid. Loading of assembly skipped.
Assembly Unity.Collections.Tests.dll at Library/ScriptAssemblies/Unity.Collections.Tests.dll not valid. Loading of assembly skipped.
Assembly Unity.Collections.Tests.Playmode.dll at Library/ScriptAssemblies/Unity.Collections.Tests.Playmode.dll not valid. Loading of assembly skipped.
Assembly Unity.InputSystem.IntegrationTests.dll at Library/ScriptAssemblies/Unity.InputSystem.IntegrationTests.dll not valid. Loading of assembly skipped.
Assembly Unity.Mathematics.Tests.dll at Library/ScriptAssemblies/Unity.Mathematics.Tests.dll not valid. Loading of assembly skipped.
Assembly Unity.Multiplayer.Center.Editor.Tests.dll at Library/ScriptAssemblies/Unity.Multiplayer.Center.Editor.Tests.dll not valid. Loading of assembly skipped.
Assembly Unity.Multiplayer.Center.Tests.dll at Library/ScriptAssemblies/Unity.Multiplayer.Center.Tests.dll not valid. Loading of assembly skipped.
Assembly Unity.Nuget.Mono-Cecil.dll at Library/ScriptAssemblies/Unity.Nuget.Mono-Cecil.dll not valid. Loading of assembly skipped.
Assembly Unity.PathTracing.Editor.Tests.dll at Library/ScriptAssemblies/Unity.PathTracing.Editor.Tests.dll not valid. Loading of assembly skipped.
Assembly Unity.PathTracing.Runtime.Tests.dll at Library/ScriptAssemblies/Unity.PathTracing.Runtime.Tests.dll not valid. Loading of assembly skipped.
Assembly Unity.RenderPipelines.Core.Editor.Tests.dll at Library/ScriptAssemblies/Unity.RenderPipelines.Core.Editor.Tests.dll not valid. Loading of assembly skipped.
Assembly Unity.RenderPipelines.Core.Runtime.Tests.dll at Library/ScriptAssemblies/Unity.RenderPipelines.Core.Runtime.Tests.dll not valid. Loading of assembly skipped.
Assembly Unity.RenderPipelines.Universal.Config.Editor.Tests.dll at Library/ScriptAssemblies/Unity.RenderPipelines.Universal.Config.Editor.Tests.dll not valid. Loading of assembly skipped.
Assembly Unity.RenderPipelines.Universal.Editor.Tests.dll at Library/ScriptAssemblies/Unity.RenderPipelines.Universal.Editor.Tests.dll not valid. Loading of assembly skipped.
Assembly Unity.RenderPipelines.Universal.Runtime.Tests.dll at Library/ScriptAssemblies/Unity.RenderPipelines.Universal.Runtime.Tests.dll not valid. Loading of assembly skipped.
Assembly Unity.Searcher.EditorTests.dll at Library/ScriptAssemblies/Unity.Searcher.EditorTests.dll not valid. Loading of assembly skipped.
Assembly Unity.Settings.Tests.dll at Library/ScriptAssemblies/Unity.Settings.Tests.dll not valid. Loading of assembly skipped.
Assembly Unity.ShaderGraph.Editor.Tests.dll at Library/ScriptAssemblies/Unity.ShaderGraph.Editor.Tests.dll not valid. Loading of assembly skipped.
Assembly Unity.TextMeshPro.Editor.Tests.dll at Library/ScriptAssemblies/Unity.TextMeshPro.Editor.Tests.dll not valid. Loading of assembly skipped.
Assembly Unity.TextMeshPro.Tests.dll at Library/ScriptAssemblies/Unity.TextMeshPro.Tests.dll not valid. Loading of assembly skipped.
Assembly Unity.UnifiedRayTracing.Editor.Tests.dll at Library/ScriptAssemblies/Unity.UnifiedRayTracing.Editor.Tests.dll not valid. Loading of assembly skipped.
Assembly UnityEditor.UI.Common.Tests.dll at Library/ScriptAssemblies/UnityEditor.UI.Common.Tests.dll not valid. Loading of assembly skipped.
Assembly UnityEditor.UI.EditorTests.dll at Library/ScriptAssemblies/UnityEditor.UI.EditorTests.dll not valid. Loading of assembly skipped.
Assembly UnityEngine.UI.Tests.dll at Library/ScriptAssemblies/UnityEngine.UI.Tests.dll not valid. Loading of assembly skipped.
'Packages/com.unity.cinemachine/Editor/Editors/CinemachineVirtualCameraBaseEditor.cs' contains partial class of Unity.Object, exactly 1 of the partial classes needs to be in a file with the same filename. This is to know the one that can be referenced from ie. GameObjects
'Packages/com.unity.cinemachine/Editor/Obsolete/CinemachineVirtualCameraBaseEditor.cs' contains partial class of Unity.Object, exactly 1 of the partial classes needs to be in a file with the same filename. This is to know the one that can be referenced from ie. GameObjects
Start importing Assets/Art/Home using Guid(80a68740342b1c8469982c5d7001a1b9) (DefaultImporter) -> (Import Result ID: '2f1b3aa43278ff14d308f7aa69915420') in 0.019762 seconds [static dependencies only]. Details - ImportResultOutputID=208ec9eec32c81ee3b4c301b3102c762 DependenciesID=508c956d1a7bb254df4dbe3ade0a0931 StaticDependenciesID=879feff40074b75c5502bd78d5fb1499 
Start importing Assets/Art/Title using Guid(c95302b913609324dab0ff611e59b4ff) (DefaultImporter) -> (Import Result ID: '61be3b488c5a5ca30248227ff59f750d') in 0.0047904 seconds [static dependencies only]. Details - ImportResultOutputID=69d16603a6c264eccb9204d979a61df8 DependenciesID=0b6cfcc32f44794c3dd24519f883d4aa StaticDependenciesID=a646a315b5f1d17c01cb5478e1b4a15c 
Start importing Assets/Art/UI using Guid(4d0e21555a8821c4d95cce732d535380) (DefaultImporter) -> (Import Result ID: '5ba5d27eb69a0eefad40accb2b4d4615') in 0.0012933 seconds [static dependencies only]. Details - ImportResultOutputID=f44d0c0313eb5f79f5f3e478aa3c0f89 DependenciesID=1815de952d9da488abea887c19147601 StaticDependenciesID=92fc0adddd79bdb05569919c19e69d25 
Start importing Assets/Art/UI/Documents using Guid(322103efac2f7c740b7eb177d6356098) (DefaultImporter) -> (Import Result ID: '9b8f8471f35d46f9a327039893f9d411') in 0.0010699 seconds [static dependencies only]. Details - ImportResultOutputID=65e2533063e471d93a02cee4623d63af DependenciesID=c9010bd11486299df381daf0c47ec973 StaticDependenciesID=3d5851059ca73c177727d0b65f266c75 
Start importing Assets/Art/UI/DayFlow using Guid(081c80196321c2f4f8458ebf316b8c33) (DefaultImporter) -> (Import Result ID: '26e6fff1007a5a786c997f3cd9ff54ea') in 0.0009599 seconds [static dependencies only]. Details - ImportResultOutputID=33f1076c3f5f3002a1009cdca798763a DependenciesID=0efd3dd46f7d8821a2f14847fb7b4264 StaticDependenciesID=b9abbd1e6d88454d0ad1e6ed0b43cb56 
Start importing Assets/Art/UI/Investigation using Guid(5a0a56c437034e1419ea1672b1f732e6) (DefaultImporter) -> (Import Result ID: 'b16fc2e402252b5b5e557dda35759a1b') in 0.0010724 seconds [static dependencies only]. Details - ImportResultOutputID=5e6023753ecc50093d32e6d0c272e5de DependenciesID=fb96ef085d798d7b0dbd3928b3b5208a StaticDependenciesID=d3482aec074a23749a30c5544e118ed8 
Start importing Assets/Art/UI/Icons using Guid(6b780f8e267b7e34ba12817de1ce0f6e) (DefaultImporter) -> (Import Result ID: '8e704ee1dd4d4c46997b1b5d371533b2') in 0.0009798 seconds [static dependencies only]. Details - ImportResultOutputID=69d39d54407d08158b7bf5a6e5991dc5 DependenciesID=bd77bad0c1d017d6d9ad304288dde445 StaticDependenciesID=6883c115dc04bf009eed2670327f185e 
Start importing Assets/Art/Office/Booth using Guid(bb3942ae8d1b7534f9b2c2773d3c324a) (DefaultImporter) -> (Import Result ID: 'f140c8d5541202b624280fa745dd72bb') in 0.000974 seconds [static dependencies only]. Details - ImportResultOutputID=ad319a154c62e258e84c1d6ee5c4a714 DependenciesID=06daaac22942f538286b08d31a6fdaa0 StaticDependenciesID=28bf3a21bd8d178fe4135371312ae168 
Start importing Assets/Art/UI/Desktop using Guid(be7025e2bd35c1242a57499b464bf82a) (DefaultImporter) -> (Import Result ID: '7b14bee08708da40138665062db4ccc2') in 0.0011019 seconds [static dependencies only]. Details - ImportResultOutputID=61264a93c60dd38b54ee5506f2197729 DependenciesID=1d6232b62d1d761fe1a72aa690558e5f StaticDependenciesID=6bc2efc35668a03aa86557a335015e22 
Start importing Assets/Art/UI/Documents/Iraq using Guid(936720bb150e82a42838931b9bc3a95a) (DefaultImporter) -> (Import Result ID: '54ace6c7cb6355e5407ea2bec4b7d54d') in 0.0010175 seconds [static dependencies only]. Details - ImportResultOutputID=d7c194a12b9c3eb0d8d4759ecc7dac81 DependenciesID=2849e99fc4004520080285b3dd41d97b StaticDependenciesID=a849101f9152b31305aaf3b290a3141b 
Start importing Assets/Art/UI/Documents/Britain using Guid(d314f8820918979489b57a020cf23227) (DefaultImporter) -> (Import Result ID: '4ed4573a357be8636f6c0becfaaecf2b') in 0.001049 seconds [static dependencies only]. Details - ImportResultOutputID=632e4913abd347bd4b8a3d85c22ae823 DependenciesID=bf29adffb5dba575244e197e69bcc172 StaticDependenciesID=098394d57cfea59a2576e3956a8e7ef3 
Start importing Assets/Art/UI/Documents/Greece using Guid(64420429dec1c9f49a0f0ea46ba59a3f) (DefaultImporter) -> (Import Result ID: 'eca10898e4ea76d0d75f74abb4fc7e53') in 0.0009796 seconds [static dependencies only]. Details - ImportResultOutputID=ce0a873f8546407c1ca56fefa3534632 DependenciesID=a76f0766c78ddd1d705b4139016c83d7 StaticDependenciesID=df1759c032e2d3e1d34400b33905432f 
Start importing Assets/Art/UI/Documents/China using Guid(e68b833f6520bfc4d837c7938d2ba0b7) (DefaultImporter) -> (Import Result ID: 'e33f0c4f8b8e0d2a597b91221d2a4d58') in 0.0009186 seconds [static dependencies only]. Details - ImportResultOutputID=171ea2c19c57a0cc131a1a1da44081e6 DependenciesID=ae946cf88a68d4f482bc01d341d7dc66 StaticDependenciesID=d96f044fcbe62c2a78746219e7d353e1 
Start importing Assets/Art/Office/Placeholder/Posters using Guid(98bf359188f2cca42990971958d013c0) (DefaultImporter) -> (Import Result ID: 'ba7e8070584a5abefc6e3a916f804d10') in 0.0009297 seconds [static dependencies only]. Details - ImportResultOutputID=4307da06d7011978fe55826dd8466410 DependenciesID=b5bf9780b54ee165cfe5f58a3c12c69f StaticDependenciesID=f9143fed61c0d74c6c046fbdfafa7cbc 
Start importing Assets/Art/UI/Documents/Germany using Guid(3a1e90a2a00dfcc44a628bfc12fbb207) (DefaultImporter) -> (Import Result ID: '1eb73236f8cf1215c66ce29a0737cce7') in 0.0010085 seconds [static dependencies only]. Details - ImportResultOutputID=9c1e01a8162e37aa5af3b638199a0c7d DependenciesID=9989813213ef872ce095390e1143275f StaticDependenciesID=88f6e0045a9b1438049ce6a3f4e7fb1e 
Start importing Assets/Art/UI/Documents/Italy using Guid(7dbfb4cd7151a4c428290ddd361a0eb8) (DefaultImporter) -> (Import Result ID: 'a82dde02cefb8555b67b6b5ea18ab500') in 0.0009416 seconds [static dependencies only]. Details - ImportResultOutputID=64bb85539bbaef5c8c0e5570217cb608 DependenciesID=e3b15c5e25a708a96047f6b501d2364a StaticDependenciesID=7afb62b37ffaf798c730c27b3f8d6987 
Start importing Assets/Art/UI/Documents/Japan using Guid(2f4c6e740e1ff1645922a2af20b7609b) (DefaultImporter) -> (Import Result ID: '0bf471764d38c8aedfa1c1a5c64dd84a') in 0.000941 seconds [static dependencies only]. Details - ImportResultOutputID=eefe1140f9298d9a66320cb9ae85af1c DependenciesID=8223f32bf7271fad58d04385a17c46c2 StaticDependenciesID=e6e050733d4215644675c09d43e104c5 
Start importing Assets/Art/UI/Documents/Egypt using Guid(6fb8f9e8cac80b64186ca75b2997b901) (DefaultImporter) -> (Import Result ID: 'e00cd4384c9869aaa20b40eb8bc2ec27') in 0.0010699 seconds [static dependencies only]. Details - ImportResultOutputID=a418a6a714acf127abf64837d45b3a23 DependenciesID=152f824378c217fa91e9aea338ccefe0 StaticDependenciesID=d5f4222928964630c37938d8b8d0793a 
Start importing Assets/Art/UI/Documents/Iraq/Future using Guid(207a9ce59d1cf2440ab94e018642198b) (DefaultImporter) -> (Import Result ID: 'b7c4389b9cf1bc113702db1903b8b787') in 0.0009922 seconds [static dependencies only]. Details - ImportResultOutputID=16fa78acf80c766d11a743e5de22c72b DependenciesID=b7fefd73bdc58b1241b07e81d81b30a4 StaticDependenciesID=e10a3c5c499f6165e58ae1c8cfefae36 
Start importing Assets/Art/UI/Documents/Italy/Future using Guid(f1f9af81962a0ef4dbc082116ea4bfb8) (DefaultImporter) -> (Import Result ID: '7dc617501fee5bf17b415c3ef91889df') in 0.0009413 seconds [static dependencies only]. Details - ImportResultOutputID=80716265416e73c0622e28eab01bdc86 DependenciesID=8d8e0bfa063d1269d20a498960dec0aa StaticDependenciesID=18f396f29d8631551f2c7d6493faf8ce 
Start importing Assets/Art/UI/Documents/China/Old using Guid(53337b4ee39da94448eb26a1ea29b18c) (DefaultImporter) -> (Import Result ID: 'eab69b271515ad0fb4ffec0f65c8f020') in 0.0009416 seconds [static dependencies only]. Details - ImportResultOutputID=e8f71d1b9167d59ac9906a86c8891230 DependenciesID=993c4f8546eba08175283b88a3995deb StaticDependenciesID=3fb168a2893a90aa0bad0da655b55cee 
Start importing Assets/Art/UI/Documents/Japan/Old using Guid(832edb48119cfd245af34b89505c4d5c) (DefaultImporter) -> (Import Result ID: 'c5262c704f568e8516b964fef4c7b463') in 0.0009323 seconds [static dependencies only]. Details - ImportResultOutputID=7a7c600b45bfa19698564b235f7018e4 DependenciesID=4ccc3673c13bb7c03278db5029f08a4b StaticDependenciesID=4dfcda8ccac3c26432ac92953936fcf8 
Start importing Assets/Art/UI/Documents/Egypt/Future using Guid(a332911f79f6ed148a0c580fab286538) (DefaultImporter) -> (Import Result ID: '6d91b0d068fe1410b4f5a21335fc1405') in 0.0009007 seconds [static dependencies only]. Details - ImportResultOutputID=390d35c182b8b18fd8618ca039719202 DependenciesID=acaf6f266e71448f55fc3919ec3cf894 StaticDependenciesID=0ced64001fe4d10dd19107bfa5296d29 
Start importing Assets/Art/UI/Documents/Egypt/Old using Guid(449b6b132eda32749914a7f76f6348a5) (DefaultImporter) -> (Import Result ID: '81b6afb719e75b420d37596e6eee369d') in 0.0009086 seconds [static dependencies only]. Details - ImportResultOutputID=5f62b47d81d6f225fe39f0075a0808f7 DependenciesID=c95920e5f82b6bd37ed1a74edf8f6364 StaticDependenciesID=24dbcc0e6a5de3fcd9dfffdc1331eb74 
Start importing Assets/Art/UI/Documents/Italy/Modern using Guid(15be9792a24066541a78879689cf2e7d) (DefaultImporter) -> (Import Result ID: '3e9cac89a80bdf46444bd0e00f4baac4') in 0.0008865 seconds [static dependencies only]. Details - ImportResultOutputID=917baefe62f17134ae84221919adae34 DependenciesID=8c404a58e81a506f2cd869a7ca98f14b StaticDependenciesID=28869609f22fea2ea3d37adf6a684196 
Start importing Assets/Art/UI/Documents/China/Ancient using Guid(3564bed9dd3c0ad45a6f35c175508284) (DefaultImporter) -> (Import Result ID: 'a9ba734cd33ea35d3f53e1ea913bbc80') in 0.0009501 seconds [static dependencies only]. Details - ImportResultOutputID=b99105468fbe7afbfe0a50a22c31a28f DependenciesID=2e1e92c10fe4e0a408cbb861eceafecc StaticDependenciesID=c5e87ca54d7182a471a5b387cd9d3e7c 
Start importing Assets/Art/UI/Documents/China/Future using Guid(2640e596d21bea44191d2290601e73e4) (DefaultImporter) -> (Import Result ID: 'bb860cc1fc7417b1b35f094aadc2b31f') in 0.0009403 seconds [static dependencies only]. Details - ImportResultOutputID=fcd9e108fcfa164a218baf7ebc8eec85 DependenciesID=d580afcc32169120dedc387532b091a6 StaticDependenciesID=acce20eae32815ebfdb3cb168337024f 
Start importing Assets/Art/UI/Documents/Iraq/Ancient using Guid(e69d34599234e824a9382bfdf3f2e348) (DefaultImporter) -> (Import Result ID: '83be72cd2928ca90e49474c5d4462b62') in 0.0009337 seconds [static dependencies only]. Details - ImportResultOutputID=be55dc3b333ee8d8434700f8b58d71e0 DependenciesID=7b521571ca7f609ee56ce50f206f4bbd StaticDependenciesID=b2e272902065d325a88672e13f4a127d 
Start importing Assets/Art/UI/Documents/Germany/Future using Guid(f6bacf983e9bb8741b4b80083eb11db1) (DefaultImporter) -> (Import Result ID: '9f5ce13c9ac0a2ef52f47273f7d8e961') in 0.0009556 seconds [static dependencies only]. Details - ImportResultOutputID=a6146fcbe2c2cfeac78819eb5756b23c DependenciesID=e9f8ac1cf8a607544344c927b3e26994 StaticDependenciesID=fbe46e01457fd64d6b930695f0c06c1a 
Start importing Assets/Art/UI/Documents/Japan/Future using Guid(57fe6ac661744504fbd50dd35867312a) (DefaultImporter) -> (Import Result ID: '1ddf3228323e0ebfbbb4a704fed5cfea') in 0.0009409 seconds [static dependencies only]. Details - ImportResultOutputID=f2b0008589a029aabab0d5d7021ad500 DependenciesID=b9d5b909e914286362b7182128a4f0c4 StaticDependenciesID=5985ed16f4c89fa2474beb12bc735ffe 
Start importing Assets/Art/UI/Documents/Greece/Old using Guid(c75e972670cf1564eac025be5fbe2d84) (DefaultImporter) -> (Import Result ID: 'a08a8e52caddfbb446b8a764a539dd30') in 0.0009543 seconds [static dependencies only]. Details - ImportResultOutputID=9035d1a5ca41d955da5377e8cd0ed92d DependenciesID=8beaa383fec4608cef0ce4a8a6e41fe4 StaticDependenciesID=61d6a57c5bcc846e180a0c41f8875519 
Start importing Assets/Art/UI/Documents/Greece/Future using Guid(98c0098a1c1e41e46af75572548ec4a5) (DefaultImporter) -> (Import Result ID: 'ece98e5313cb4f738214c6d942060058') in 0.001036 seconds [static dependencies only]. Details - ImportResultOutputID=1e67e92225f60b0b8fde645e954d80a8 DependenciesID=b0a555fa46820e9add4b2e9e31844e24 StaticDependenciesID=e60f3a4513d7c0df52f8f85bdc94b532 
Start importing Assets/Art/UI/Documents/Britain/Modern using Guid(a89c91cc7792837408c7a5a8c3792032) (DefaultImporter) -> (Import Result ID: 'f7e802ee0932dca9ecab256436d32ef0') in 0.001013 seconds [static dependencies only]. Details - ImportResultOutputID=906f84b7143f251a2a681f5e7a424ea6 DependenciesID=73abb296b9a4fc01c95c6a5b788f31ab StaticDependenciesID=e3de31cbbfffdae0818d6ebf32d77103 
Start importing Assets/Art/UI/Documents/Iraq/Modern using Guid(998e55c3c92eda0458524336aa31a9a4) (DefaultImporter) -> (Import Result ID: '50510ca1de9dbda60e7bfbe0c273c71c') in 0.0009624 seconds [static dependencies only]. Details - ImportResultOutputID=fe11c0f87077972790b9a6cefdc42c79 DependenciesID=337e88e286be9680f63a272740ec4f37 StaticDependenciesID=138ffd2a2cbb1b8c65500b1440931ad5 
Start importing Assets/Art/UI/Documents/Germany/Ancient using Guid(3a5ab75c75173604a85b9e92d74a8d67) (DefaultImporter) -> (Import Result ID: '408c95a2fef161b50353d5db67c06a77') in 0.0009536 seconds [static dependencies only]. Details - ImportResultOutputID=6f688df99b02711d16f1ac4eee0c74e7 DependenciesID=f1542c527b7959103d07a3406217e182 StaticDependenciesID=f8278f657c66c34c55695022d39369ee 
Start importing Assets/Art/UI/Documents/Egypt/Modern using Guid(ba96d0c495fe6dd43beef015f55e4cc7) (DefaultImporter) -> (Import Result ID: '33541b2c7bcac05112b38586375e1168') in 0.0009358 seconds [static dependencies only]. Details - ImportResultOutputID=a8d04f90b094f530481d3a6524921b57 DependenciesID=652e1e8184532320d459cdbdfde2b6c5 StaticDependenciesID=909357e2e29029c660bd3ded59e22ed2 
Start importing Assets/Art/UI/Documents/Britain/Future using Guid(1b5789ca4717fc542b395ecf14c89f55) (DefaultImporter) -> (Import Result ID: '2d4876b7ab358f4d6ce82af32c95b8a9') in 0.0010444 seconds [static dependencies only]. Details - ImportResultOutputID=8e069158715b76829896dbd80d63fe8c DependenciesID=9aa8de714a002aac22552d074571344a StaticDependenciesID=9839bc3eec22444933e1ff6fdfaf20ff 
Start importing Assets/Art/UI/Documents/Britain/Ancient using Guid(2bea1fa0b4b9324469fdb3924d11b8a6) (DefaultImporter) -> (Import Result ID: 'cd9172183068d13eef64409adce1c6aa') in 0.0011387 seconds [static dependencies only]. Details - ImportResultOutputID=12e67707e8884d4e064077c78eca3d96 DependenciesID=5a260ee20b57d86c8645e94c36dc668c StaticDependenciesID=54fc427f58b12287fae39385a7d59179 
Start importing Assets/Art/UI/Documents/Japan/Modern using Guid(4b8197ddef400b841b74fed83daffb77) (DefaultImporter) -> (Import Result ID: '78b68ca4e9d74cb9bed24a3c5cf56158') in 0.0010069 seconds [static dependencies only]. Details - ImportResultOutputID=391790bc53aac2efa5343faa019d97d4 DependenciesID=6dceecd2cc23339cf488a1ad3c165178 StaticDependenciesID=d0b592d76b96839bb9b83ef8ee57875a 
Start importing Assets/Art/UI/Documents/Italy/Ancient using Guid(4b964b0199c706d46ba6aa7684764c2a) (DefaultImporter) -> (Import Result ID: '6ab552354d847b0f8e4e287807aa1c48') in 0.0009368 seconds [static dependencies only]. Details - ImportResultOutputID=8aae24a6ee5ec9787a80e7ad996be04a DependenciesID=b934e53c6e1c782de378d3c5e5c8f758 StaticDependenciesID=ec34a8693d7338c68d63f8a831b30507 
Start importing Assets/Art/UI/Documents/Germany/Modern using Guid(7b14d7b70ef7b444aac1c8c43aef6ae1) (DefaultImporter) -> (Import Result ID: '6c49e9b87cdbc80fb1cd72f9d03b2ff8') in 0.000922 seconds [static dependencies only]. Details - ImportResultOutputID=64654dd3366b4a89e8b85ac1d43dde27 DependenciesID=e3628f0465bb84ec11bf15e843374804 StaticDependenciesID=c4e92ea279a8ace9d9640d134ac59457 
Start importing Assets/Art/UI/Documents/Egypt/Ancient using Guid(2c6e913fac4f8f5479ff9971474e7206) (DefaultImporter) -> (Import Result ID: '83a19c580e27d6b128dcc7668fd2a004') in 0.0009105 seconds [static dependencies only]. Details - ImportResultOutputID=a909523471c1926e91b207e048932301 DependenciesID=919d145460b791d99f8d97d6a8e2b7be StaticDependenciesID=dec95023770380bd217f0a46ad036a73 
Start importing Assets/Art/UI/Documents/Greece/Modern using Guid(3c739966c4d836e449ead636ada24e40) (DefaultImporter) -> (Import Result ID: '31b9dc2a8bc6246ab99edc41945ebfbc') in 0.0010705 seconds [static dependencies only]. Details - ImportResultOutputID=bfd6c188da03c2325950459c32d3a66c DependenciesID=ccd96cfc5d56c908cb5476d0dcb92f72 StaticDependenciesID=569c8c0d81c5350ce1ef0ee42749268f 
Start importing Assets/Art/UI/Documents/Germany/Old using Guid(4c71efe2560ad944dbc406318bff2364) (DefaultImporter) -> (Import Result ID: 'bdc75540e61f348cfb9d19589ebb08ce') in 0.0009651 seconds [static dependencies only]. Details - ImportResultOutputID=dba2222e174fd1b19984ac90fe1d87f8 DependenciesID=6595750179491658791236aa9716bb35 StaticDependenciesID=8d2856deb07beee29480b257acaf0833 
Start importing Assets/Art/UI/Documents/Iraq/Old using Guid(aca3c7d4ce6529a4c9859995056fff8d) (DefaultImporter) -> (Import Result ID: 'f41f12e86e6f0550bed8743a4c567e3f') in 0.0009632 seconds [static dependencies only]. Details - ImportResultOutputID=e0eb01bb54727d153524cb9ad167e41e DependenciesID=d20eb703e549e8d550ce1e3de7e99538 StaticDependenciesID=cede6d03514139c5f555ab305e2d24ab 
Start importing Assets/Art/UI/Documents/Greece/Ancient using Guid(bc587cf2b986ef24a83cca28cee886bb) (DefaultImporter) -> (Import Result ID: '37dc6e25c5e10511593285fcc7455067') in 0.0009846 seconds [static dependencies only]. Details - ImportResultOutputID=adafc7438a3cfec19d9f835bf3182d5f DependenciesID=8f02953fbb26a2edba28279bf4399485 StaticDependenciesID=f03ecb647f8e00107721f41443d1aae3 
Start importing Assets/Art/UI/Documents/Britain/Old using Guid(0dd231702520f9c4e9fa7fdbb2b3f7de) (DefaultImporter) -> (Import Result ID: '2f647357ac9d15fc9c63da8aa31aad52') in 0.0009181 seconds [static dependencies only]. Details - ImportResultOutputID=37bc34fdd1f935ec75f41df206f3226d DependenciesID=2c13e0bf7a189bba09720f38426cf11d StaticDependenciesID=e555494c0f385d8017b22347c862fc79 
Start importing Assets/Art/UI/Documents/Japan/Ancient using Guid(8d29438b376eb734587b715abe9e2ab6) (DefaultImporter) -> (Import Result ID: '7c5f0e7e3e5627f8b9a7dd976ba2c066') in 0.000935 seconds [static dependencies only]. Details - ImportResultOutputID=d2a41c5d3bb3e1fe633b43a1070beda6 DependenciesID=66b08dcc6b9206f87e7ad4f7a59d58f6 StaticDependenciesID=5a740db6c4a9e243ccd0aefa29bf41b6 
Start importing Assets/Art/UI/Documents/Italy/Old using Guid(cdcda02c0b26a834381c39e37344018c) (DefaultImporter) -> (Import Result ID: '0b34848730956f31ef9792d3f238ce97') in 0.0010829 seconds [static dependencies only]. Details - ImportResultOutputID=24068725b5ad14fcf18773988e736562 DependenciesID=0d2c062ed72ccbb22b9b52b7df92a919 StaticDependenciesID=66a42ff31cede4b73709b3e7e5dd4bbe 
Start importing Assets/Art/UI/Documents/China/Modern using Guid(bebe161d2fa601c46b530a9ce7645ba7) (DefaultImporter) -> (Import Result ID: 'af6dcf869d2883f1cbf8095ba11c6e27') in 0.0010148 seconds [static dependencies only]. Details - ImportResultOutputID=1666a9f9bfb1b9c1ab8c9abbddd1d2e2 DependenciesID=7a4e13b98ed1f057140c077aa9096dc5 StaticDependenciesID=a56a3a9991fddb1adb6bb29b883b7866 
Refreshing native plugins compatible for Editor in 2.44 ms, found 6 plugins.
Native extension for WindowsStandalone target not found
Native extension for WebGL target not found
Assembly reference Packages/com.unity.cinemachine/Editor/Samples/ExposeHDRPInternals/HDRP-Editor-ref.asmref has no target assembly definition
Refreshing native plugins compatible for Editor in 2.78 ms, found 6 plugins.
Refreshing native plugins compatible for Editor in 2.72 ms, found 6 plugins.
[Licensing::Client] Error: Code 404 while processing request (status: Found 0 entitlement groups and 0 free entitlements matching requested entitlement ids)
[Licensing::Client] Error: Code 404 while processing request (status: Found 0 entitlement groups and 0 free entitlements matching requested entitlement ids)
[Licensing::Client] Error: Code 404 while processing request (status: Found 0 entitlement groups and 0 free entitlements matching requested entitlement ids)
ScheduleIndexationOnStartup MainProcess:True IndexOnStartup:True
Mono: successfully reloaded assembly
- Finished resetting the current domain, in  5.072 seconds
Domain Reload Profiling: 7944ms
	BeginReloadAssembly (277ms)
		DisableScriptedObjects (16ms)
		CreateAndSetChildDomain (149ms)
	RebuildCommonClasses (28ms)
	RebuildNativeTypeToScriptingClass (9ms)
	initialDomainReloadingComplete (131ms)
	LoadAllAssembliesAndSetupDomain (2426ms)
		LoadAssemblies (1833ms)
		AnalyzeDomain (661ms)
			TypeCache.Refresh (570ms)
				TypeCache.ScanAssembly (552ms)
			BuildScriptInfoCaches (80ms)
			ResolveRequiredComponents (10ms)
	FinalizeReload (5072ms)
		SetupLoadedEditorAssemblies (0ms)
			InitializePlatformSupportModulesInManaged (21ms)
			BeforeProcessingInitializeOnLoad (182ms)
			ProcessInitializeOnLoadAttributes (4344ms)
			ProcessInitializeOnLoadMethodAttributes (327ms)
			AfterProcessingInitializeOnLoad (5ms)
		AwakeInstancesAfterBackupRestoration (14ms)
[ScriptCompilation] Requested script compilation because: AssetDatabase observed changes in script compilation related files
Starting: C:\Program Files\Unity\Hub\Editor\6000.4.11f1\Editor\Data\Tools\BuildPipeline\bee_backend.exe --ipc --defer-dag-verification --dagfile="Library/Bee/1900b0aE.dag" --continue-on-failure --profile="Library/Bee/backend1.traceevents" ScriptAssemblies
WorkingDir: E:/unity/NOPE
ExitCode: 0 Duration: 0s696ms
[1370/1813  0s] ILPP-Configuration Library/ilpp-configuration.nevergeneratedoutput
[1809/1813  0s] Csc Library/Bee/artifacts/1900b0aE.dag/Assembly-CSharp-Editor.dll (+2 others)
Assets\Editor\TitleSceneBuilder.cs(24,25): warning CS0618: 'Object.FindFirstObjectByType<T>()' is obsolete: 'FindFirstObjectByType has been deprecated because it relies on instance ID ordering. Use FindAnyObjectByType instead, which does not depend on ordering.'

Assets\Editor\TitleSceneBuilder.cs(42,13): warning CS0618: 'Object.FindFirstObjectByType<T>()' is obsolete: 'FindFirstObjectByType has been deprecated because it relies on instance ID ordering. Use FindAnyObjectByType instead, which does not depend on ordering.'

Assets\Editor\TitleSceneBuilder.cs(49,48): warning CS0618: 'Object.FindFirstObjectByType<T>()' is obsolete: 'FindFirstObjectByType has been deprecated because it relies on instance ID ordering. Use FindAnyObjectByType instead, which does not depend on ordering.'

Assets\Editor\TitleSceneBuilder.cs(58,37): warning CS0618: 'Object.FindFirstObjectByType<T>()' is obsolete: 'FindFirstObjectByType has been deprecated because it relies on instance ID ordering. Use FindAnyObjectByType instead, which does not depend on ordering.'

Assets\Editor\HomeSceneBuilder.cs(24,25): warning CS0618: 'Object.FindFirstObjectByType<T>()' is obsolete: 'FindFirstObjectByType has been deprecated because it relies on instance ID ordering. Use FindAnyObjectByType instead, which does not depend on ordering.'

Assets\Editor\HomeSceneBuilder.cs(42,13): warning CS0618: 'Object.FindFirstObjectByType<T>()' is obsolete: 'FindFirstObjectByType has been deprecated because it relies on instance ID ordering. Use FindAnyObjectByType instead, which does not depend on ordering.'

Assets\Editor\HomeSceneBuilder.cs(49,35): warning CS0618: 'Object.FindFirstObjectByType<T>()' is obsolete: 'FindFirstObjectByType has been deprecated because it relies on instance ID ordering. Use FindAnyObjectByType instead, which does not depend on ordering.'

Assets\Editor\HomeSceneBuilder.cs(58,35): warning CS0618: 'Object.FindFirstObjectByType<T>()' is obsolete: 'FindFirstObjectByType has been deprecated because it relies on instance ID ordering. Use FindAnyObjectByType instead, which does not depend on ordering.'

Assets\Editor\OfficeSceneUIBuilder.cs(55,39): warning CS0618: 'Object.FindFirstObjectByType<T>()' is obsolete: 'FindFirstObjectByType has been deprecated because it relies on instance ID ordering. Use FindAnyObjectByType instead, which does not depend on ordering.'

Assets\Editor\OfficeSceneUIBuilder.cs(102,39): warning CS0618: 'Object.FindFirstObjectByType<T>()' is obsolete: 'FindFirstObjectByType has been deprecated because it relies on instance ID ordering. Use FindAnyObjectByType instead, which does not depend on ordering.'

Assets\Editor\OfficeSceneUIBuilder.cs(234,40): warning CS0618: 'Object.FindFirstObjectByType<T>()' is obsolete: 'FindFirstObjectByType has been deprecated because it relies on instance ID ordering. Use FindAnyObjectByType instead, which does not depend on ordering.'

Assets\Editor\OfficeSceneUIBuilder.cs(238,35): warning CS0618: 'Object.FindFirstObjectByType<T>()' is obsolete: 'FindFirstObjectByType has been deprecated because it relies on instance ID ordering. Use FindAnyObjectByType instead, which does not depend on ordering.'

Assets\Editor\OfficeSceneUIBuilder.cs(442,63): warning CS0618: 'FindObjectsSortMode' is obsolete: 'FindObjectsSortMode has been deprecated. Use the FindObjectsByType overloads that do not take a FindObjectsSortMode parameter.'

Assets\Editor\OfficeSceneUIBuilder.cs(442,30): warning CS0618: 'Object.FindObjectsByType<T>(FindObjectsSortMode)' is obsolete: 'FindObjectsByType with FindObjectsSortMode parameter has been deprecated. Use FindObjectsByType<T>() or FindObjectsByType<T>(FindObjectsInactive) instead. InstanceID will be replaced in the future with EntityId and previous sort order cannot be maintained.'

Assets\Editor\OfficeSceneUIBuilder.cs(466,13): warning CS0618: 'Object.FindFirstObjectByType<T>()' is obsolete: 'FindFirstObjectByType has been deprecated because it relies on instance ID ordering. Use FindAnyObjectByType instead, which does not depend on ordering.'
[1810/1813  0s] ILPostProcess Library/Bee/artifacts/1900b0aE.dag/post-processed/Assembly-CSharp-Editor.dll (+pdb)
Processing assembly Library/Bee/artifacts/1900b0aE.dag/Assembly-CSharp-Editor.dll, with 140 defines and 393 references

processors: Unity.Jobs.CodeGen.JobsILPostProcessor, zzzUnity.Burst.CodeGen.BurstILPostProcessor

running Unity.Jobs.CodeGen.JobsILPostProcessor

running zzzUnity.Burst.CodeGen.BurstILPostProcessor
[1811/1813  0s] CopyFiles Library/ScriptAssemblies/Assembly-CSharp-Editor.dll
[1812/1813  0s] CopyFiles Library/ScriptAssemblies/Assembly-CSharp-Editor.pdb
*** Tundra build success (0.67 seconds), 5 items updated, 1813 evaluated
Assets\Editor\TitleSceneBuilder.cs(24,25): warning CS0618: 'Object.FindFirstObjectByType<T>()' is obsolete: 'FindFirstObjectByType has been deprecated because it relies on instance ID ordering. Use FindAnyObjectByType instead, which does not depend on ordering.'
Assets\Editor\TitleSceneBuilder.cs(42,13): warning CS0618: 'Object.FindFirstObjectByType<T>()' is obsolete: 'FindFirstObjectByType has been deprecated because it relies on instance ID ordering. Use FindAnyObjectByType instead, which does not depend on ordering.'
Assets\Editor\TitleSceneBuilder.cs(49,48): warning CS0618: 'Object.FindFirstObjectByType<T>()' is obsolete: 'FindFirstObjectByType has been deprecated because it relies on instance ID ordering. Use FindAnyObjectByType instead, which does not depend on ordering.'
Assets\Editor\TitleSceneBuilder.cs(58,37): warning CS0618: 'Object.FindFirstObjectByType<T>()' is obsolete: 'FindFirstObjectByType has been deprecated because it relies on instance ID ordering. Use FindAnyObjectByType instead, which does not depend on ordering.'
Assets\Editor\HomeSceneBuilder.cs(24,25): warning CS0618: 'Object.FindFirstObjectByType<T>()' is obsolete: 'FindFirstObjectByType has been deprecated because it relies on instance ID ordering. Use FindAnyObjectByType instead, which does not depend on ordering.'
Assets\Editor\HomeSceneBuilder.cs(42,13): warning CS0618: 'Object.FindFirstObjectByType<T>()' is obsolete: 'FindFirstObjectByType has been deprecated because it relies on instance ID ordering. Use FindAnyObjectByType instead, which does not depend on ordering.'
Assets\Editor\HomeSceneBuilder.cs(49,35): warning CS0618: 'Object.FindFirstObjectByType<T>()' is obsolete: 'FindFirstObjectByType has been deprecated because it relies on instance ID ordering. Use FindAnyObjectByType instead, which does not depend on ordering.'
Assets\Editor\HomeSceneBuilder.cs(58,35): warning CS0618: 'Object.FindFirstObjectByType<T>()' is obsolete: 'FindFirstObjectByType has been deprecated because it relies on instance ID ordering. Use FindAnyObjectByType instead, which does not depend on ordering.'
Assets\Editor\OfficeSceneUIBuilder.cs(55,39): warning CS0618: 'Object.FindFirstObjectByType<T>()' is obsolete: 'FindFirstObjectByType has been deprecated because it relies on instance ID ordering. Use FindAnyObjectByType instead, which does not depend on ordering.'
Assets\Editor\OfficeSceneUIBuilder.cs(102,39): warning CS0618: 'Object.FindFirstObjectByType<T>()' is obsolete: 'FindFirstObjectByType has been deprecated because it relies on instance ID ordering. Use FindAnyObjectByType instead, which does not depend on ordering.'
Assets\Editor\OfficeSceneUIBuilder.cs(234,40): warning CS0618: 'Object.FindFirstObjectByType<T>()' is obsolete: 'FindFirstObjectByType has been deprecated because it relies on instance ID ordering. Use FindAnyObjectByType instead, which does not depend on ordering.'
Assets\Editor\OfficeSceneUIBuilder.cs(238,35): warning CS0618: 'Object.FindFirstObjectByType<T>()' is obsolete: 'FindFirstObjectByType has been deprecated because it relies on instance ID ordering. Use FindAnyObjectByType instead, which does not depend on ordering.'
Assets\Editor\OfficeSceneUIBuilder.cs(442,63): warning CS0618: 'FindObjectsSortMode' is obsolete: 'FindObjectsSortMode has been deprecated. Use the FindObjectsByType overloads that do not take a FindObjectsSortMode parameter.'
Assets\Editor\OfficeSceneUIBuilder.cs(442,30): warning CS0618: 'Object.FindObjectsByType<T>(FindObjectsSortMode)' is obsolete: 'FindObjectsByType with FindObjectsSortMode parameter has been deprecated. Use FindObjectsByType<T>() or FindObjectsByType<T>(FindObjectsInactive) instead. InstanceID will be replaced in the future with EntityId and previous sort order cannot be maintained.'
Assets\Editor\OfficeSceneUIBuilder.cs(466,13): warning CS0618: 'Object.FindFirstObjectByType<T>()' is obsolete: 'FindFirstObjectByType has been deprecated because it relies on instance ID ordering. Use FindAnyObjectByType instead, which does not depend on ordering.'
Reloading assemblies after forced synchronous recompile.
Assembly Assembly-CSharp-Editor-firstpass.dll at Library/ScriptAssemblies/Assembly-CSharp-Editor-firstpass.dll not valid. Loading of assembly skipped.
Assembly Assembly-CSharp-firstpass.dll at Library/ScriptAssemblies/Assembly-CSharp-firstpass.dll not valid. Loading of assembly skipped.
Assembly DocCodeExamples.dll at Library/ScriptAssemblies/DocCodeExamples.dll not valid. Loading of assembly skipped.
Assembly TestNewCustomAssembly.dll at Library/ScriptAssemblies/TestNewCustomAssembly.dll not valid. Loading of assembly skipped.
Assembly Unity.2D.Animation.EditorTests.dll at Library/ScriptAssemblies/Unity.2D.Animation.EditorTests.dll not valid. Loading of assembly skipped.
Assembly Unity.2D.Aseprite.EditorTests.dll at Library/ScriptAssemblies/Unity.2D.Aseprite.EditorTests.dll not valid. Loading of assembly skipped.
Assembly Unity.2D.Common.EditorTests.dll at Library/ScriptAssemblies/Unity.2D.Common.EditorTests.dll not valid. Loading of assembly skipped.
Assembly Unity.2D.Psdimporter.EditorTests.dll at Library/ScriptAssemblies/Unity.2D.Psdimporter.EditorTests.dll not valid. Loading of assembly skipped.
Assembly Unity.2D.Sprite.Package.EditorTests.dll at Library/ScriptAssemblies/Unity.2D.Sprite.Package.EditorTests.dll not valid. Loading of assembly skipped.
Assembly Unity.2D.SpriteShape.EditorTests.dll at Library/ScriptAssemblies/Unity.2D.SpriteShape.EditorTests.dll not valid. Loading of assembly skipped.
Assembly Unity.2D.Tilemap.Package.EditorTests.dll at Library/ScriptAssemblies/Unity.2D.Tilemap.Package.EditorTests.dll not valid. Loading of assembly skipped.
Assembly Unity.AI.Assistant.Integrations.Sample.Editor.dll at Library/ScriptAssemblies/Unity.AI.Assistant.Integrations.Sample.Editor.dll not valid. Loading of assembly skipped.
Assembly Unity.AppUI.Editor.Tests.dll at Library/ScriptAssemblies/Unity.AppUI.Editor.Tests.dll not valid. Loading of assembly skipped.
Assembly Unity.AppUI.Tests.dll at Library/ScriptAssemblies/Unity.AppUI.Tests.dll not valid. Loading of assembly skipped.
Assembly Unity.Collections.BurstCompatibilityGen.dll at Library/ScriptAssemblies/Unity.Collections.BurstCompatibilityGen.dll not valid. Loading of assembly skipped.
Assembly Unity.Collections.DocCodeSamples.dll at Library/ScriptAssemblies/Unity.Collections.DocCodeSamples.dll not valid. Loading of assembly skipped.
Assembly Unity.Collections.PerformanceTests.dll at Library/ScriptAssemblies/Unity.Collections.PerformanceTests.dll not valid. Loading of assembly skipped.
Assembly Unity.Collections.Tests.dll at Library/ScriptAssemblies/Unity.Collections.Tests.dll not valid. Loading of assembly skipped.
Assembly Unity.Collections.Tests.Playmode.dll at Library/ScriptAssemblies/Unity.Collections.Tests.Playmode.dll not valid. Loading of assembly skipped.
Assembly Unity.InputSystem.IntegrationTests.dll at Library/ScriptAssemblies/Unity.InputSystem.IntegrationTests.dll not valid. Loading of assembly skipped.
Assembly Unity.Mathematics.Tests.dll at Library/ScriptAssemblies/Unity.Mathematics.Tests.dll not valid. Loading of assembly skipped.
Assembly Unity.Multiplayer.Center.Editor.Tests.dll at Library/ScriptAssemblies/Unity.Multiplayer.Center.Editor.Tests.dll not valid. Loading of assembly skipped.
Assembly Unity.Multiplayer.Center.Tests.dll at Library/ScriptAssemblies/Unity.Multiplayer.Center.Tests.dll not valid. Loading of assembly skipped.
Assembly Unity.Nuget.Mono-Cecil.dll at Library/ScriptAssemblies/Unity.Nuget.Mono-Cecil.dll not valid. Loading of assembly skipped.
Assembly Unity.PathTracing.Editor.Tests.dll at Library/ScriptAssemblies/Unity.PathTracing.Editor.Tests.dll not valid. Loading of assembly skipped.
Assembly Unity.PathTracing.Runtime.Tests.dll at Library/ScriptAssemblies/Unity.PathTracing.Runtime.Tests.dll not valid. Loading of assembly skipped.
Assembly Unity.RenderPipelines.Core.Editor.Tests.dll at Library/ScriptAssemblies/Unity.RenderPipelines.Core.Editor.Tests.dll not valid. Loading of assembly skipped.
Assembly Unity.RenderPipelines.Core.Runtime.Tests.dll at Library/ScriptAssemblies/Unity.RenderPipelines.Core.Runtime.Tests.dll not valid. Loading of assembly skipped.
Assembly Unity.RenderPipelines.Universal.Config.Editor.Tests.dll at Library/ScriptAssemblies/Unity.RenderPipelines.Universal.Config.Editor.Tests.dll not valid. Loading of assembly skipped.
Assembly Unity.RenderPipelines.Universal.Editor.Tests.dll at Library/ScriptAssemblies/Unity.RenderPipelines.Universal.Editor.Tests.dll not valid. Loading of assembly skipped.
Assembly Unity.RenderPipelines.Universal.Runtime.Tests.dll at Library/ScriptAssemblies/Unity.RenderPipelines.Universal.Runtime.Tests.dll not valid. Loading of assembly skipped.
Assembly Unity.Searcher.EditorTests.dll at Library/ScriptAssemblies/Unity.Searcher.EditorTests.dll not valid. Loading of assembly skipped.
Assembly Unity.Settings.Tests.dll at Library/ScriptAssemblies/Unity.Settings.Tests.dll not valid. Loading of assembly skipped.
Assembly Unity.ShaderGraph.Editor.Tests.dll at Library/ScriptAssemblies/Unity.ShaderGraph.Editor.Tests.dll not valid. Loading of assembly skipped.
Assembly Unity.TextMeshPro.Editor.Tests.dll at Library/ScriptAssemblies/Unity.TextMeshPro.Editor.Tests.dll not valid. Loading of assembly skipped.
Assembly Unity.TextMeshPro.Tests.dll at Library/ScriptAssemblies/Unity.TextMeshPro.Tests.dll not valid. Loading of assembly skipped.
Assembly Unity.UnifiedRayTracing.Editor.Tests.dll at Library/ScriptAssemblies/Unity.UnifiedRayTracing.Editor.Tests.dll not valid. Loading of assembly skipped.
Assembly UnityEditor.UI.Common.Tests.dll at Library/ScriptAssemblies/UnityEditor.UI.Common.Tests.dll not valid. Loading of assembly skipped.
Assembly UnityEditor.UI.EditorTests.dll at Library/ScriptAssemblies/UnityEditor.UI.EditorTests.dll not valid. Loading of assembly skipped.
Assembly UnityEngine.UI.Tests.dll at Library/ScriptAssemblies/UnityEngine.UI.Tests.dll not valid. Loading of assembly skipped.
Begin MonoManager ReloadAssembly
08:01:46.279 |V| RiderPlugin                    | :1                             | AppDomain.CurrentDomain.DomainUnload lifetimeDefinition.Terminate
Assembly Assembly-CSharp-Editor-firstpass.dll at Library/ScriptAssemblies/Assembly-CSharp-Editor-firstpass.dll not valid. Loading of assembly skipped.
Assembly Assembly-CSharp-firstpass.dll at Library/ScriptAssemblies/Assembly-CSharp-firstpass.dll not valid. Loading of assembly skipped.
Assembly DocCodeExamples.dll at Library/ScriptAssemblies/DocCodeExamples.dll not valid. Loading of assembly skipped.
Assembly TestNewCustomAssembly.dll at Library/ScriptAssemblies/TestNewCustomAssembly.dll not valid. Loading of assembly skipped.
Assembly Unity.2D.Animation.EditorTests.dll at Library/ScriptAssemblies/Unity.2D.Animation.EditorTests.dll not valid. Loading of assembly skipped.
Assembly Unity.2D.Aseprite.EditorTests.dll at Library/ScriptAssemblies/Unity.2D.Aseprite.EditorTests.dll not valid. Loading of assembly skipped.
Assembly Unity.2D.Common.EditorTests.dll at Library/ScriptAssemblies/Unity.2D.Common.EditorTests.dll not valid. Loading of assembly skipped.
Assembly Unity.2D.Psdimporter.EditorTests.dll at Library/ScriptAssemblies/Unity.2D.Psdimporter.EditorTests.dll not valid. Loading of assembly skipped.
Assembly Unity.2D.Sprite.Package.EditorTests.dll at Library/ScriptAssemblies/Unity.2D.Sprite.Package.EditorTests.dll not valid. Loading of assembly skipped.
Assembly Unity.2D.SpriteShape.EditorTests.dll at Library/ScriptAssemblies/Unity.2D.SpriteShape.EditorTests.dll not valid. Loading of assembly skipped.
Assembly Unity.2D.Tilemap.Package.EditorTests.dll at Library/ScriptAssemblies/Unity.2D.Tilemap.Package.EditorTests.dll not valid. Loading of assembly skipped.
Assembly Unity.AI.Assistant.Integrations.Sample.Editor.dll at Library/ScriptAssemblies/Unity.AI.Assistant.Integrations.Sample.Editor.dll not valid. Loading of assembly skipped.
Assembly Unity.AppUI.Editor.Tests.dll at Library/ScriptAssemblies/Unity.AppUI.Editor.Tests.dll not valid. Loading of assembly skipped.
Assembly Unity.AppUI.Tests.dll at Library/ScriptAssemblies/Unity.AppUI.Tests.dll not valid. Loading of assembly skipped.
Assembly Unity.Collections.BurstCompatibilityGen.dll at Library/ScriptAssemblies/Unity.Collections.BurstCompatibilityGen.dll not valid. Loading of assembly skipped.
Assembly Unity.Collections.DocCodeSamples.dll at Library/ScriptAssemblies/Unity.Collections.DocCodeSamples.dll not valid. Loading of assembly skipped.
Assembly Unity.Collections.PerformanceTests.dll at Library/ScriptAssemblies/Unity.Collections.PerformanceTests.dll not valid. Loading of assembly skipped.
Assembly Unity.Collections.Tests.dll at Library/ScriptAssemblies/Unity.Collections.Tests.dll not valid. Loading of assembly skipped.
Assembly Unity.Collections.Tests.Playmode.dll at Library/ScriptAssemblies/Unity.Collections.Tests.Playmode.dll not valid. Loading of assembly skipped.
Assembly Unity.InputSystem.IntegrationTests.dll at Library/ScriptAssemblies/Unity.InputSystem.IntegrationTests.dll not valid. Loading of assembly skipped.
Assembly Unity.Mathematics.Tests.dll at Library/ScriptAssemblies/Unity.Mathematics.Tests.dll not valid. Loading of assembly skipped.
Assembly Unity.Multiplayer.Center.Editor.Tests.dll at Library/ScriptAssemblies/Unity.Multiplayer.Center.Editor.Tests.dll not valid. Loading of assembly skipped.
Assembly Unity.Multiplayer.Center.Tests.dll at Library/ScriptAssemblies/Unity.Multiplayer.Center.Tests.dll not valid. Loading of assembly skipped.
Assembly Unity.Nuget.Mono-Cecil.dll at Library/ScriptAssemblies/Unity.Nuget.Mono-Cecil.dll not valid. Loading of assembly skipped.
Assembly Unity.PathTracing.Editor.Tests.dll at Library/ScriptAssemblies/Unity.PathTracing.Editor.Tests.dll not valid. Loading of assembly skipped.
Assembly Unity.PathTracing.Runtime.Tests.dll at Library/ScriptAssemblies/Unity.PathTracing.Runtime.Tests.dll not valid. Loading of assembly skipped.
Assembly Unity.RenderPipelines.Core.Editor.Tests.dll at Library/ScriptAssemblies/Unity.RenderPipelines.Core.Editor.Tests.dll not valid. Loading of assembly skipped.
Assembly Unity.RenderPipelines.Core.Runtime.Tests.dll at Library/ScriptAssemblies/Unity.RenderPipelines.Core.Runtime.Tests.dll not valid. Loading of assembly skipped.
Assembly Unity.RenderPipelines.Universal.Config.Editor.Tests.dll at Library/ScriptAssemblies/Unity.RenderPipelines.Universal.Config.Editor.Tests.dll not valid. Loading of assembly skipped.
Assembly Unity.RenderPipelines.Universal.Editor.Tests.dll at Library/ScriptAssemblies/Unity.RenderPipelines.Universal.Editor.Tests.dll not valid. Loading of assembly skipped.
Assembly Unity.RenderPipelines.Universal.Runtime.Tests.dll at Library/ScriptAssemblies/Unity.RenderPipelines.Universal.Runtime.Tests.dll not valid. Loading of assembly skipped.
Assembly Unity.Searcher.EditorTests.dll at Library/ScriptAssemblies/Unity.Searcher.EditorTests.dll not valid. Loading of assembly skipped.
Assembly Unity.Settings.Tests.dll at Library/ScriptAssemblies/Unity.Settings.Tests.dll not valid. Loading of assembly skipped.
Assembly Unity.ShaderGraph.Editor.Tests.dll at Library/ScriptAssemblies/Unity.ShaderGraph.Editor.Tests.dll not valid. Loading of assembly skipped.
Assembly Unity.TextMeshPro.Editor.Tests.dll at Library/ScriptAssemblies/Unity.TextMeshPro.Editor.Tests.dll not valid. Loading of assembly skipped.
Assembly Unity.TextMeshPro.Tests.dll at Library/ScriptAssemblies/Unity.TextMeshPro.Tests.dll not valid. Loading of assembly skipped.
Assembly Unity.UnifiedRayTracing.Editor.Tests.dll at Library/ScriptAssemblies/Unity.UnifiedRayTracing.Editor.Tests.dll not valid. Loading of assembly skipped.
Assembly UnityEditor.UI.Common.Tests.dll at Library/ScriptAssemblies/UnityEditor.UI.Common.Tests.dll not valid. Loading of assembly skipped.
Assembly UnityEditor.UI.EditorTests.dll at Library/ScriptAssemblies/UnityEditor.UI.EditorTests.dll not valid. Loading of assembly skipped.
Assembly UnityEngine.UI.Tests.dll at Library/ScriptAssemblies/UnityEngine.UI.Tests.dll not valid. Loading of assembly skipped.
Refreshing native plugins compatible for Editor in 3.55 ms, found 6 plugins.
Native extension for WindowsStandalone target not found
Native extension for WebGL target not found
Assembly reference Packages/com.unity.cinemachine/Editor/Samples/ExposeHDRPInternals/HDRP-Editor-ref.asmref has no target assembly definition
Refreshing native plugins compatible for Editor in 5.12 ms, found 6 plugins.
[Licensing::Client] Error: Code 404 while processing request (status: Found 0 entitlement groups and 0 free entitlements matching requested entitlement ids)
[Licensing::Client] Error: Code 404 while processing request (status: Found 0 entitlement groups and 0 free entitlements matching requested entitlement ids)
[Licensing::Client] Error: Code 404 while processing request (status: Found 0 entitlement groups and 0 free entitlements matching requested entitlement ids)
ScheduleIndexationOnStartup MainProcess:True IndexOnStartup:True
Mono: successfully reloaded assembly
- Finished resetting the current domain, in  3.242 seconds
Domain Reload Profiling: 4628ms
	BeginReloadAssembly (665ms)
		DisableScriptedObjects (25ms)
		CreateAndSetChildDomain (486ms)
	RebuildCommonClasses (37ms)
	RebuildNativeTypeToScriptingClass (13ms)
	initialDomainReloadingComplete (100ms)
	LoadAllAssembliesAndSetupDomain (570ms)
		LoadAssemblies (198ms)
		AnalyzeDomain (398ms)
			TypeCache.Refresh (14ms)
			BuildScriptInfoCaches (358ms)
			ResolveRequiredComponents (24ms)
	FinalizeReload (3243ms)
		SetupLoadedEditorAssemblies (0ms)
			InitializePlatformSupportModulesInManaged (37ms)
			BeforeProcessingInitializeOnLoad (612ms)
			ProcessInitializeOnLoadAttributes (1819ms)
			ProcessInitializeOnLoadMethodAttributes (260ms)
			AfterProcessingInitializeOnLoad (6ms)
		AwakeInstancesAfterBackupRestoration (22ms)
Start importing Assets/Art/UI/Documents/Britain/Future/Britain_Future_border.png using Guid(0060b051bc24bc34a8cfe33cff5f48c5) (TextureImporter) -> (Import Result ID: '0cea25491382bdf8f3caa25fd6c0ce4d') in 0.1067878 seconds [static and dynamic dependencies]. Details - ImportResultOutputID=b64d58450b1440b362883391ea835802 DependenciesID=e024d7741362b45de13f5c4eae29935a StaticDependenciesID=76b10d241079991d16b909f78cbda250 
Start importing Assets/Art/UI/Documents/Italy/Ancient/Italy_Ancient_passport_stock.png using Guid(20b7f11360b3c0c4fb1772c9ffcaad40) (TextureImporter) -> (Import Result ID: '159565abbc036bb0a5365b2cb85c84f2') in 0.0673432 seconds [static and dynamic dependencies]. Details - ImportResultOutputID=89697f85ca9e66d0ab46104cdaf32c9c DependenciesID=3a0c7312283fcdcdc21013024d6a75cf StaticDependenciesID=9bcabcbd4f125d8a253609f4de44955c 
Start importing Assets/Art/UI/Documents/Egypt/Old/Egypt_Old_passport_stock.png using Guid(30bec2a0d99379f43b3f9054c6e775c0) (TextureImporter) -> (Import Result ID: 'dba415ca6c3569c6602ddeb3fbd47c29') in 0.0594231 seconds [static and dynamic dependencies]. Details - ImportResultOutputID=5c7cfc17fa784fd23aa1eb1d3204212f DependenciesID=6a313ba10172b9f0a45e1a7300dba20c StaticDependenciesID=ee1f96e0a7c09d649afc11418b10b929 
Start importing Assets/Art/UI/Desktop/icon_technology.png using Guid(40b9f9748dbb94f4689af0153b24d483) (TextureImporter) -> (Import Result ID: 'dbc41f0a7b22648bfc56ad822cbff07e') in 0.005267 seconds [static and dynamic dependencies]. Details - ImportResultOutputID=c8e648d09b04ad902beacc06ea026c49 DependenciesID=c1e9591cbcc97a205f9060b9c505d182 StaticDependenciesID=3b87fa3fe4bb040e3ef370cccc7da928 
Start importing Assets/Art/UI/Desktop/btn_max_normal.png using Guid(50a7572467743cb448285ac95bfd6d49) (TextureImporter) -> (Import Result ID: '7e82abfa28125702dd950d0b185ae17e') in 0.0038675 seconds [static and dynamic dependencies]. Details - ImportResultOutputID=bed093eae84c62d87a2ad3febc3f3c7e DependenciesID=fdaf3295744aa09c87c69221bef6d95e StaticDependenciesID=4dd6156a46260e535999ff537a56b4d3 
Start importing Assets/Art/UI/Documents/China/Future/China_Future_permit_stock.png using Guid(601bf41e037a57e4abd9f5015fb33f25) (TextureImporter) -> (Import Result ID: 'fbf595e4fd6a1f7309b6cf36e363ea71') in 0.0627329 seconds [static and dynamic dependencies]. Details - ImportResultOutputID=80b76ea8b4c084a6d49bae47ff9d8544 DependenciesID=ca8b2ec95786f741c52b6eb993c5a593 StaticDependenciesID=fb8fc76841d0d4485f38e91ed749a7e9 
Start importing Assets/Art/UI/Documents/Greece/Future/Greece_Future_border.png using Guid(80fa82c726e1e7e4a82a50d5b104bb2a) (TextureImporter) -> (Import Result ID: '567afa4a2962cd853e918e6e05c9094d') in 0.0413053 seconds [static and dynamic dependencies]. Details - ImportResultOutputID=c42d55efdc2d5fc0525e24f81845161c DependenciesID=f8f6094b772c365f57a1b22a2a3d940c StaticDependenciesID=820ada6fb05f9c62a83e8326eae434c7 
Start importing Assets/Art/Office/Placeholder/sign.png using Guid(908305575973e194aa82b0d216d0235b) (TextureImporter) -> (Import Result ID: 'fd4af3090d39eeaf0e1b2211f8e85dbe') in 0.0075717 seconds [static and dynamic dependencies]. Details - ImportResultOutputID=caab8744c888ed7aee56ea3ffc77bff8 DependenciesID=0b60a942cde083af55b6c3b7b38f96cd StaticDependenciesID=76d863495c9234012062e041c16ab802 
Start importing Assets/Art/Home/upgrade_archive_access.png using Guid(90f7b8f48c66a084da7316c9e831f183) (TextureImporter) -> (Import Result ID: 'd788fa76c5e7ed6db84eeb10a441b3d5') in 0.0080601 seconds [static and dynamic dependencies]. Details - ImportResultOutputID=7a41d668e5ec963fedfc46dc07c61024 DependenciesID=299d4f70e36d5467b3682158339dec29 StaticDependenciesID=854f97e18ee21aaa79f8ef9e6d9f2b5b 
Start importing Assets/Art/UI/Documents/Egypt/Future/Egypt_Future_permit_stock.png using Guid(b05995232c9824f4eb624ee0649bfa08) (TextureImporter) -> (Import Result ID: '5989afef714d3565b1cdc4c07629d68a') in 0.0669508 seconds [static and dynamic dependencies]. Details - ImportResultOutputID=88ae4483a0f945e674e1d1618aac6044 DependenciesID=7448a004c73004e09e9d7a350d811792 StaticDependenciesID=3a17a1a26b41a6ad327a8b68ca552bb5 
Start importing Assets/Art/UI/DayFlow/stamp_citation.png using Guid(c0d3a8271663ba549a6321786d394939) (TextureImporter) -> (Import Result ID: '1b11a54ce2c9c5870a52b3d7bc30bd9f') in 0.010121 seconds [static and dynamic dependencies]. Details - ImportResultOutputID=1fd6b890db0731bce3753ff45b1a37f1 DependenciesID=50f3a8607853325371f8f2a48312489e StaticDependenciesID=50bfbeb4824f82955fb8139d96554751 
Start importing Assets/Art/UI/Desktop/btn_max_pressed.png using Guid(c067b0ca73bb72b4eb9c9be9238e9214) (TextureImporter) -> (Import Result ID: '3d4d1f045dfdf9e41f3305ceae359350') in 0.003568 seconds [static and dynamic dependencies]. Details - ImportResultOutputID=e6b905e9f31383de29886c7576524df0 DependenciesID=9ca51dd8302385d6f3a2d49902847845 StaticDependenciesID=5c855809c783aa178a976e3d5da5b093 
Start importing Assets/Art/Office/Booth/intercom.png using Guid(d0d8cf4550ba5234293171a0f2fac5ec) (TextureImporter) -> (Import Result ID: 'f416fc40f77dcc72abd812d4bb1eb7db') in 0.0098177 seconds [static and dynamic dependencies]. Details - ImportResultOutputID=a2665f21c920125c856fc2f0897a57fa DependenciesID=d8ce8641eccf0ea1e68bf4856bd9c545 StaticDependenciesID=b74fc5651ead456fe9b2fe2c2dd6ebe3 
Start importing Assets/Art/UI/Documents/Greece/Modern/Greece_Modern_border.png using Guid(016343ce78c56e741939978e124ae977) (TextureImporter) -> (Import Result ID: '2d40729f911b26cede6f18e8144eccae') in 0.0366838 seconds [static and dynamic dependencies]. Details - ImportResultOutputID=0cad349038f21586b6923121fb5c4241 DependenciesID=b834fbb29123ca8742aef39d2f93f5e6 StaticDependenciesID=bc708c88611850b7b6e6fc51465597c2 
Start importing Assets/Art/UI/Desktop/window_frame.png using Guid(1130f085867b74749839583068700a4d) (TextureImporter) -> (Import Result ID: 'c386bcd464560c8295116a11a0bcaed6') in 0.007115 seconds [static and dynamic dependencies]. Details - ImportResultOutputID=9acd962120e50507120a8c8f931ed67d DependenciesID=57f365212f43d96ea427e17cdef20141 StaticDependenciesID=7ed932f52d644a5bfaab67d19d4e6029 
Start importing Assets/Art/Office/Placeholder/Posters/poster_dom_egypt_art.png using Guid(117ac18a552f294498c5df419f9795d7) (TextureImporter) -> (Import Result ID: '1f2265db5308e7efe79aa2c54d0c4387') in 0.0133818 seconds [static and dynamic dependencies]. Details - ImportResultOutputID=d312d620b809e77478829eca0799d7ef DependenciesID=6e118530e7f85ba310fc0ad0f1c81b0b StaticDependenciesID=733fbb54c8ebef9899135c0fd192fc85 
Start importing Assets/Art/UI/Documents/Iraq/Old/Iraq_Old_seal.png using Guid(11fdb872b46923c4f81e77a3874ef3b5) (TextureImporter) -> (Import Result ID: 'f3fffbe1f2811b32507fe6d9933aad49') in 0.0089481 seconds [static and dynamic dependencies]. Details - ImportResultOutputID=3d101c5d4b70f1879fd810c1f73d9c19 DependenciesID=933c98fbb8fa9e49e34b3f2a0e08cd19 StaticDependenciesID=0fc1a77c5eec656dba339efc6d7c317d 
Start importing Assets/Art/UI/Documents/Japan/Modern/Japan_Modern_seal.png using Guid(31842c898df10db4b862a7e6686006b9) (TextureImporter) -> (Import Result ID: '87d9e805550dab1b851d5a6791343a2f') in 0.0081561 seconds [static and dynamic dependencies]. Details - ImportResultOutputID=ab7b7ccf2f682fd15ebed469225a6d9b DependenciesID=9670ebfab3974d8de59e998cf83f2b12 StaticDependenciesID=162fdce2311f7a61fe1861c7bd9b836c 
Start importing Assets/Art/Office/Placeholder/till.png using Guid(311a9a2d11c70634d9dc80a774833045) (TextureImporter) -> (Import Result ID: '7f82e427cb7a82d4ee3c83099a23fcaf') in 0.0089157 seconds [static and dynamic dependencies]. Details - ImportResultOutputID=99320143e349ba70def20ad2432fe371 DependenciesID=1c30baa1e4b780b76116f7b9110373b5 StaticDependenciesID=134d3e4d3d15592a3bc35dc168bf299f 
Start importing Assets/Art/UI/Documents/Japan/Old/Japan_Old_seal.png using Guid(61d546476454890428c044ac45b3f3b0) (TextureImporter) -> (Import Result ID: 'e796520dbbf4c6d1ba08878aef94f640') in 0.0093207 seconds [static and dynamic dependencies]. Details - ImportResultOutputID=2da771cc92f45892fc0331150de9c172 DependenciesID=e5f167ba812e77581b9d531edab4e049 StaticDependenciesID=bb288ba6e56cc6f420ea65c4618c79d4 
Start importing Assets/Art/UI/Documents/Japan/Future/Japan_Future_permit_stock.png using Guid(616e4dac6b028d2408cae43dcd12caa2) (TextureImporter) -> (Import Result ID: '09fc8723d5a3d0b515c06197dba039b9') in 0.0641346 seconds [static and dynamic dependencies]. Details - ImportResultOutputID=aa6cf62acba81f2eb149d8ebc901665e DependenciesID=bacdf34c3bc914144042b4ef4e364461 StaticDependenciesID=2401385ff9fd69406fd4abb93696cc8f 
Start importing Assets/Art/UI/Documents/China/Old/China_Old_passport_stock.png using Guid(81393307bb1d43844845e3d4a2f73386) (TextureImporter) -> (Import Result ID: 'a7cc55917c175f0a8d45098a53372abb') in 0.0605228 seconds [static and dynamic dependencies]. Details - ImportResultOutputID=4a6759d51b5b3bd77fa9168e1a8ea642 DependenciesID=2250524e65ce9bd7cb24f431aea394c7 StaticDependenciesID=5e438dcaff485630c777ce8dd5b0f275 
Start importing Assets/Art/UI/Investigation/compare_bar_neutral.png using Guid(916c0fff9e4498244b810edec0f0995b) (TextureImporter) -> (Import Result ID: 'd0a84c9e2cc95a6fe361cf0dd6551be0') in 0.0096713 seconds [static and dynamic dependencies]. Details - ImportResultOutputID=f3c9050543fa1fae829484d94dbd7e04 DependenciesID=d3a7782685ca9df827799c37588b0eb3 StaticDependenciesID=1a4f1f6e5b5d1b8d864a97ff90d3e1f9 
Start importing Assets/Art/UI/DayFlow/temporal_times_masthead.png using Guid(a10d7351b692e154193f41a54c7edc98) (TextureImporter) -> (Import Result ID: 'e57f408890d88398e5b278398348e40c') in 0.0200789 seconds [static and dynamic dependencies]. Details - ImportResultOutputID=6ddc19e8b688d2c450846e8e1f10fce5 DependenciesID=92d0f70ecae2e6678438319e199d66d3 StaticDependenciesID=56f27acf54886c5a25d60d44149cfc51 
Start importing Assets/Art/UI/Documents/Greece/Modern/Greece_Modern_seal.png using Guid(b1c00695aad4392499f1bca4d134e211) (TextureImporter) -> (Import Result ID: '2ab42995d6b59619355924be46fd3c1b') in 0.0095322 seconds [static and dynamic dependencies]. Details - ImportResultOutputID=1a5811202c8240c31dcd1a34282736e4 DependenciesID=d79118f5d0ed9f8730bd1ab86c2af1e4 StaticDependenciesID=ac69ef266df8d8ace6a5fbe392955b43 
Start importing Assets/Art/UI/Icons/attr_militarism.png using Guid(b1b7e948d21626e46816c1216b0cb094) (TextureImporter) -> (Import Result ID: '903cfcc447785e22895907cf44774e45') in 0.007067 seconds [static and dynamic dependencies]. Details - ImportResultOutputID=45cabc1ac0e6096b779d51dd06cc48b7 DependenciesID=bf6fc5ebf80ce31b2faeb7ae95609e3e StaticDependenciesID=8bbee4a7ce98ca48fb359b352c669faa 
Start importing Assets/Art/UI/Documents/Italy/Modern/Italy_Modern_permit_stock.png using Guid(b11946656547fc24fbc646ea3909220b) (TextureImporter) -> (Import Result ID: 'a97409bb75786b9ec400d99bc8b33274') in 0.0576473 seconds [static and dynamic dependencies]. Details - ImportResultOutputID=05d765abd9369eb9f050bc25696bf88a DependenciesID=bb31d8328db3bc5b5879ece24d0be5e4 StaticDependenciesID=5f20b1ca7488c9ef23b1b5c61350a7b0 
Start importing Assets/Art/Office/Placeholder/Posters/poster_dom_iraq_democracy.png using Guid(c1b30a5705d9c2548968d119bf899a36) (TextureImporter) -> (Import Result ID: '73fceaa3f524c32b1e719ce6caf1d8b5') in 0.0136716 seconds [static and dynamic dependencies]. Details - ImportResultOutputID=be7337989058caf6682ebd38a0c08f9d DependenciesID=7a7036572b9d92899f568dbacf90b3de StaticDependenciesID=a3c75c07a10992b3a71d1507d8ea10fe 
Start importing Assets/Art/UI/Documents/Italy/Old/Italy_Old_passport_stock.png using Guid(e1fbec29ddccaf34aaaaaa3dc0f50104) (TextureImporter) -> (Import Result ID: 'cac53555cedfd5b7f40b2be074764d82') in 0.0590751 seconds [static and dynamic dependencies]. Details - ImportResultOutputID=043e64847483132df73e7df8897dff45 DependenciesID=84b4c0fbae06114f0db60028c6b7f957 StaticDependenciesID=39809e32108433fb584ba10b82bb38b8 
Start importing Assets/Art/UI/Documents/Italy/Modern/Italy_Modern_border.png using Guid(0225afecaecb3b94ca014f040093be68) (TextureImporter) -> (Import Result ID: 'a88854e161990f2107eeba5fda3bb7f8') in 0.0401086 seconds [static and dynamic dependencies]. Details - ImportResultOutputID=e193e9ff867396c8bf0be00a24c4c04e DependenciesID=82f9e4bb6d455b8571b83f28631f3cfb StaticDependenciesID=59dcba5ed82cbdd80cf6d9a681a2264e 
Start importing Assets/Art/UI/Desktop/tray_stability.png using Guid(12492edb53a982248bae21e6f0c552f5) (TextureImporter) -> (Import Result ID: '53d79eea4621d206e101f31749a9d206') in 0.0042887 seconds [static and dynamic dependencies]. Details - ImportResultOutputID=a575eb368bec7d2f223a19cf8fe88475 DependenciesID=ee6ab765d34804c27b78eaa9473efe45 StaticDependenciesID=bc1b5d85a82595b089fbf4ee4dc6d238 
Start importing Assets/Art/UI/Documents/China/Ancient/China_Ancient_border.png using Guid(12bd7a48d9fa7aa4c9428f674f9bf1fe) (TextureImporter) -> (Import Result ID: '8af56de34a867089960d4ee3954fc666') in 0.038473 seconds [static and dynamic dependencies]. Details - ImportResultOutputID=7c16304d7a3b711b7867723c432bb7b4 DependenciesID=d701ffead814c554306452d6c570a6c2 StaticDependenciesID=3f6dac2c85957b2de23f3ee58c8d42c9 
Start importing Assets/Art/UI/Documents/Italy/Old/Italy_Old_permit_stock.png using Guid(22d15423ab9dfc444b5a90746c86e43b) (TextureImporter) -> (Import Result ID: '4a39caf44f089056bfcea207193c1f0c') in 0.0579343 seconds [static and dynamic dependencies]. Details - ImportResultOutputID=9e3a1bce64f626cea8e4f16a6194bca1 DependenciesID=18d545a854a7688eea0a846a31a810b6 StaticDependenciesID=ae660493ca5682f8def57ffaf4f493f2 
Start importing Assets/Art/Title/btn_continue_normal.png using Guid(32b9d45d3ea300b409aab6fc74ebf667) (TextureImporter) -> (Import Result ID: '37205bb165edbea386936e587d88739c') in 0.0063752 seconds [static and dynamic dependencies]. Details - ImportResultOutputID=37a6d48258a12bf1386708dcd632ba64 DependenciesID=692a0a789ae05c0a6ef66f2c945a2cbf StaticDependenciesID=b0bd07cf15e39fb02242c8888874591c 
Start importing Assets/Art/UI/Documents/Egypt/Ancient/Egypt_Ancient_seal.png using Guid(42ba1e4f11afd5e47b3abd6bcadd0829) (TextureImporter) -> (Import Result ID: 'ff3e6fc5df293a72533c2b12124eb164') in 0.0077734 seconds [static and dynamic dependencies]. Details - ImportResultOutputID=ae19f5cd14abf27815f9ad40e451612c DependenciesID=9afc4ce91e2cf62be5c4f4273a47c2a3 StaticDependenciesID=ec61a76552a8c642b9bb06d1ad260d81 
Start importing Assets/Art/Office/Placeholder/Posters/poster_dom_italy_science.png using Guid(42ed14df2f0d49b4e85d284f1e4405d6) (TextureImporter) -> (Import Result ID: '20aa52b3c1905a3563b6f518d933e86d') in 0.0131135 seconds [static and dynamic dependencies]. Details - ImportResultOutputID=2e68bdec7876ec2e77fa87fd5ce7a772 DependenciesID=54501569d47ed5d9062571a9fd4dba6f StaticDependenciesID=af0d86c3878a5578759940780bb3cc7f 
Start importing Assets/Art/UI/Documents/China/Old/China_Old_border.png using Guid(52f04271997a80e448eb6e21685ab9bf) (TextureImporter) -> (Import Result ID: '46e8f286caf645322e15cc7f3d885827') in 0.0363359 seconds [static and dynamic dependencies]. Details - ImportResultOutputID=649cd2f6bfde592ca00e13d4e207a118 DependenciesID=846d482c819b15f15ec1d6e2235ee38e StaticDependenciesID=e095177965f3f9ff9d21ef47d0d5ddee 
Start importing Assets/Art/UI/Documents/Italy/Ancient/Italy_Ancient_permit_stock.png using Guid(622621af4bfab464c8bed617da7ba6f5) (TextureImporter) -> (Import Result ID: '6602b723765eb9f797a016ac0ebc815c') in 0.0578567 seconds [static and dynamic dependencies]. Details - ImportResultOutputID=69c7510e4b187aadea46f1c6fb24fec2 DependenciesID=4118da4802893e9556763b7eddd628e6 StaticDependenciesID=40b1283b2bf18b3ea425e0978025c20c 
Start importing Assets/Art/UI/Documents/Greece/Future/Greece_Future_permit_stock.png using Guid(72e6854c14c019d4b858b0589a2917b5) (TextureImporter) -> (Import Result ID: '02ad3af4b6994fec020569aa90834660') in 0.0589985 seconds [static and dynamic dependencies]. Details - ImportResultOutputID=6639cb2be2fc5c94122a013dcde886e6 DependenciesID=15c25d3dda8dd54186200556e1d4ffc1 StaticDependenciesID=487b2c581f5abc15923d439faa8eef59 
Start importing Assets/Art/UI/Documents/Britain/Old/Britain_Old_border.png using Guid(72c888bc3ae25ce46bbfb47a577a3174) (TextureImporter) -> (Import Result ID: '18a73b2831d248acd089a07ecc53132b') in 0.0364669 seconds [static and dynamic dependencies]. Details - ImportResultOutputID=1b4c01c0cf70978665d409d8a25383ce DependenciesID=e2eb26a38e6eca03df2ee69e3f84e9c4 StaticDependenciesID=46bcedf3d29c64798e316d8bc93fd018 
Start importing Assets/Art/UI/Documents/Germany/Ancient/Germany_Ancient_permit_stock.png using Guid(72fb976a2caf91f4f895337a1bf614a6) (TextureImporter) -> (Import Result ID: '1cf08fafa31328f2376651290acca4be') in 0.0574542 seconds [static and dynamic dependencies]. Details - ImportResultOutputID=7c371a97cfb0721ad835b1edabaa109a DependenciesID=05491d86f2aaf8745cba95e315acfa93 StaticDependenciesID=ffa5cd25d3b1b51a43e064d2251aa55b 
Start importing Assets/Art/UI/Documents/Germany/Future/Germany_Future_seal.png using Guid(82975b7fce2994e4995194b9c044239c) (TextureImporter) -> (Import Result ID: 'b81c78554cd2b30a48e38f2099278425') in 0.0081607 seconds [static and dynamic dependencies]. Details - ImportResultOutputID=901418aae15dad3b73e3883ae19ba25e DependenciesID=c5c88d288baf8b798d9fc1252260435d StaticDependenciesID=f5446efb57327ddd1537361c37a09454 
Start importing Assets/Art/UI/Documents/Britain/Future/Britain_Future_permit_stock.png using Guid(b2e88964bd3446f47a2031a8ceff5188) (TextureImporter) -> (Import Result ID: 'e6013f1876573c895fbf3ae9e9eb8624') in 0.0585676 seconds [static and dynamic dependencies]. Details - ImportResultOutputID=8adb0f1e6c52cc6ced18760e05804ffb DependenciesID=116c5c6c17ca84023597d8c1bd45a480 StaticDependenciesID=43e4eaf48300f1cbb0e82e62b5a4a9b2 
Start importing Assets/Art/Office/Placeholder/Posters/poster_dom_greece_democracy.png using Guid(c298d582d6cd17c4b9b47a90790beb10) (TextureImporter) -> (Import Result ID: '78696d6ace9d6bdc27a1f09f0fa7891c') in 0.0129286 seconds [static and dynamic dependencies]. Details - ImportResultOutputID=84d02f782c256face059790f0ded6ddc DependenciesID=8c902f3f8c18e2b60451843692e00b77 StaticDependenciesID=fb64f2d9f1b3802bfd65deba05142825 
Start importing Assets/Art/UI/Documents/Germany/Old/Germany_Old_passport_stock.png using Guid(c2bdce47436a241459f2e1c5d69ef5f4) (TextureImporter) -> (Import Result ID: '516dd337e52a217661cd2390b2a0d9bd') in 0.0584932 seconds [static and dynamic dependencies]. Details - ImportResultOutputID=5df320a5fdb44c49126b1ac7b14340cc DependenciesID=2aacc70f338e2b20dd09872da04c293d StaticDependenciesID=a196424483ca750ba1bf367aedf8b474 
Start importing Assets/Art/Office/Placeholder/Posters/poster_dom_britain_science.png using Guid(e271f958836cbc84aa7da23f925843b1) (TextureImporter) -> (Import Result ID: 'ac1491bd8f1ce4fd8b4e5685d0fc9761') in 0.0137377 seconds [static and dynamic dependencies]. Details - ImportResultOutputID=3886f47948d2f6d3dddcc337630a2ecc DependenciesID=53731b53a82f54295263f4219fc3eb90 StaticDependenciesID=e610ea61e198e025410f74c58476cec4 
Start importing Assets/Art/UI/Investigation/intercom_panel.png using Guid(f289589f5f1796b45a8a650686d2c4be) (TextureImporter) -> (Import Result ID: 'c731e1c671079f8876c619af164ab96b') in 0.0188651 seconds [static and dynamic dependencies]. Details - ImportResultOutputID=93882014f19f92f0f4c39830de222f6c DependenciesID=4597125f65a4eeed9a6bacbf5c454936 StaticDependenciesID=faa2ec5cf93b0536715de6b102abd294 
Start importing Assets/Art/Home/btn_sleep.png using Guid(039290471d13e1347b56bb61117e62ae) (TextureImporter) -> (Import Result ID: 'f4f9a5d418dbeb849e47eb3d1f3a3859') in 0.0062168 seconds [static and dynamic dependencies]. Details - ImportResultOutputID=fe0e76ad2dca80b41f5d061273fdca35 DependenciesID=f13b675afecec38ae5e018dbba377e1f StaticDependenciesID=20fe3730fc18f2e98cd8a028bbfbd340 
Start importing Assets/Art/UI/Desktop/btn_max_hover.png using Guid(13cc121388c9ec848a0c6de8df8b9669) (TextureImporter) -> (Import Result ID: 'babecf2ce5d67f2026998e1c7f462f3a') in 0.0035113 seconds [static and dynamic dependencies]. Details - ImportResultOutputID=12fcc9f78c2e051b52164838295a134e DependenciesID=530bec638a761347b6c6327ee887e3f8 StaticDependenciesID=7018c952aa06820bae505f70bfdddf24 
Start importing Assets/Art/UI/Documents/China/Old/China_Old_permit_stock.png using Guid(23e6e95b55f8a3043a1893922f1dc3d8) (TextureImporter) -> (Import Result ID: '757a2569165c8971e5df0361f0739921') in 0.0581621 seconds [static and dynamic dependencies]. Details - ImportResultOutputID=92bcf7512d767d74d8c1f02cb65fb12b DependenciesID=ecd2251550f8c6645fc758e7c7323227 StaticDependenciesID=368aebf5ef22f2ec6e633ef0807e6473 
Start importing Assets/Art/UI/Documents/China/Modern/China_Modern_passport_stock.png using Guid(3381426077fb072409cd63a243681f40) (TextureImporter) -> (Import Result ID: '048cc2edc3a30d13d27fa098dcf9cde7') in 0.0580379 seconds [static and dynamic dependencies]. Details - ImportResultOutputID=5cbe8c473bac8ceef7be8bde800461d4 DependenciesID=15820a749cf12bd0e67a1c741c4f360a StaticDependenciesID=81d110e9e6002a41ac7762213a1e99b7 
Start importing Assets/Art/UI/Desktop/tray_bg.png using Guid(337d47dbc9546cc439dfd2db82809619) (TextureImporter) -> (Import Result ID: 'c06b2f9026950c2efeb418825ee02a17') in 0.0042167 seconds [static and dynamic dependencies]. Details - ImportResultOutputID=995c94630f66e70eb569f06f758c4b06 DependenciesID=57bf2b40215adf6783985ad83cd8f1c5 StaticDependenciesID=5c70fe2073518131f193499cf98caa64 
Start importing Assets/Art/UI/Desktop/btn_close_hover.png using Guid(6376699ba9412244d836d0d6dcd7cad8) (TextureImporter) -> (Import Result ID: '42a1eac4e86b73e4b42837c6d5d547e5') in 0.0032572 seconds [static and dynamic dependencies]. Details - ImportResultOutputID=315da14d221c919275fcf451c1a1b3ed DependenciesID=a6369ff5d75cd01d7d2b2d05f0707e9c StaticDependenciesID=a620cb2d8f942bce7af7869a63da0668 
Start importing Assets/Art/UI/Desktop/icon_language.png using Guid(9354e028ff4e51a41abeb95d218bcf84) (TextureImporter) -> (Import Result ID: 'aff7a25413f2d2f047a043f56375fe77') in 0.0043885 seconds [static and dynamic dependencies]. Details - ImportResultOutputID=52bbe887cfc16979979565ed4ac5d576 DependenciesID=9c765704e70d5718265d45c240b0850b StaticDependenciesID=19510a01c516e6cf4f8457de32d57351 
Start importing Assets/Art/UI/Documents/Britain/Future/Britain_Future_seal.png using Guid(935b619061abb884597a43a4a4370412) (TextureImporter) -> (Import Result ID: '7b96cabb7fd812f362c059eb78cbb80a') in 0.0081074 seconds [static and dynamic dependencies]. Details - ImportResultOutputID=2cec2f348fefef72a9d9cfc04ed3595c DependenciesID=20a865f7ce57bb7a10af4d3d7500f374 StaticDependenciesID=64b921035d383b383109743520b7bc6e 
Start importing Assets/Art/Office/Booth/desk_deep.png using Guid(93df92aeee768984cb16abd3cd662220) (TextureImporter) -> (Import Result ID: 'c8288f7de9be2b73e16c2867685b25e0') in 0.123943 seconds [static and dynamic dependencies]. Details - ImportResultOutputID=5ac3586c81f6b598d7405c286c6f5d1b DependenciesID=18d375403ca399dd1f42797252e9f089 StaticDependenciesID=b7fbf5d9a2be217db8372095637f461a 
Start importing Assets/Art/UI/Documents/Egypt/Modern/Egypt_Modern_permit_stock.png using Guid(a3f2eaa181ff10144bfe5ae50a13bf76) (TextureImporter) -> (Import Result ID: '29692024ead8a8ba98fd89d42e84905b') in 0.058304 seconds [static and dynamic dependencies]. Details - ImportResultOutputID=73471bff7ae30f7c67747c9fed580708 DependenciesID=c80591c62b379b69082a4bab09e2304d StaticDependenciesID=949e5d36b72db1fea7cdff05c9b4c0d4 
Start importing Assets/Art/Office/Placeholder/stabilitymonitor.png using Guid(a309ed05f8e639a409d09ac89848d70a) (TextureImporter) -> (Import Result ID: '6fd71a558c14e074234ad2b1534a2d30') in 0.0080529 seconds [static and dynamic dependencies]. Details - ImportResultOutputID=ed527afaeeec027546d00c3e08733af6 DependenciesID=c523d13f11c44f9849ac7bf9e83ef2a8 StaticDependenciesID=3a6c7752f40213cf90d65f5431655606 
Start importing Assets/Art/UI/Documents/China/Future/China_Future_border.png using Guid(c3da07c94ccd0564d89e240054e691a1) (TextureImporter) -> (Import Result ID: '9fd1af69f5cfc6c9eea1846c31c28112') in 0.0370143 seconds [static and dynamic dependencies]. Details - ImportResultOutputID=b8bd943c902117b6101d493b8427ee26 DependenciesID=921ab71b176e32ff8a450536a339820b StaticDependenciesID=198210ef18eca134a5942f10eb49dc0e 
Start importing Assets/Art/Office/Booth/lighting_overlay_alarm.png using Guid(c3af1b3409aa81740b125f143f5e8e9b) (TextureImporter) -> (Import Result ID: 'f1e812c6ff40bd81131ae38b61449edc') in 0.1206383 seconds [static and dynamic dependencies]. Details - ImportResultOutputID=5074bc9d2e441998ce61199410ba4dc5 DependenciesID=7e1bb041bd7b03853d52a47a77255046 StaticDependenciesID=2f7c0d8eafb149aa64c69c1066e436f6 
Start importing Assets/Art/Office/Placeholder/Posters/poster_dom_iraq_art.png using Guid(d39dad3db4b001c4f98e5d8153128db2) (TextureImporter) -> (Import Result ID: '0883289177b90a821f4076f8ab246997') in 0.012559 seconds [static and dynamic dependencies]. Details - ImportResultOutputID=3be2ac43b490e8d4cef862e7141db2d5 DependenciesID=b105c5062c078a275f429d83481a5bb6 StaticDependenciesID=3b23dc866b4f6a53483b4e0effafa5db 
Start importing Assets/Art/UI/Documents/China/Future/China_Future_seal.png using Guid(e350269432be90748b5bbf91680bb5d3) (TextureImporter) -> (Import Result ID: '1e0de7188d1138405122e61983bf7ca3') in 0.0077675 seconds [static and dynamic dependencies]. Details - ImportResultOutputID=9aa0facdebbe1b989bc4656162d43db8 DependenciesID=2a7400838099098785a06c3f6bf1504e StaticDependenciesID=880edd4ad275d737224ad62d67e2487a 
Start importing Assets/Art/UI/Documents/Japan/Ancient/Japan_Ancient_passport_stock.png using Guid(048953afd3ab32541b8f3c881c4cb850) (TextureImporter) -> (Import Result ID: '92f8aa3fb6db7a966bc0610b50549460') in 0.0583158 seconds [static and dynamic dependencies]. Details - ImportResultOutputID=11985e6e483938c556170c2b03dc3f18 DependenciesID=fd83215f8879030da02b23c0e3b45c0c StaticDependenciesID=d8f8c42ea0eec2cd3c278e24d058a217 
Start importing Assets/Art/Office/Placeholder/desk.png using Guid(242d6ee4ac06b244cb51acbd9a2714ca) (TextureImporter) -> (Import Result ID: 'd2a10e8220ce59317489cc945b05c55d') in 0.017857 seconds [static and dynamic dependencies]. Details - ImportResultOutputID=76ab0d998d6fc828d94bb1dfaf38d9b6 DependenciesID=32dd886c016eb3bb7c564a3ac085e8d1 StaticDependenciesID=94226d66856b84579ce5df4f125c9cb0 
Start importing Assets/Art/UI/Documents/Japan/Ancient/Japan_Ancient_border.png using Guid(34b7bd7bafa8e004f96bb8dee9985428) (TextureImporter) -> (Import Result ID: 'c76521489aa081539cc9b867892120c4') in 0.0369017 seconds [static and dynamic dependencies]. Details - ImportResultOutputID=74f196db048342e0ada7d16b89a30906 DependenciesID=2fbf0d0116d72c3de759edcd4b699e1f StaticDependenciesID=6e0ec2496cdfb78a8bb01193f321bf4f 
Start importing Assets/Art/UI/Icons/attr_philosophy.png using Guid(341d3e17ab6cf8b4a98341d5429c892f) (TextureImporter) -> (Import Result ID: '01896dd6701e6ade78d31394235201ef') in 0.0064217 seconds [static and dynamic dependencies]. Details - ImportResultOutputID=2aa21a38a0f583badc4425a1b1ade75d DependenciesID=e866b94e124a8842bdd962a7e0314d0d StaticDependenciesID=c6a4899e6ac03af367a668285f208477 
Start importing Assets/Art/Office/Placeholder/Posters/poster_art_renaissance.png using Guid(44d0f92cec37d254595d57e4904a55d4) (TextureImporter) -> (Import Result ID: '924dcc2214ff706db56521cd58ef9fc6') in 0.0128203 seconds [static and dynamic dependencies]. Details - ImportResultOutputID=21f7bfbecfbd4ccfaf0c7bff5fe194e3 DependenciesID=577a264df4f36f06baac9d57d6555d2a StaticDependenciesID=d41d4c8765f09ecf459a1ee05288bf2d 
Start importing Assets/Art/Title/ending_scientific_age.png using Guid(44aa605992be2ab44a456beec266d40b) (TextureImporter) -> (Import Result ID: '80acfefbe6fb9aa8b429adb52726fa63') in 0.1101288 seconds [static and dynamic dependencies]. Details - ImportResultOutputID=4a026ae4e4ae9110cf40684231a5cbdc DependenciesID=9be96aba3169eee7fb57644b9f029af0 StaticDependenciesID=c8a6c7e8f7e430d929bf6c943dcd162c 
Start importing Assets/Art/Office/Placeholder/Posters/poster_dom_germany_democracy.png using Guid(446ebb3c254bbb54c800db34e4c6b642) (TextureImporter) -> (Import Result ID: 'aeb4c55f04f13086361136bf1b4ac2c2') in 0.012943 seconds [static and dynamic dependencies]. Details - ImportResultOutputID=e4fcf9611958d8f16b03915bf1c4c910 DependenciesID=5d828b83e405a4554b77e2a1a167961c StaticDependenciesID=ba72f09cba3fcd93912a66803a25d7c4 
Start importing Assets/Art/UI/Desktop/icon_power.png using Guid(54545e57d81a56a4eaf67ce9e81dc5b5) (TextureImporter) -> (Import Result ID: 'b09be92acf3a63ed2f06a9e0de6228c9') in 0.0045405 seconds [static and dynamic dependencies]. Details - ImportResultOutputID=0322ad668ff00c65e469d8e9a47331bc DependenciesID=69fbf365d992a6deb6161a314e83b1cc StaticDependenciesID=f072e7fef0eb3a2b976591cfd411b858 
Start importing Assets/Art/UI/Documents/China/Modern/China_Modern_border.png using Guid(54a7311b642adf146858bf71525a5ace) (TextureImporter) -> (Import Result ID: '65c666133479a75dd5e41eef94edfbd5') in 0.0366732 seconds [static and dynamic dependencies]. Details - ImportResultOutputID=23d0e5722d827d960ee5e366799e7708 DependenciesID=a6145297b2904040cbca0616f4643c71 StaticDependenciesID=43cf307b670d536306dd387b4c451ec3 
Start importing Assets/Art/UI/Documents/Greece/Ancient/Greece_Ancient_passport_stock.png using Guid(54cbec1b5710c2945b3738dad8227648) (TextureImporter) -> (Import Result ID: '26aee5049fc99a696558fee0cf0af24f') in 0.058066 seconds [static and dynamic dependencies]. Details - ImportResultOutputID=139d06e45a87c86e96f89ceb9ed71451 DependenciesID=05b965448614e8932e2229c7916db296 StaticDependenciesID=77e7db716e217e39af8f9f0a9e0794fa 
Start importing Assets/Art/UI/Documents/Germany/Future/Germany_Future_permit_stock.png using Guid(64a813356b2be324193f1e11880405e6) (TextureImporter) -> (Import Result ID: '052e8805daa02318ee87b87df21efc61') in 0.0579023 seconds [static and dynamic dependencies]. Details - ImportResultOutputID=2785b69961718c7ab07498888c9acc9b DependenciesID=875611068e24fb1035faa4c788f01222 StaticDependenciesID=65d858ba5a23f9807834e279df143cab 
Start importing Assets/Art/UI/Documents/Japan/Old/Japan_Old_permit_stock.png using Guid(640d234191e00c440af796da43914a1c) (TextureImporter) -> (Import Result ID: '4a091c7e7ee85fa171a557ce80ef02ed') in 0.0579933 seconds [static and dynamic dependencies]. Details - ImportResultOutputID=ff8a7c19395e8344caffb588a5765793 DependenciesID=aea9922b927b10f9664800aba7d47dba StaticDependenciesID=6f4a89639548c2cc388f28e3c3ee97e5 
Start importing Assets/Art/UI/Desktop/start_button_normal.png using Guid(74a3b2f73c66d6842aed88cf1acb67be) (TextureImporter) -> (Import Result ID: '861894a78fec8a951c886eaa7f4f8f01') in 0.0036654 seconds [static and dynamic dependencies]. Details - ImportResultOutputID=6c5131a1f5b4bb819ca5842c113194d5 DependenciesID=894dbd4afcbe8f2fb45e31a281f91fe2 StaticDependenciesID=0feedb5583ba956473c95bce22a6bc16 
Start importing Assets/Art/UI/Documents/Egypt/Modern/Egypt_Modern_border.png using Guid(84dd8d5212d95814e97838e3dd65919e) (TextureImporter) -> (Import Result ID: 'c1f526274e36499231f1f311b731883c') in 0.0363586 seconds [static and dynamic dependencies]. Details - ImportResultOutputID=f1b3fe63cc94574978e94a30c60dc828 DependenciesID=e95a06a3a9c6ecf92e2dc9a52850e1e6 StaticDependenciesID=c027ddbddae4625b26342954cca7838b 
Start importing Assets/Art/UI/Documents/China/Modern/China_Modern_permit_stock.png using Guid(a462c92654ecc3c4ea3a8d68d66a7c76) (TextureImporter) -> (Import Result ID: '28e94874a8988b367f1a6fba176ff4ec') in 0.057674 seconds [static and dynamic dependencies]. Details - ImportResultOutputID=4782a4064e35a7dc4209b7824d542dc3 DependenciesID=38f130ce5d42f4bd2e4689c26f501d40 StaticDependenciesID=0a28f193054fb2f9bacab00c9b361fa5 
Start importing Assets/Art/UI/Desktop/tray_day.png using Guid(a436076098b5119488c156f588057924) (TextureImporter) -> (Import Result ID: 'c428252d2e1671df72bccbbeb0a19532') in 0.0036197 seconds [static and dynamic dependencies]. Details - ImportResultOutputID=e2eaf08a3ee8319cbc52346ce836b2c9 DependenciesID=f679ee52f795f0d6117b723040b9a4f8 StaticDependenciesID=3a30d0dfa7e2a693069046d9dc0ababa 
Start importing Assets/Art/UI/Documents/Iraq/Future/Iraq_Future_seal.png using Guid(a448a80ff5a4c9149875bfe96274f994) (TextureImporter) -> (Import Result ID: 'a747af6c82337d39e07d4b3f77aba0ae') in 0.0080733 seconds [static and dynamic dependencies]. Details - ImportResultOutputID=3ba0b7a2e2b924a049bf042ff8426e3d DependenciesID=335c2ee4eff36676d5bbc373a053e1b6 StaticDependenciesID=377b2f6ad1ddd312cb6b640c9c24c7a4 
Start importing Assets/Art/Office/Placeholder/Posters/poster_dom_iraq_science.png using Guid(a4d84fb574404d940ab7c4d327c8004d) (TextureImporter) -> (Import Result ID: '888590a3aac498d3ff73967a032da4e9') in 0.0130359 seconds [static and dynamic dependencies]. Details - ImportResultOutputID=2273e2024bd7ffb1f9151e2999d81a74 DependenciesID=186def8795ac0966c4cd3a3af9adabe5 StaticDependenciesID=e2bd773d7b76cca1838c62aebb83b70a 
Start importing Assets/Art/Title/btn_continue_hover.png using Guid(a41ade123ca4af34492353e29f8d10a4) (TextureImporter) -> (Import Result ID: '388fc61ca47b0479166a588b80e2ccb7') in 0.0063537 seconds [static and dynamic dependencies]. Details - ImportResultOutputID=0a17e15b5ef7fb70243b4af702199e3d DependenciesID=2b23a3cf06a6aece2dd1f2ad1afdfd8f StaticDependenciesID=6c51cfdd4b8eb149b4799219ef758d47 
Start importing Assets/Art/UI/Documents/China/Future/China_Future_passport_stock.png using Guid(a46dca8e97017ef4cbbef95b821f2b71) (TextureImporter) -> (Import Result ID: 'ae6ec10e1ba436838a728e567151fb0d') in 0.0576317 seconds [static and dynamic dependencies]. Details - ImportResultOutputID=dacd471cba6e307bf525e5a0d1b39871 DependenciesID=3231a477f56b9ab1eea0374932724f52 StaticDependenciesID=7d47284960392a170c678b82dddd6daa 
Start importing Assets/Art/UI/Investigation/btn_deny_pressed.png using Guid(b4c16a9d935fa6e4fa35920d32d0523e) (TextureImporter) -> (Import Result ID: '792256002424807eaceab131c1be51b9') in 0.0055053 seconds [static and dynamic dependencies]. Details - ImportResultOutputID=50727893a107b77fc4162a77101c298b DependenciesID=23b167c456038c09e3734f5957237ca8 StaticDependenciesID=5420ccce09d38ba444bfb49a126c09af 
Start importing Assets/Art/UI/Investigation/deviation_report_form.png using Guid(c4a1fc9eef4511745ac6cf08147b656d) (TextureImporter) -> (Import Result ID: '85bad120f4912b44bfe3fd738f91b7db') in 0.0575364 seconds [static and dynamic dependencies]. Details - ImportResultOutputID=72f275c5b83ffe29618263d2a62d8871 DependenciesID=3a0dfb98d2934eabfbef990173be24c0 StaticDependenciesID=bb3a4643507e521bd59e95266dea3c26 
Start importing Assets/Art/UI/Documents/Japan/Future/Japan_Future_passport_stock.png using Guid(d440843a045ebd04392fe771bf39cc2e) (TextureImporter) -> (Import Result ID: '0d5846f4ab9857c0d1f128b681e004a0') in 0.0580948 seconds [static and dynamic dependencies]. Details - ImportResultOutputID=c97d2df898ef3d5e5d21255dd5b92650 DependenciesID=84524e4dd2679efdc0fb257544fcc19a StaticDependenciesID=e1b41fb61563573ad93d24d7f464e1ef 
Start importing Assets/Art/UI/Documents/China/Ancient/China_Ancient_passport_stock.png using Guid(d4c2a5fc571ddda4a983056a6b53e125) (TextureImporter) -> (Import Result ID: 'b024241c23f6aaee2bcaebd56619db59') in 0.0581641 seconds [static and dynamic dependencies]. Details - ImportResultOutputID=190ab1034fc205250806861b71464b05 DependenciesID=a4d3bde72927577da3d75a9bc4b077f8 StaticDependenciesID=2f7933a1554da395ff4719c107b9a4bf 
Start importing Assets/Art/UI/Icons/attr_science.png using Guid(e48b3dfe27af83649a17df05aade58b9) (TextureImporter) -> (Import Result ID: 'da3390bc65c2cae813741f2a783aff24') in 0.0064034 seconds [static and dynamic dependencies]. Details - ImportResultOutputID=e2344969c4840cacd4e79ce516bbb332 DependenciesID=bdbe5e77a1a0428911de7bd6da6df3a4 StaticDependenciesID=4c5a360ad714884f5cc5adc939a466f3 
Start importing Assets/Art/UI/Documents/Germany/Ancient/Germany_Ancient_passport_stock.png using Guid(e40c744fb5b7e8a46b4b08e2b39a1946) (TextureImporter) -> (Import Result ID: 'e4e48b29aee87cd08e0da7c6dc63faa1') in 0.0578329 seconds [static and dynamic dependencies]. Details - ImportResultOutputID=9af2f1443da6ef8221235cb41f8d68b5 DependenciesID=25ea11516632f46c35713332bdbcecb6 StaticDependenciesID=be8b9abfe369d246a94ffbc4d03dfdff 
Start importing Assets/Art/Title/ending_fired.png using Guid(f46b26ff2f694de45b7ad4d0eedf33eb) (TextureImporter) -> (Import Result ID: '32de0a9b4d9fdeb61bdd1711e67bcb24') in 0.1096529 seconds [static and dynamic dependencies]. Details - ImportResultOutputID=ddb322324d84d9668b40fc13e839baef DependenciesID=d9d1587157a211a19e0bddc73ba70ec7 StaticDependenciesID=3493d1bafa050119f4a753671927001a 
Start importing Assets/Art/UI/Documents/Japan/Ancient/Japan_Ancient_permit_stock.png using Guid(252cf390a37e5f24ca52dd8145831472) (TextureImporter) -> (Import Result ID: 'ad2fde30f8e273ba98a0f55c814d4fa2') in 0.0572649 seconds [static and dynamic dependencies]. Details - ImportResultOutputID=2831c6e78b694810cdc8d49cb33d3b3a DependenciesID=4a1b9d34f64792b7fec60455cbeb68d7 StaticDependenciesID=fe56fcbabb89529c0049ada6c35d8dbe 
Start importing Assets/Art/UI/Icons/era_ancient.png using Guid(4541273c7a89d23429f50cabeeca1f16) (TextureImporter) -> (Import Result ID: '322156d6206f9a9d1d47ecbe19cd508d') in 0.0061399 seconds [static and dynamic dependencies]. Details - ImportResultOutputID=3d07dddd6cdf9579c1cd317dd74b484a DependenciesID=df09db1f3bc0c2e9726bf99aa8546d74 StaticDependenciesID=fe7dc4ca959ed21ad31c5d827480bfc1 
Start importing Assets/Art/UI/Documents/Greece/Modern/Greece_Modern_passport_stock.png using Guid(454b2092b2eca024cad4e2f5f71b9a97) (TextureImporter) -> (Import Result ID: 'ec5a7e92e312ab0e7f8e3e9b2c0f68fa') in 0.0579329 seconds [static and dynamic dependencies]. Details - ImportResultOutputID=ac077313a56ba84d49a2455959d421ba DependenciesID=c22dc2ca1a7eec3d3a8e0effbf422421 StaticDependenciesID=bc3c06266bccb8c738da35af1479ea73 
Start importing Assets/Art/UI/Documents/Egypt/Ancient/Egypt_Ancient_border.png using Guid(55d94feabcdaaa94d9d79cd117f18f64) (TextureImporter) -> (Import Result ID: 'cee4ea53fa6d99d0a79deb4773b7724c') in 0.0363799 seconds [static and dynamic dependencies]. Details - ImportResultOutputID=b1b245f0b60ceb44376fc949b8389972 DependenciesID=772effbce7145bdef9f7c4c2400bb95d StaticDependenciesID=1233f7c773e9c751d0d363f0e6fd85d3 
Start importing Assets/Art/UI/Documents/Egypt/Old/Egypt_Old_permit_stock.png using Guid(65dd9a026b018724cb0a6f346b3e3ffa) (TextureImporter) -> (Import Result ID: 'f90c7fc3aecc2354a9708f0b53606b3e') in 0.0576099 seconds [static and dynamic dependencies]. Details - ImportResultOutputID=48e754187d5a0b497204d7e86e795edb DependenciesID=e334e2f4c328db54dd4e6fdd1c136c9d StaticDependenciesID=c78ec1cd200d93666a427efcd3a00c99 
Start importing Assets/Art/UI/Documents/Iraq/Ancient/Iraq_Ancient_seal.png using Guid(85dc886d0b05ab84491abd2eafdc45b8) (TextureImporter) -> (Import Result ID: '4068922f496f11d80b7069f3a2e183a2') in 0.0076533 seconds [static and dynamic dependencies]. Details - ImportResultOutputID=327b0dd6564f8bbd31743159415680d7 DependenciesID=95a711bc62d4b9c9da5b35305486494d StaticDependenciesID=0feb88200a236ef7f769594d15c8f1d5 
Start importing Assets/Art/Home/upgrade_diplomatic_contacts.png using Guid(9594733253c592547b713ed29769dbe9) (TextureImporter) -> (Import Result ID: '5d8467536c2eeaf010af30d08797ba5f') in 0.0067484 seconds [static and dynamic dependencies]. Details - ImportResultOutputID=0132aac922ced1e68e5d3d6aeedefa99 DependenciesID=6113103c2f71214cf737fa5279d445bb StaticDependenciesID=6335b8922bbd2aa054aacec36e6c58f4 
Start importing Assets/Art/Office/Placeholder/Posters/poster_dom_china_science.png using Guid(959ef3e78c510a542a614e342f0a4ce6) (TextureImporter) -> (Import Result ID: '84bd945b254169c81577bdbc02a01985') in 0.0126403 seconds [static and dynamic dependencies]. Details - ImportResultOutputID=a3c5ac9307fab7104a91775b78f27865 DependenciesID=34ae835509f2766985c473631da4188c StaticDependenciesID=6e0a51a981d53e66dab115cda964f0f4 
Start importing Assets/Art/UI/Documents/Japan/Ancient/Japan_Ancient_seal.png using Guid(a550ce724afa4f3418f41276baad3906) (TextureImporter) -> (Import Result ID: '727add73fffccd99c67ff9c9ab702163') in 0.0078806 seconds [static and dynamic dependencies]. Details - ImportResultOutputID=4262715b9f629202ac4f164488f0ad20 DependenciesID=3fc970caeae6cd9bcf6940ef33e2919e StaticDependenciesID=cd52c1961d5a069ec53581ad4fc29830 
Start importing Assets/Art/UI/Investigation/page_blank.png using Guid(a537353ed41f8ff4697e37049cb4302e) (TextureImporter) -> (Import Result ID: '5f9e745ec19fffdfba27f6c8aef12396') in 0.0571249 seconds [static and dynamic dependencies]. Details - ImportResultOutputID=1e7924f0f7b345a918b8eb3b664d61f9 DependenciesID=7d33ce148a89a7b63665de38a11a62cf StaticDependenciesID=dad2817d0243d34f577993ac5ab927fa 
Start importing Assets/Art/UI/Documents/China/Modern/China_Modern_seal.png using Guid(b596cc9b9a191a54788254559085022b) (TextureImporter) -> (Import Result ID: 'c98512bdbe26cf04d68db6c10fa38e19') in 0.0081002 seconds [static and dynamic dependencies]. Details - ImportResultOutputID=95c2950b1a69c85e376ed84325f25968 DependenciesID=fefaa568fd433eb9f0fa312be177d417 StaticDependenciesID=44b17554a554bba8bc27bb0cd0869233 
Start importing Assets/Art/UI/Documents/Egypt/Modern/Egypt_Modern_seal.png using Guid(b54e7de645aab844e9815d88089967b8) (TextureImporter) -> (Import Result ID: '0e50159312ac2a67ce84321419ea9c63') in 0.0076427 seconds [static and dynamic dependencies]. Details - ImportResultOutputID=a845ce9d124cd1668579c1d380772bba DependenciesID=d21d41886eb42746cbfbe99d9b951bad StaticDependenciesID=d50b9c0db3dd86c3a1180c81e33f89ea 
Start importing Assets/Art/UI/DayFlow/shift_ledger_paper.png using Guid(c5c6b4d479a9905499e5758fe5df10cf) (TextureImporter) -> (Import Result ID: '010024be7ff3eeecdf55c8442ba71708') in 0.1204598 seconds [static and dynamic dependencies]. Details - ImportResultOutputID=9b9459c32524bc1f3b324485ae7916e2 DependenciesID=bf91d203d18278e29f98cde5fc509420 StaticDependenciesID=ed106d4d1891074a55ff5fa156da5983 
Start importing Assets/Art/UI/Documents/Germany/Future/Germany_Future_border.png using Guid(f539c252548fc7a4e9f3a439fa22efa2) (TextureImporter) -> (Import Result ID: '8f3b22d4442d6fac81ff1d4c8eb3d04d') in 0.0376405 seconds [static and dynamic dependencies]. Details - ImportResultOutputID=ee690ca5c75773b9c6237a84ddeffa69 DependenciesID=f2309d25c3dcd23884260287a03a1239 StaticDependenciesID=af98443b8e7e58f85ca6aa943b50172a 
Start importing Assets/Art/Home/home_bg.png using Guid(f53bf5654f132844b918fd8e09f7eecc) (TextureImporter) -> (Import Result ID: 'd0509e6a74c9aba67a855bf62400734e') in 0.1530014 seconds [static and dynamic dependencies]. Details - ImportResultOutputID=c64a80ae561b08f0845f1743b0dad153 DependenciesID=45ae90a72c8df37d23ae69da57d0a980 StaticDependenciesID=b315b0b4f36a74775bddc0b42171a7b3 
Start importing Assets/Art/UI/Documents/Iraq/Ancient/Iraq_Ancient_permit_stock.png using Guid(f56c49d79ca3aea49b0c5da3eefb14d7) (TextureImporter) -> (Import Result ID: '699176a581e7f5b9a438e46418bfa891') in 0.0575358 seconds [static and dynamic dependencies]. Details - ImportResultOutputID=e0bed9c282d25ae0357c3a9e69903090 DependenciesID=2174be7ea957cc2354bc88679ed1e61e StaticDependenciesID=ffa57646ed3aeac9c7b0e4c01459dcef 
Start importing Assets/Art/Title/ending_democracy_triumphant.png using Guid(06fc62db9909a9e478903ed29f060a45) (TextureImporter) -> (Import Result ID: '294f5486273b51c543ab8e2a51aa1831') in 0.1105044 seconds [static and dynamic dependencies]. Details - ImportResultOutputID=8a77209518203df3c6fdfebd8ab01a02 DependenciesID=5614be2cf0786e878ae74d537155cb90 StaticDependenciesID=444ccc787cd876d9f31aac2204eaa348 
Start importing Assets/Art/UI/DayFlow/btn_go_home_hover.png using Guid(1677a4aeb7712034babdf31588c3f45e) (TextureImporter) -> (Import Result ID: 'aa9c14ea5b6fbf07849e0b053a1f1b45') in 0.0060849 seconds [static and dynamic dependencies]. Details - ImportResultOutputID=a2e1598c68c0ad01c9ad3fe86c21d43b DependenciesID=4807591b3945ea6aaa94d24e3638f4d2 StaticDependenciesID=62d8c3d9b9234526e2fcdf831d9ea0f4 
Start importing Assets/Art/UI/Investigation/stamp_denied.png using Guid(169c2f5b9b814024390717f734f89669) (TextureImporter) -> (Import Result ID: '2bfed7e01a53a7e95812ecec2514c362') in 0.0077093 seconds [static and dynamic dependencies]. Details - ImportResultOutputID=2a451aea4615c0ef20ff5d8b755d20b3 DependenciesID=762e771462d0d594be9a9209dc84f8a3 StaticDependenciesID=9a3bff77bd56104b676cf4577259f043 
Start importing Assets/Art/UI/Documents/Iraq/Future/Iraq_Future_passport_stock.png using Guid(2669783aea113d4498fec7931ef81732) (TextureImporter) -> (Import Result ID: '9fd59ae582ec6a37f36737ec0205b231') in 0.0576718 seconds [static and dynamic dependencies]. Details - ImportResultOutputID=5a8147cfc3a58c5e3176702a97dc6151 DependenciesID=02a1c3da96ec211c9aa87cdf0c5ac849 StaticDependenciesID=5e46ea295a875000ce0a178d9be6251a 
Start importing Assets/Art/UI/Desktop/btn_close_normal.png using Guid(36d31a3ba2fe2b14786bfbc0638356d7) (TextureImporter) -> (Import Result ID: '5677697a96834dd117f0002ae9dc15c4') in 0.0035258 seconds [static and dynamic dependencies]. Details - ImportResultOutputID=4d36c2bfcf374f2cbaf7022efe2efde0 DependenciesID=0846229b642ab7c2396b29ae2cbf3ab4 StaticDependenciesID=a75e06f939a14ffe790fd244d129990b 
Start importing Assets/Art/UI/Investigation/intercom_button_normal.png using Guid(56238a8ba6b016e44849ee2ca272cb9c) (TextureImporter) -> (Import Result ID: '761551abd07a1113e7d7e959e96bf520') in 0.0053096 seconds [static and dynamic dependencies]. Details - ImportResultOutputID=7f9a8a5a4788d237c50e9be59c8224b3 DependenciesID=bea5da8f03ab256c4f9334e2a8ccb7d2 StaticDependenciesID=964a6c7e5ec55cc34601dfd67bdaf7f1 
Start importing Assets/Art/UI/Documents/Japan/Future/Japan_Future_border.png using Guid(56cfc5fdc60812247a24f7ef456ec3e4) (TextureImporter) -> (Import Result ID: '86d407b95dcb6da50696ac982d924c69') in 0.0378856 seconds [static and dynamic dependencies]. Details - ImportResultOutputID=d05b4d3766a3495c0a29c848afcf5d56 DependenciesID=748b58d13bcef954db300874f7ebe9ac StaticDependenciesID=75780cc1b1ad30a0feb24178df73403f 
Start importing Assets/Art/Office/Placeholder/crt.png using Guid(7644ae1328f8fd84ba208f5024860681) (TextureImporter) -> (Import Result ID: 'ff158c43788107666688280e52bc34b6') in 0.0153186 seconds [static and dynamic dependencies]. Details - ImportResultOutputID=83f808fc86aff42b5d47c292d12bb419 DependenciesID=09ef78483f4a42d55129ef4897dc5d85 StaticDependenciesID=c76241952fbffef24a300c5ebb7ddd4e 
Start importing Assets/Art/UI/Documents/Germany/Modern/Germany_Modern_passport_stock.png using Guid(86c3bc7b7b54b5b4dbcb48405339c1ef) (TextureImporter) -> (Import Result ID: 'e327b0fa646148dc244ca587a0824c8a') in 0.058942 seconds [static and dynamic dependencies]. Details - ImportResultOutputID=58c0b021692945ab9de1c13abcea3dee DependenciesID=0a4ec65b1b41821586c1b607a9893933 StaticDependenciesID=c8bffd86d6b2efea11c9abb62f51d249 
Start importing Assets/Art/UI/Documents/Italy/Old/Italy_Old_seal.png using Guid(964c8c376be7885498ae8576f5e30978) (TextureImporter) -> (Import Result ID: '781257a955642daf8433540614075063') in 0.0076734 seconds [static and dynamic dependencies]. Details - ImportResultOutputID=42e7e7c5a1e8b0c68c08711868c9eb29 DependenciesID=84382cc1b6a341216356da186908196f StaticDependenciesID=49aa3ed9d6b01e744b202f01ef42c499 
Start importing Assets/Art/UI/Documents/Japan/Future/Japan_Future_seal.png using Guid(961ed0a5e48ba064f85345237373fb92) (TextureImporter) -> (Import Result ID: '09025fd82027302ffccfabf566ee2a01') in 0.0075801 seconds [static and dynamic dependencies]. Details - ImportResultOutputID=cb874b43121cdaf75b5cb0d9fd309ac3 DependenciesID=b1d36d609e232f4d36f1e312502d8458 StaticDependenciesID=5ff12ab404790f14cae86819a6d7dd30 
Start importing Assets/Art/Home/slot_machine.png using Guid(b60219455ca6a394995497272be62e1d) (TextureImporter) -> (Import Result ID: 'a4eb45f59d73b3b277efbf8783427b6c') in 0.0595283 seconds [static and dynamic dependencies]. Details - ImportResultOutputID=d414d88bb81c571c0dbbee592746f562 DependenciesID=b61179a35aae31434846af0f5a3c5cd7 StaticDependenciesID=d10ab53590526472e7da6efdc5f9ce51 
Start importing Assets/Art/UI/Desktop/btn_back_to_office.png using Guid(b69a2ea7f6f83ce4888be51273b50d87) (TextureImporter) -> (Import Result ID: '40d71fa297c4b430cd6e6ea33f4b3efe') in 0.0040121 seconds [static and dynamic dependencies]. Details - ImportResultOutputID=239c481c24d377ac9c7d85ba129a738c DependenciesID=3b048f600f4792d3d67360bd408548b5 StaticDependenciesID=f6882cea7e7dcc3e7eeb72df0d5eb4ff 
Start importing Assets/Art/UI/Documents/Britain/Ancient/Britain_Ancient_passport_stock.png using Guid(c6814a981a9976145aedd45da761d174) (TextureImporter) -> (Import Result ID: '99e81b36f650611a1d6bcdcb0e1a481e') in 0.05717 seconds [static and dynamic dependencies]. Details - ImportResultOutputID=b2c4d72c27f929df7f340bd381a0541f DependenciesID=55e0aa93bfff65f9f0cbd6d55a4711a7 StaticDependenciesID=2e4d924af802a8363c35508e0d4b17b5 
Start importing Assets/Art/UI/Investigation/compare_bar_match.png using Guid(c6629320444cdb648983c78ad27cfa51) (TextureImporter) -> (Import Result ID: 'be1bbcbc5ac5869ce531e6c1f693083f') in 0.008764 seconds [static and dynamic dependencies]. Details - ImportResultOutputID=8013db1e10f888b870082f7c565292da DependenciesID=17e07e2d8381eb6fd959f29abb3cc7dd StaticDependenciesID=39ddb08a3e8fccc257c7e9fc64e82647 
Start importing Assets/Art/Office/Placeholder/poster.png using Guid(d61f6be2312cfa547a4153f221426ec8) (TextureImporter) -> (Import Result ID: 'a5106839dfb91dd4e2db516760f4fcd7') in 0.0070752 seconds [static and dynamic dependencies]. Details - ImportResultOutputID=c65451505ac2647cdfdaa1aedd537997 DependenciesID=ba6351fb1860b92f1ecbc8621161ffea StaticDependenciesID=d163e6a912350ba45f3b22739a901a97 
Start importing Assets/Art/UI/Investigation/refbook_page.png using Guid(e6c3c320d8836c2479f2052289048a83) (TextureImporter) -> (Import Result ID: 'af3269bc0eb96d53a4c5f8cf0828d25d') in 0.0572881 seconds [static and dynamic dependencies]. Details - ImportResultOutputID=7bf322b72f9d4ada5d3ca3c2923382c3 DependenciesID=8b250e2346361bcdfc663c03b08b8f5f StaticDependenciesID=d33bba514fcab2ebfd88b3a5e350ebd5 
Start importing Assets/Art/UI/Documents/Italy/Future/Italy_Future_permit_stock.png using Guid(e617f4e02262ecd44950fa520bfe17cd) (TextureImporter) -> (Import Result ID: '677803ce2c5da6cc0c8ce433381127f6') in 0.0569352 seconds [static and dynamic dependencies]. Details - ImportResultOutputID=209998d1d9a218d7dbb06cd270b9e8ee DependenciesID=999745efb359761cfa5988021a672452 StaticDependenciesID=169db55575587555a1d57c10db358362 
Start importing Assets/Art/UI/Icons/icon_stability.png using Guid(e689b2e1091b179459dcf8977b6e43fa) (TextureImporter) -> (Import Result ID: 'dbb1a5d73c308be2bff1d9d23b38619f') in 0.0061287 seconds [static and dynamic dependencies]. Details - ImportResultOutputID=7588e18223130bcc4c20b58693d81b9b DependenciesID=7234414b56ca3d4cf922f833f7a7b4f7 StaticDependenciesID=957d979f5bb48d1ca85f0b9f81d7db8b 
Start importing Assets/Art/UI/Desktop/icon_directives.png using Guid(f6a5401fab52a1d44a10a5914dd1e4ef) (TextureImporter) -> (Import Result ID: '093afce75a7ff8f563509ded2ac21cac') in 0.0043151 seconds [static and dynamic dependencies]. Details - ImportResultOutputID=829faa1ac60d13247a5c5382e73c6ae8 DependenciesID=2b84fd78cad87ec802e8fdb1b04fc745 StaticDependenciesID=f4bd3282d3ece68b15ac49ca7f741f63 
Start importing Assets/Art/UI/Desktop/start_button_pressed.png using Guid(f69705fdcad98db469f087c74a77c1da) (TextureImporter) -> (Import Result ID: 'fe99962a9e97c875b2d4d590348c0604') in 0.0034843 seconds [static and dynamic dependencies]. Details - ImportResultOutputID=233d9128ce2dd7f7143fdaae08444445 DependenciesID=fb287dcedc5fb980be1b9c632d90a161 StaticDependenciesID=7be4ef3cac360bab55fa2a8de22d6731 
Start importing Assets/Art/UI/Investigation/directives_sticky.png using Guid(172f64fa0831aac42a82805385e7eedf) (TextureImporter) -> (Import Result ID: 'e086fd2d8b60128ac9344acedcfa024d') in 0.0139944 seconds [static and dynamic dependencies]. Details - ImportResultOutputID=e30ea7c477274219c7e9239c9760ba90 DependenciesID=9eefa6cef32c2f4352fab54dba3dc84e StaticDependenciesID=07b0a951dfbd4377cb07d157265d85b1 
Start importing Assets/Art/UI/Documents/Iraq/Modern/Iraq_Modern_seal.png using Guid(27930e8f4f230394b87e0d117389311b) (TextureImporter) -> (Import Result ID: '2293d6ff35175d57266f11447c1c374a') in 0.0076865 seconds [static and dynamic dependencies]. Details - ImportResultOutputID=7b7b0b31b29bf530d8e5d0d8e19d8e2f DependenciesID=71458d6b94168483dbd5216a46e9c34a StaticDependenciesID=467c46a2e699d7cc471054b3ea642dd8 
Start importing Assets/Art/Office/Placeholder/Posters/poster_dom_britain_art.png using Guid(2785d13a4649161468b19f21040ebf32) (TextureImporter) -> (Import Result ID: 'fb56f36f8489ee6c325fe2c509b003d2') in 0.012597 seconds [static and dynamic dependencies]. Details - ImportResultOutputID=14ca869986bfce93f320bc3239f3366a DependenciesID=130a5cb514fdf75a7cd69265b0e8dff2 StaticDependenciesID=37a1ae1ea361d2433fb716248ff62668 
Start importing Assets/Art/UI/Icons/attr_art.png using Guid(276b27f4ed518bc4e875d5fb9ac6b5bb) (TextureImporter) -> (Import Result ID: 'b7b810928706c0206688f2cc66a0f942') in 0.0062278 seconds [static and dynamic dependencies]. Details - ImportResultOutputID=f8734ea582a10d4ded8a6c309c12de03 DependenciesID=3a6561b81d2dba2614c2792078d084f4 StaticDependenciesID=60c0b9eaa2cedb3bca63615176586091 
Start importing Assets/Art/UI/Documents/Japan/Modern/Japan_Modern_permit_stock.png using Guid(3743339a5344b0f42ae9a3612b7bf705) (TextureImporter) -> (Import Result ID: '24bc676a2e36642cbfdba786696df87b') in 0.0584755 seconds [static and dynamic dependencies]. Details - ImportResultOutputID=0c6607a251798a2466b4f661acd324b5 DependenciesID=1543f03502d7a06f4284d3df8f84b48b StaticDependenciesID=cdfa79b65270db3345612a63ff7d1405 
Start importing Assets/Art/UI/Documents/Iraq/Ancient/Iraq_Ancient_border.png using Guid(3725cf2eaea796d4a8ed03732272bae5) (TextureImporter) -> (Import Result ID: '3151373b9e7b61c4ef03b6f4a8386fb1') in 0.0365766 seconds [static and dynamic dependencies]. Details - ImportResultOutputID=db4879a9a1cc7a32662595e37c63f567 DependenciesID=c60d432a574b9623f2ddb8815c84347c StaticDependenciesID=cced4cf0849730850fdbc7132c676a2e 
Start importing Assets/Art/UI/Desktop/cursor_arrow.png using Guid(3707fb6a04fa4734f8dac01a7c12933b) (TextureImporter) -> (Import Result ID: '37ca1f1cc268414492a5accfb967aa5c') in 0.0032733 seconds [static and dynamic dependencies]. Details - ImportResultOutputID=240776c38380928c8ef543f18a7ffe23 DependenciesID=174c274a029026c0efa3c56eef3bd1c5 StaticDependenciesID=8b7447e1db320e1609eaacacc75d910c 
Start importing Assets/Art/UI/Desktop/tray_credits.png using Guid(47c0dd3a4b17dc14b873083f9994e1fb) (TextureImporter) -> (Import Result ID: '6a3b0f8d8018f89910c4585fef19326b') in 0.0029416 seconds [static and dynamic dependencies]. Details - ImportResultOutputID=94b283f98dc6ce4dd68eb27c99371319 DependenciesID=ef202eb03b5b7f18624d61fe3307e773 StaticDependenciesID=e3fcf068df14bc95ace5452fc92d5ba1 
Start importing Assets/Art/UI/Icons/attr_industry.png using Guid(67e02cde02968da4d840d61ef9d844a9) (TextureImporter) -> (Import Result ID: 'cf2d6640edbbc7f63a77a9fc106e2686') in 0.0065655 seconds [static and dynamic dependencies]. Details - ImportResultOutputID=1d75ba75a955e3321316e28737658f75 DependenciesID=3c6a6c535548611b2e1702fec5fd3b59 StaticDependenciesID=6db339898443494910eeff5e0dcb0aac 
Start importing Assets/Art/UI/Documents/Iraq/Future/Iraq_Future_permit_stock.png using Guid(77c7527a3c4a5214eab426766e57f0e7) (TextureImporter) -> (Import Result ID: '03e1afea5305821c75cd1ec64fea9140') in 0.0575638 seconds [static and dynamic dependencies]. Details - ImportResultOutputID=a11017664acf386dcdcd8eb134147b1e DependenciesID=3355d746eb8648ac6d365830925cd344 StaticDependenciesID=bbf2d75023d72d1d981c391cf29647fb 
Start importing Assets/Art/UI/Documents/Egypt/Old/Egypt_Old_seal.png using Guid(77fcf0ebd08d4364daf540770b529aed) (TextureImporter) -> (Import Result ID: 'cc6a2288f8e5c91df533fd7a96d0c81e') in 0.0077332 seconds [static and dynamic dependencies]. Details - ImportResultOutputID=cc37fa0cdd5a8e936fc684c8525f71f6 DependenciesID=77f0d40bb82a8ca306d2b14017eae278 StaticDependenciesID=785844179272e68b9fe6797e72c0bead 
Start importing Assets/Art/UI/Documents/Britain/Old/Britain_Old_passport_stock.png using Guid(877167c20c0b1d548b4dc6d09f95c01a) (TextureImporter) -> (Import Result ID: '4e580288bb075ecda9ff965afc7073bc') in 0.0579735 seconds [static and dynamic dependencies]. Details - ImportResultOutputID=54deec13f897ff160cb52c075f3a143a DependenciesID=e6f75b88d5045445dfb5152f6d3427dc StaticDependenciesID=e22215b338e8be4f72216084ca4ebd9c 
Start importing Assets/Art/UI/Documents/Britain/Old/Britain_Old_permit_stock.png using Guid(87f4e858fb602ed43b25af68c11d9e68) (TextureImporter) -> (Import Result ID: 'afbbfee45bd7ad90c6578d3dfb2ef3a0') in 0.0577722 seconds [static and dynamic dependencies]. Details - ImportResultOutputID=0e92bf0cc7825833c20be7865bb7f03b DependenciesID=bca43e937436cf0718dd3ff3ad04352c StaticDependenciesID=986eb57b25b1a2af6955661c57ebd860 
Start importing Assets/Art/UI/Documents/Italy/Modern/Italy_Modern_passport_stock.png using Guid(9714495d788080d4197042062f05748e) (TextureImporter) -> (Import Result ID: 'c8554e9671408dbd89f9c51e6d32110a') in 0.0580994 seconds [static and dynamic dependencies]. Details - ImportResultOutputID=ae10097f168860011e842f41d3f9fe97 DependenciesID=ff1effda6237362f2e0dcbaa9b343309 StaticDependenciesID=b3d7bbc05db68c270be87c69ef51b9f2 
Start importing Assets/Art/Office/Placeholder/Posters/poster_dom_japan_art.png using Guid(978ae2c846052a24b8aa832b9fdbe0be) (TextureImporter) -> (Import Result ID: 'f8b2c6453aa8863a8ddc429f4cf0584f') in 0.0127921 seconds [static and dynamic dependencies]. Details - ImportResultOutputID=e248842b215542ed9b3129b4f4c064b9 DependenciesID=2a43b4b0a8f03412f4d1e8c1b006037f StaticDependenciesID=9dc4bd63de0e1cdb1c9dc99171f02555 
Start importing Assets/Art/UI/Documents/Germany/Ancient/Germany_Ancient_seal.png using Guid(a7344dcc2ae05934c8a0c50fd3b119f2) (TextureImporter) -> (Import Result ID: '5fae0aabe726c77a65c0cb0214d248a9') in 0.0076878 seconds [static and dynamic dependencies]. Details - ImportResultOutputID=3fbd5ab50cc74a6d92de0fd76ed81261 DependenciesID=f54c309278b1ea895a8a22012f980526 StaticDependenciesID=1e97ba71c1a7ff1b3e1079896f37dcc7 
Start importing Assets/Art/UI/Documents/Iraq/Modern/Iraq_Modern_border.png using Guid(c7681bd73ccc5db45af87aa54f169f72) (TextureImporter) -> (Import Result ID: '207a22d269df204574dcf5b4afbebf07') in 0.0361691 seconds [static and dynamic dependencies]. Details - ImportResultOutputID=b33754a1c5e9fe8666b08334cb646b32 DependenciesID=3d0821932ab67a972e9d2615e4518378 StaticDependenciesID=74e8b1d3115beb6a5493d784f763e637 
Start importing Assets/Art/Home/panel_shop.png using Guid(c78d9c4d05df0f741820fc3b869da5fc) (TextureImporter) -> (Import Result ID: 'f1043f49d65c75ac45e2a82f40f3a06a') in 0.0486877 seconds [static and dynamic dependencies]. Details - ImportResultOutputID=ad15138dbe35ee7df06f821064007fa9 DependenciesID=07a73565c5f16b1edea7b07912164899 StaticDependenciesID=10b0bab5f9d9a6697216f3eeb66d700a 
Start importing Assets/Art/UI/Investigation/claim_banner.png using Guid(c7ddcdb2cdaf3e44ba57f9c1d2a990c3) (TextureImporter) -> (Import Result ID: '986284dad1d6fb895f55d0d76410220a') in 0.0113078 seconds [static and dynamic dependencies]. Details - ImportResultOutputID=431c5bb4e88abf7f77269952162a8421 DependenciesID=dbf528e9bca8cbf4f5500822e07e56e5 StaticDependenciesID=0da84a3e18d5bdd87c4e91bcc783be39 
Start importing Assets/Art/UI/Investigation/photo_frame.png using Guid(e7f1df8667a3c44419be7b1f9dd017b5) (TextureImporter) -> (Import Result ID: '8eb8da3b73b5cf9524472784a019810a') in 0.0066272 seconds [static and dynamic dependencies]. Details - ImportResultOutputID=a2eca55de24a56a7c7023e64f9a5dbce DependenciesID=e6e0f6ae99154d9ab8e2740d0c7a75ad StaticDependenciesID=cb4a54f500a69471174ec15d807f8859 
Start importing Assets/Art/Office/Placeholder/Posters/poster_dom_britain_democracy.png using Guid(e707dbcae3525d549adbceae480bd11d) (TextureImporter) -> (Import Result ID: 'f9c540a50936099418d4d94628e1d98a') in 0.012478 seconds [static and dynamic dependencies]. Details - ImportResultOutputID=2b812b272a3e95b0c899878c8faed925 DependenciesID=f794b81980836c6873e8956231a9485c StaticDependenciesID=54bdc850aa637d43eb9069abd8d2059a 
Start importing Assets/Art/UI/Documents/Egypt/Ancient/Egypt_Ancient_passport_stock.png using Guid(f705033db854c164b8e324feb9c6bc09) (TextureImporter) -> (Import Result ID: '49a391cc0f343ad4725708afadb591b6') in 0.0574155 seconds [static and dynamic dependencies]. Details - ImportResultOutputID=3a6dafef3d920dcfbdc1d5ce35ace99f DependenciesID=8c16bcd8037adf4e0d5219831c1c9c48 StaticDependenciesID=05f4dc823bb1f784ad67f977a9ba745f 
Start importing Assets/Art/UI/Documents/Greece/Modern/Greece_Modern_permit_stock.png using Guid(f7d994fa5dccdc34d8549c4465cc2d88) (TextureImporter) -> (Import Result ID: '45313ee53bc0bf1bb94baf6ef086c38e') in 0.0579468 seconds [static and dynamic dependencies]. Details - ImportResultOutputID=b41d1313ebb74fb4c21759014b20c2b3 DependenciesID=4aa52819356a1cf3eaaccfafa2da9808 StaticDependenciesID=9575410afc7db457284f2be47a67739e 
Start importing Assets/Art/UI/Documents/Iraq/Old/Iraq_Old_permit_stock.png using Guid(f73d6297dcca7174eab3c9e66c9f5504) (TextureImporter) -> (Import Result ID: 'd419825fbbc268851cd9fa35cc4c4d9c') in 0.0580584 seconds [static and dynamic dependencies]. Details - ImportResultOutputID=58b99640a91a48dce6c755dd9ae1c133 DependenciesID=ec726c7435aef4fd93c3ad7eda2d4eae StaticDependenciesID=dd2a5d982c84ac9229c0c7275ef4e794 
Start importing Assets/Art/Title/btn_new_run_normal.png using Guid(08afceb8fba62654ea1fd2d1a879faaa) (TextureImporter) -> (Import Result ID: '7d3664495ae3ce63b8d7cf3e8c859ae6') in 0.0062501 seconds [static and dynamic dependencies]. Details - ImportResultOutputID=23e856238b541003a611ad348606b699 DependenciesID=b2f6faab7f3debb2ef22641e006ba5ef StaticDependenciesID=761be5ab8a363d2ad06d29487e8782ec 
Start importing Assets/Art/UI/Documents/Greece/Old/Greece_Old_passport_stock.png using Guid(2824f9e7dcbe0a1488f444dd21421fb5) (TextureImporter) -> (Import Result ID: 'bc13abc169457ca67c5a40f33bb0121d') in 0.0575769 seconds [static and dynamic dependencies]. Details - ImportResultOutputID=dedec47bbc7de6a9d1a9fa2c11947dc4 DependenciesID=e8cb1b373e6ea5b65b406ab5c848c01d StaticDependenciesID=4de8a6a0ce2f0f31bdfe5b4e84f9c060 
Start importing Assets/Art/UI/DayFlow/shift_ledger_header.png using Guid(28545497e6880e044b8d94a311eb6bf8) (TextureImporter) -> (Import Result ID: 'b14df92024d1bc0af9afd0d141de7d8e') in 0.0149368 seconds [static and dynamic dependencies]. Details - ImportResultOutputID=4b8f6088b2f366cb1583b5601ccc94ec DependenciesID=2c575a755af73f3d1584324761f1bca3 StaticDependenciesID=1f481e3997cb1522d24bd3198a5caaab 
Start importing Assets/Art/UI/Investigation/btn_deny_normal.png using Guid(486c8500cdd4d9544a225cd739b4242b) (TextureImporter) -> (Import Result ID: 'e7da4f3af00b5bd0a08f6ac15a39066e') in 0.0058479 seconds [static and dynamic dependencies]. Details - ImportResultOutputID=9e8b4ea531858a8ec4c5ae299faa8e1c DependenciesID=c733acb0305c9f19764ea563822c4cbb StaticDependenciesID=3c0ecbe91afd303dd972a952f78ac71b 
Start importing Assets/Art/Title/logo_time_sorter.png using Guid(68d99f7fd5d2bbd47bc8ad5013c970d6) (TextureImporter) -> (Import Result ID: 'dc9e2bf4981be9b4b99fed31c8dccdbe') in 0.0210771 seconds [static and dynamic dependencies]. Details - ImportResultOutputID=b281e9330a11e873a58e97e95290ecd6 DependenciesID=f44e758084c823882fbebfda864a9026 StaticDependenciesID=0070d1dafb34b23c7101956986a71ec5 
Start importing Assets/Art/UI/Documents/Egypt/Ancient/Egypt_Ancient_permit_stock.png using Guid(7854dd3fda5bb0e4585433830b4e7e80) (TextureImporter) -> (Import Result ID: '539f7a49ef9c4f1447332cc58fe3c778') in 0.0574914 seconds [static and dynamic dependencies]. Details - ImportResultOutputID=070ee273c8ddea368fc234e4a46de959 DependenciesID=65ad695dc334a3f947c983784501ab35 StaticDependenciesID=601ef73c8b237f841f285f2e8c079909 
Start importing Assets/Art/Office/Placeholder/Posters/poster_dom_greece_art.png using Guid(789b1a11461d28e4a80401ca35f6fe65) (TextureImporter) -> (Import Result ID: 'b35e3efb8507445b9017c744519596da') in 0.0126548 seconds [static and dynamic dependencies]. Details - ImportResultOutputID=834ee082a2b3dde4d94e8cd550be6cf7 DependenciesID=fb8f9643d4442cd2b792e23e48395394 StaticDependenciesID=178846be937f6101ad3cf06c10078bbc 
Start importing Assets/Art/UI/Investigation/citizen_records_frame.png using Guid(789fcc8f5adeb0b49a3f28e4ef450b8f) (TextureImporter) -> (Import Result ID: '647084ca13cbd6ef38c33ce684595720') in 0.0300203 seconds [static and dynamic dependencies]. Details - ImportResultOutputID=48e02e75cedf8c73d5c45904b885b2c6 DependenciesID=bf5e60d9a0844a04d648be9ad5ccc9e9 StaticDependenciesID=ddee9619908ef1ecb46103ff123e4a46 
Start importing Assets/Art/UI/Icons/era_old.png using Guid(8826558358dbfc647bf989116407745c) (TextureImporter) -> (Import Result ID: 'ed43cabcd6789e43029373b3a886bbab') in 0.0061567 seconds [static and dynamic dependencies]. Details - ImportResultOutputID=753dc11915101cb67418f3f80219a774 DependenciesID=2900c8c34db3fc17517c66462a94197a StaticDependenciesID=54a745449b71e7db5fc22c76ee748b01 
Start importing Assets/Art/UI/Documents/Britain/Old/Britain_Old_seal.png using Guid(88c654a6a7a791145ae348496513ef29) (TextureImporter) -> (Import Result ID: '9d719f814bbfffb513eb899a927349df') in 0.0076928 seconds [static and dynamic dependencies]. Details - ImportResultOutputID=2f184fcb2cb6ab1c94583bfc309c860f DependenciesID=a9fc755f17fd48f7b99c6d09c2214ab8 StaticDependenciesID=d6e2e0242352dfdcf7340d44b5ae3287 
Start importing Assets/Art/UI/Documents/Iraq/Modern/Iraq_Modern_passport_stock.png using Guid(882e1548707d3804397cdbf5962fd8a3) (TextureImporter) -> (Import Result ID: '1534aa40f8084264b62150fd04e4b5ae') in 0.0578566 seconds [static and dynamic dependencies]. Details - ImportResultOutputID=c0cdfb9c6e3336155b5072a11998fcf8 DependenciesID=8b7dfaa27ca6f94431ce6a60d5332b17 StaticDependenciesID=d54c2565601e3f98df62bc25324b4891 
Start importing Assets/Art/UI/Desktop/start_menu_panel.png using Guid(883f0a4116a0fe84fb9d5f75d1f81ddb) (TextureImporter) -> (Import Result ID: '20be6a2eb9c5708472f2cff66053d5dd') in 0.009779 seconds [static and dynamic dependencies]. Details - ImportResultOutputID=f336b2f8a623b6e0409ca74859744944 DependenciesID=174218f4284068dc10c1027f03662646 StaticDependenciesID=f73dbf1291df62804f61cd1220e6282e 
Start importing Assets/Art/UI/Documents/Britain/Modern/Britain_Modern_seal.png using Guid(9872c717ce8b61d4d81fbad7f14df386) (TextureImporter) -> (Import Result ID: 'b9d49ec7550ae5434a96b7cca78c3b92') in 0.0076668 seconds [static and dynamic dependencies]. Details - ImportResultOutputID=5f9d3e30a2b3306d11ff465a67a208ee DependenciesID=776c5394925c97af2a78e54c9c84d0f8 StaticDependenciesID=75da48c6d795ef03274e3466cfae01a9 
Start importing Assets/Art/UI/Documents/Italy/Old/Italy_Old_border.png using Guid(9896bc460820b6a458cfb837f757eb6d) (TextureImporter) -> (Import Result ID: '11af718553dbfa74541393522efda5e0') in 0.0359344 seconds [static and dynamic dependencies]. Details - ImportResultOutputID=b07b66fe5cf3f4bf9fb359caa4442237 DependenciesID=34ff0b00a44a4d87b3bfc2933ba8014e StaticDependenciesID=4689454683e6392f2f4f425ed3404c82 
Start importing Assets/Art/UI/Documents/Greece/Future/Greece_Future_passport_stock.png using Guid(a87b7865d744c5d4ea9c34185e759da9) (TextureImporter) -> (Import Result ID: 'c4b25771bd590d76158b5f0f15bf95eb') in 0.0574335 seconds [static and dynamic dependencies]. Details - ImportResultOutputID=daf876e286458bfd8bc4d8d0c5cb472b DependenciesID=b52045b06221fa85e6c52316e73b0426 StaticDependenciesID=392c8fc81f7b7889bc8963cc7ea14d2c 
Start importing Assets/Art/UI/Investigation/refbook_cover_currency.png using Guid(a85c8abbfe2879f4197d14856a1c2502) (TextureImporter) -> (Import Result ID: '4468cd180344f1784fd732829ca01bfd') in 0.0173349 seconds [static and dynamic dependencies]. Details - ImportResultOutputID=968c2aeff27c2a50b51cc493737a5d3a DependenciesID=2df63e51a80a45d3dfd6bad49c0e0739 StaticDependenciesID=e6b7c78ef70392a008dfd11031917f0f 
Start importing Assets/Art/UI/Documents/Germany/Modern/Germany_Modern_permit_stock.png using Guid(c8c052787b523064ea3b1bd232a2edda) (TextureImporter) -> (Import Result ID: 'c010be2bc51c9d05e51f10858324e843') in 0.0572306 seconds [static and dynamic dependencies]. Details - ImportResultOutputID=503fffad2ce5eeb226af771521ec51dd DependenciesID=737efa25c752b0a365ab67c925ecac59 StaticDependenciesID=b238ba21ba97f742bfc8cdf1d381e194 
Start importing Assets/Art/Office/Placeholder/Posters/poster_dom_italy_democracy.png using Guid(d866a42834cfcd54d8db7a92dc86938a) (TextureImporter) -> (Import Result ID: 'c34c9b12b021fe9caa3f4d931a3978ce') in 0.0125239 seconds [static and dynamic dependencies]. Details - ImportResultOutputID=e2257d4a1386a4ab05379445b1a43e9c DependenciesID=3f7a743db8b257131395aa63bde8ec25 StaticDependenciesID=552a240953a578f1bfc5dee122da811e 
Start importing Assets/Art/UI/DayFlow/btn_go_home_normal.png using Guid(d829920db98c983499a7812669426563) (TextureImporter) -> (Import Result ID: '7066c6f01285ec8b6e68c0eecfc8cab4') in 0.0058111 seconds [static and dynamic dependencies]. Details - ImportResultOutputID=49684d57d14d3c607cb97aaca5358ef7 DependenciesID=b00d4e30ca0b3e2bd4ee73dd972411ef StaticDependenciesID=960c5ebe55cd314d52d81dd8f82de1cb 
Start importing Assets/Art/Title/ending_bankrupt.png using Guid(e81eb48291124414395b8b5c5c662b4c) (TextureImporter) -> (Import Result ID: '0cf8d8ed16ba61c16a73e75518aa3504') in 0.1077643 seconds [static and dynamic dependencies]. Details - ImportResultOutputID=01e0b0843b62e10c44d69d7b6e081569 DependenciesID=bed3c7e416af688ae29ed29661791ce9 StaticDependenciesID=4fcc70cb9c92107ad0d814b40727b498 
Start importing Assets/Art/UI/Icons/era_modern.png using Guid(29827ed6dc69fcc45809ad2941a4353e) (TextureImporter) -> (Import Result ID: '4fee117a766184088b39aaf924eb3106') in 0.0059284 seconds [static and dynamic dependencies]. Details - ImportResultOutputID=cdc93fe36c98e7621b653147c8de3664 DependenciesID=1058c9386832662a9c75d1b5431d4c60 StaticDependenciesID=dac20fb4558a31cf0560666d387a3b27 
Start importing Assets/Art/UI/Documents/Iraq/Future/Iraq_Future_border.png using Guid(29a718270d4cee04ea1e0a55e3cd0819) (TextureImporter) -> (Import Result ID: '8e10ecee54f23770e67473f745e69b37') in 0.0376269 seconds [static and dynamic dependencies]. Details - ImportResultOutputID=0fed114b435b551d453b83c69ff2641f DependenciesID=7f2e7b34bb2c71011aa67771ece655e4 StaticDependenciesID=b98da1a2f13fdee780676a07014d2533 
Start importing Assets/Art/UI/Documents/Germany/Modern/Germany_Modern_border.png using Guid(29a81bc64fcbddd4699ad5c4bb236863) (TextureImporter) -> (Import Result ID: '947fda7b09ad2d92719e985442f2e86e') in 0.0365085 seconds [static and dynamic dependencies]. Details - ImportResultOutputID=883bbfaab20ffa29f7dfd53fe98f700c DependenciesID=aeb0a88b360aaa85552cf7a10a955a68 StaticDependenciesID=5eb9a28fced98445c82c5d934e1fbdf1 
Start importing Assets/Art/UI/Documents/Britain/Ancient/Britain_Ancient_seal.png using Guid(2939fd8a4a45bc946812bbf585a0b441) (TextureImporter) -> (Import Result ID: '290b06675809fb848bb0f3515832a27f') in 0.0077383 seconds [static and dynamic dependencies]. Details - ImportResultOutputID=55d722c943c3827cd52805dff5b9c91d DependenciesID=d917718fbde7cea408147a043ed336a6 StaticDependenciesID=b394b9a52a26b4c6200af35c5be65eb5 
Start importing Assets/Art/Office/Booth/scanner_tray.png using Guid(29ccc5e36bda61a47861af2d239d3c37) (TextureImporter) -> (Import Result ID: '2e19696d906fd5a9d855dd3aa12978b5') in 0.0119347 seconds [static and dynamic dependencies]. Details - ImportResultOutputID=501f4a207977b43493386b49185aa4f2 DependenciesID=ce450c87f0924931322cabf7bcba9a91 StaticDependenciesID=b6f8c0d6cdc8d382d528a4ad0a8f40ed 
Start importing Assets/Art/Office/Booth/lighting_overlay_cold.png using Guid(49749bdde6ec365428f13936c5c7db1a) (TextureImporter) -> (Import Result ID: 'ac5a3effa4d39d154629f6e9623c8951') in 0.1204726 seconds [static and dynamic dependencies]. Details - ImportResultOutputID=12af13c684f56649fe74678ca3790481 DependenciesID=11f0a925f162129c2e5084ec0dda79fe StaticDependenciesID=ca92fc7c236cc87537af805e3fb0512f 
Start importing Assets/Art/UI/Documents/Iraq/Modern/Iraq_Modern_permit_stock.png using Guid(69d8b13ca4bade348aadea44499b1151) (TextureImporter) -> (Import Result ID: 'b71faa16cd85cdf2d4cf8da8bb40e04c') in 0.0586484 seconds [static and dynamic dependencies]. Details - ImportResultOutputID=d67b0df804c9beed4bc72323f905b15f DependenciesID=59b0a1a67a7b7a36197da1d08ac09ab7 StaticDependenciesID=1e0e68ae6015854bc3942e41d6abe245 
Start importing Assets/Art/Office/Booth/desk_plant.png using Guid(89e99064181af61448f3a183d5b59de8) (TextureImporter) -> (Import Result ID: 'f366dcae0b6eb7629b90f7c453e7fce1') in 0.0077174 seconds [static and dynamic dependencies]. Details - ImportResultOutputID=c450b91e75c76d91a3c4a698d85eb67b DependenciesID=22c849d03dee8b584b5400ad49f61755 StaticDependenciesID=967f064e3e4705c15f92fec7bb22c18e 
Start importing Assets/Art/UI/Desktop/icon_scanner.png using Guid(896a36195afb8aa48a4d33f6ca4d0236) (TextureImporter) -> (Import Result ID: 'd667254d15692b90805ad4a7f6fba73f') in 0.0044146 seconds [static and dynamic dependencies]. Details - ImportResultOutputID=f019c64200fb931874b0ee423129cbad DependenciesID=c45930d2564c791406f225684e0c2947 StaticDependenciesID=50e3ba9d0eae30a0006952c9f02462ea 
Start importing Assets/Art/Office/Placeholder/Posters/poster_dom_germany_science.png using Guid(b951e87678aa05b41a85109c16ba18cb) (TextureImporter) -> (Import Result ID: '467106ea1350519b928305834be19731') in 0.0126216 seconds [static and dynamic dependencies]. Details - ImportResultOutputID=8a5c6267672123225c8b3929d6f61341 DependenciesID=6e1ed0f6cb982d5dce28c4c21b13f29b StaticDependenciesID=92fef9531994bcb32f3b886d2b76a225 
Start importing Assets/Art/Office/Placeholder/backwall.png using Guid(b9ec198cf077c2644ba9c2eb9c49c119) (TextureImporter) -> (Import Result ID: '9d052a50cb58e6e44f24af1bffe69aec') in 0.0601621 seconds [static and dynamic dependencies]. Details - ImportResultOutputID=039a861198a7ab363a1719c58b676749 DependenciesID=df9f416fa364fba8a639b87c3b6d8ea1 StaticDependenciesID=98ad7c247efe08a94c3f87ee515b786a 
Start importing Assets/Art/Home/upgrade_advanced_scanner.png using Guid(c92f975137c15444f9c454c14eb25595) (TextureImporter) -> (Import Result ID: '09ee774d5e4d7ae1c8bcde2f880f48ff') in 0.0070937 seconds [static and dynamic dependencies]. Details - ImportResultOutputID=22357387b1c968ed0b4c24f031d260ee DependenciesID=b248ba8257a5dc0f6d97671b4b7107e7 StaticDependenciesID=48b73100fa293a8f251b49e69625b332 
Start importing Assets/Art/Office/Placeholder/Posters/poster_dom_greece_science.png using Guid(d9629181e8ee4e840a783cb45ea4c7f4) (TextureImporter) -> (Import Result ID: '2225ee862c60f077a89b277582a5bec1') in 0.012632 seconds [static and dynamic dependencies]. Details - ImportResultOutputID=5134446cd4025e55bcbfa3328e230fcf DependenciesID=ef6e3ae27b4972585d980850ea605fbd StaticDependenciesID=a1a6624b27dd4aab96dc1ac0dad84f28 
Start importing Assets/Art/UI/Documents/Egypt/Future/Egypt_Future_seal.png using Guid(d917e78fc2ddfa44bb38045fd7c839f1) (TextureImporter) -> (Import Result ID: 'e7f0a044d12061ae34aeb3918448f656') in 0.0075934 seconds [static and dynamic dependencies]. Details - ImportResultOutputID=84d80ce454b5f5330d3f4f83020cfb84 DependenciesID=deb7d45f04ee90304df061a99c97d004 StaticDependenciesID=3f7a82a0ff87f0392c40ad47ff8271f7 
Start importing Assets/Art/Office/Placeholder/partition.png using Guid(d957be5995300cf4ab6ca75ea84e14ee) (TextureImporter) -> (Import Result ID: '3ce8a1a4139294c03e47335d6f4ee2de') in 0.0196063 seconds [static and dynamic dependencies]. Details - ImportResultOutputID=6c54d4971ad2ec1b5be52ade8ff6c6bf DependenciesID=4c1e9d0c7f79d2123f7a10a323733560 StaticDependenciesID=a67e0043e82fd5322e66af0b304725b0 
Start importing Assets/Art/UI/Desktop/icon_cluelog.png using Guid(e9e53083e9aeb714aa2782c16737df76) (TextureImporter) -> (Import Result ID: '51cc84d9de53b47b2f087a3e9bfe9bee') in 0.0041694 seconds [static and dynamic dependencies]. Details - ImportResultOutputID=3c1e64f5383ee1fc57bfa0992752cb87 DependenciesID=2fc90570404fb34cb150d1cea7dd6fef StaticDependenciesID=43f8af66ee1ffce10f9643dbf8957b1a 
Start importing Assets/Art/UI/Documents/Italy/Future/Italy_Future_passport_stock.png using Guid(f995c8811dca2674496f8b11c216570c) (TextureImporter) -> (Import Result ID: '790633d65ff4d41d43fea65b1aecbeeb') in 0.0576755 seconds [static and dynamic dependencies]. Details - ImportResultOutputID=a197af0d123a28f3bf31be50c3ed36f0 DependenciesID=804a035536a0719c8985f19b5bdb7de4 StaticDependenciesID=e3fd50bd6e2d5aa78a0c1e5fc52c49a2 
Start importing Assets/Art/Office/Placeholder/Posters/poster_dom_italy_art.png using Guid(f9caa35f4bdedc9479024739c5b3763c) (TextureImporter) -> (Import Result ID: 'd3ea4e570657ff330623a78309c84a74') in 0.0124877 seconds [static and dynamic dependencies]. Details - ImportResultOutputID=56afcf049b81025e81b85a37997e63b8 DependenciesID=2afa2f07fe50ba66d9c5b2ae3bd44f0c StaticDependenciesID=7ebc929b929533fe26640a5c454b169d 
Start importing Assets/Art/UI/Desktop/icon_notes.png using Guid(f9feff0815db4af4e9f9478eba15a621) (TextureImporter) -> (Import Result ID: 'bb9e85242225e779bab4bfd78b3dd127') in 0.0041507 seconds [static and dynamic dependencies]. Details - ImportResultOutputID=485717de65f7924dea4b9b967a957b0b DependenciesID=8dd6464ea48cab4adfce296075eb3607 StaticDependenciesID=b98942279cbb3e0fbf6d61e6b3b5aa92 
Start importing Assets/Art/UI/Investigation/btn_accept_hover.png using Guid(0a847d96af017374b8d59bff5baee950) (TextureImporter) -> (Import Result ID: 'fc514c1b59f5a4544f18074132e11fcd') in 0.0051273 seconds [static and dynamic dependencies]. Details - ImportResultOutputID=4c125f66559345cfa24cce09b452ee7c DependenciesID=de264d4e603364ef46c7b0770d7f207d StaticDependenciesID=8c89cc2010230a5c30a0d64143315930 
Start importing Assets/Art/UI/Icons/icon_money.png using Guid(3a1834f579f867f4185921354607de59) (TextureImporter) -> (Import Result ID: 'cdfba1e73dc70d71e331e40e3fb02160') in 0.0060273 seconds [static and dynamic dependencies]. Details - ImportResultOutputID=00cfe2bb87e9a71a41930c3715ca1080 DependenciesID=057eebea443c37752497039be69cb002 StaticDependenciesID=ba9a960883d118b64d55f163e205835e 
Start importing Assets/Art/UI/Documents/Italy/Future/Italy_Future_border.png using Guid(4a66de3fae62f324088e1eec7b66abe6) (TextureImporter) -> (Import Result ID: '7e9a136910db99a471154aa90c795052') in 0.0372166 seconds [static and dynamic dependencies]. Details - ImportResultOutputID=7fa065dc36203f67060bb92938a0fde1 DependenciesID=fd97c65002a075f168fe1ba1a01f5892 StaticDependenciesID=e0fd4cbf65c319eadc7a79907e07096d 
Start importing Assets/Art/UI/Documents/Greece/Ancient/Greece_Ancient_border.png using Guid(4aa997d173d374140a6c11ff3ba4e5f7) (TextureImporter) -> (Import Result ID: '99d9260464d4061006a0cccdac6941c8') in 0.0363615 seconds [static and dynamic dependencies]. Details - ImportResultOutputID=16903e9317772bf40af99446ed3fe5cc DependenciesID=c7a207aa5ad10b3c9f2d977b27ee77fb StaticDependenciesID=d25cc12c39b95e0344b0b0012f553109 
Start importing Assets/Art/Office/Placeholder/Posters/poster_dom_egypt_democracy.png using Guid(4adbab9f0a4edbe4ca0ce518f8f90149) (TextureImporter) -> (Import Result ID: 'b82995d27bc21156829d69108ab0cbaf') in 0.0125027 seconds [static and dynamic dependencies]. Details - ImportResultOutputID=53e75489b43cbc9a9629a23640a6d01a DependenciesID=e8c33daedc4bf41846ba38b581108e56 StaticDependenciesID=7575d63b545255058c43a26c7f5fde04 
Start importing Assets/Art/UI/Desktop/icon_compare.png using Guid(5ad3c9f379780dd4ca404ae3265374e7) (TextureImporter) -> (Import Result ID: '4bed14fbe0929991427db5829bc996f5') in 0.0044696 seconds [static and dynamic dependencies]. Details - ImportResultOutputID=f31f24da4506ee30a0044702f45ee8aa DependenciesID=7b7a59a8c34030244af647e695fcf8e5 StaticDependenciesID=c1d43ad6c4e5dd3d277306109bc897de 
Start importing Assets/Art/Title/ending_panel.png using Guid(6a307534a21b02148aa021560151da88) (TextureImporter) -> (Import Result ID: '59c4c9fb0392c88454629f6dc8602a91') in 0.0400775 seconds [static and dynamic dependencies]. Details - ImportResultOutputID=130e6e370307cc205423cd0dcdcc3018 DependenciesID=5d38fe3802e8e49e3e0edd1789abad9f StaticDependenciesID=a4151bf9f15c4a8ba6ed2cb239c1689f 
Start importing Assets/Art/UI/Icons/icon_warning.png using Guid(6ab95e793b030f641991654f890df947) (TextureImporter) -> (Import Result ID: 'e5bae6c8f6c807e94a64b30666539fe8') in 0.0058086 seconds [static and dynamic dependencies]. Details - ImportResultOutputID=a49f90bdd778fc8075d8d1aaf71d7a94 DependenciesID=6547b408db34c4a0f0b6781a4353613e StaticDependenciesID=1aa49abf1223e65abdcc55562ca24e16 
Start importing Assets/Art/Office/Booth/desk_stamp.png using Guid(7a50a39843275e94f839dd4b476825c0) (TextureImporter) -> (Import Result ID: 'd45c02fa2d36a0b02e13921c8db8c6c0') in 0.0057879 seconds [static and dynamic dependencies]. Details - ImportResultOutputID=4d54d3efefa41baef65cdd3fd63f1735 DependenciesID=3745a9649465162b847e2dccb2334e7c StaticDependenciesID=e728f725af0f991e737c6dc13cee152a 
Start importing Assets/Art/Home/slot_forgery_warning.png using Guid(8ac743721b700fe4a8afa336b8aaa009) (TextureImporter) -> (Import Result ID: '6ad092eda6ee5a1f1ab06d86ccdbae71') in 0.0088633 seconds [static and dynamic dependencies]. Details - ImportResultOutputID=988eadff48e79978c10418917b909f9e DependenciesID=a7a10107f3e6bae0b2536b91b0cee275 StaticDependenciesID=ba51a54c81a1ce2578673ab1dd3bcd92 
Start importing Assets/Art/UI/Investigation/compare_bar_mismatch.png using Guid(8abf40d4df0544443b7b23d687640109) (TextureImporter) -> (Import Result ID: 'bdf68fbc8cf0d3d6511abe4dc0905d18') in 0.0085979 seconds [static and dynamic dependencies]. Details - ImportResultOutputID=46dd13f456d8ce435d891f6e46b94b1e DependenciesID=780687fb99c22c48b1881228a5e108e3 StaticDependenciesID=b55a8d3356cd37e8dedb09296a44f475 
Start importing Assets/Art/UI/Desktop/icon_material.png using Guid(9a53cd71b3a68f845bcdcb9294b781a9) (TextureImporter) -> (Import Result ID: 'a8c7b4fe632a6ef4c36acd5ae23020ae') in 0.0040021 seconds [static and dynamic dependencies]. Details - ImportResultOutputID=281216090f7be2e167302f6fc7e63b33 DependenciesID=f7cf00b9b4d9e4af2fb067da57b9d995 StaticDependenciesID=88ed003101020de1a63e56efb5a50bd0 
Start importing Assets/Art/UI/Investigation/btn_accept_pressed.png using Guid(aade9576c7ad71640894f01ee1312034) (TextureImporter) -> (Import Result ID: 'f47c5c51e1c3d5a32094bb7fce4b3031') in 0.0050903 seconds [static and dynamic dependencies]. Details - ImportResultOutputID=a4ea323a39bfbb42e6c723904d9d8788 DependenciesID=8f2c8f3f846b284c89f57c90dda836a7 StaticDependenciesID=511127aa488f54e3c35b1f232611b87c 
Start importing Assets/Art/UI/Documents/Egypt/Old/Egypt_Old_border.png using Guid(ba3082d1717561c4a9845a20fca40233) (TextureImporter) -> (Import Result ID: '1616e0ed284fe87513c4ec6380e8038f') in 0.0360881 seconds [static and dynamic dependencies]. Details - ImportResultOutputID=f32c80a681d5faf38d260543b3c05604 DependenciesID=2a4db660567c2b2c280a9f455b8fa216 StaticDependenciesID=5344d51293fa562388305f3f9758d185 
Start importing Assets/Art/UI/Documents/China/Ancient/China_Ancient_permit_stock.png using Guid(da6e2366b1e271240887486ff4ec3984) (TextureImporter) -> (Import Result ID: 'bd98b7cde1be37fb90778c46772f0fae') in 0.0571537 seconds [static and dynamic dependencies]. Details - ImportResultOutputID=7f6add0867f616b969532423c9f55a9f DependenciesID=6dc8b312eed0eb649487b97e83b5476d StaticDependenciesID=85336c85e689121b18526aaed09f62cc 
Start importing Assets/Art/UI/Documents/Greece/Old/Greece_Old_permit_stock.png using Guid(ea4ae0a7e80fcd44788504c9b5f6f0dd) (TextureImporter) -> (Import Result ID: 'ca0bae78c075980f608e63eecc9e72b8') in 0.0575055 seconds [static and dynamic dependencies]. Details - ImportResultOutputID=8f1a629b815d5cabe10d765b2480769f DependenciesID=16817cdee32c0427e9855b2ffdcf8af8 StaticDependenciesID=99a61dd6cb5cefbf13cd9ed4401c24e6 
Start importing Assets/Art/UI/Desktop/btn_min_hover.png using Guid(fa31f2c7ff76fcc4a9cf994dd387e125) (TextureImporter) -> (Import Result ID: 'bf6220c467b97b8c6e0676b901cbf098') in 0.0033262 seconds [static and dynamic dependencies]. Details - ImportResultOutputID=69cad50117dc09cb49b9cd5ab89fe4d2 DependenciesID=952e8fea994d13c85b74a6ccdcfe6edc StaticDependenciesID=6202f92bab94a4faec2ef8f6e775e838 
Start importing Assets/Art/UI/Desktop/taskbar.png using Guid(fa76e794bd2013442b7d374d2ff316ca) (TextureImporter) -> (Import Result ID: '8e60ba8c74223d7a936299bc50b738af') in 0.0039537 seconds [static and dynamic dependencies]. Details - ImportResultOutputID=b1c9adfc7be0ffc9a491e310dc84ea8d DependenciesID=af3f52b0ae410a320a4f902f0fc58565 StaticDependenciesID=568f85298ca8edea03091797746a9931 
Start importing Assets/Art/UI/Documents/Italy/Modern/Italy_Modern_seal.png using Guid(1beaba08dabb29547b9da6478de5d7bf) (TextureImporter) -> (Import Result ID: '5e31a113e14d4c0d234d3f5fb0025269') in 0.0073852 seconds [static and dynamic dependencies]. Details - ImportResultOutputID=64141c7f71d3bf7c1909328bf291955b DependenciesID=1cffae663ba619447dcbf6c1bf7273c2 StaticDependenciesID=57be603aff0cea5d4442cf283fd9325b 
Start importing Assets/Art/UI/Documents/Germany/Modern/Germany_Modern_seal.png using Guid(2b88df74af6368e43b5eba6c36685f88) (TextureImporter) -> (Import Result ID: '616371088357052944f7c3156ebe8606') in 0.0075542 seconds [static and dynamic dependencies]. Details - ImportResultOutputID=3cbac80b3d7dc4a9d4e067250cfc7193 DependenciesID=cd05fa8a2f7c6b994516631d5248befc StaticDependenciesID=9a87e84e155f8960394a3894951c35ab 
Start importing Assets/Art/UI/DayFlow/btn_start_shift_normal.png using Guid(2b19ba79acfc03445aea0cc6e89128c0) (TextureImporter) -> (Import Result ID: '0b06cc8b663ed161f076afac2beaa7db') in 0.0055084 seconds [static and dynamic dependencies]. Details - ImportResultOutputID=91f178be1f90258962f91360d9dbf9bd DependenciesID=2be36bf0dfcc27857d46295db82c3193 StaticDependenciesID=177f5c7c95808b5cea5c2ce8612ec849 
Start importing Assets/Art/Generated/xp_bliss.png using Guid(3b76634ee0f0e304ba0958315f4369f4) (TextureImporter) -> (Import Result ID: '768e746ad19dd25ff4346c80ac1353d2') in 0.0812633 seconds [static and dynamic dependencies]. Details - ImportResultOutputID=8fa4577c60cd2e4e79afc1b2fdd4b103 DependenciesID=1467f944531e3aa6b4f25a9e3636035c StaticDependenciesID=fe0109d5a831b2574878b0d5c93eca33 
Start importing Assets/Art/Title/title_bg.png using Guid(6b6ae2373189ed24a9078b7f09227d44) (TextureImporter) -> (Import Result ID: '39460284dbd8ec8e5a4635772a814193') in 0.1543702 seconds [static and dynamic dependencies]. Details - ImportResultOutputID=2f2855aa680a75d1512358fa5d21c38c DependenciesID=ab589ec25e5b22dd4857f1d3235cb3d0 StaticDependenciesID=3f8f0016f7807438a0a2d74a42e3dff9 
Start importing Assets/Art/UI/Documents/Britain/Ancient/Britain_Ancient_permit_stock.png using Guid(7be119cc1290fba4e8316c37b98aa114) (TextureImporter) -> (Import Result ID: '6ff678e6c2df73cbc1141a4cacbdfefe') in 0.0583706 seconds [static and dynamic dependencies]. Details - ImportResultOutputID=89de883bbc45e1df5ac180a57aa4ceac DependenciesID=d0ba28db571896e39b6ae5b13ce736e4 StaticDependenciesID=0cd3566d73329c196dfe5462235c40f3 
Start importing Assets/Art/Office/Booth/lighting_overlay_warm.png using Guid(8b73decef695988479807703bdc66fdf) (TextureImporter) -> (Import Result ID: 'e358ba2ee7784e0977f3e62749d655a8') in 0.1191886 seconds [static and dynamic dependencies]. Details - ImportResultOutputID=8c4f0512aa65b7f41fcc31f9fec4fcc8 DependenciesID=fa414b9107a84c10bd7bb2ffa5492ce4 StaticDependenciesID=f9aae4b5dfb3977de9d8474726ab7017 
Start importing Assets/Art/UI/Documents/Greece/Ancient/Greece_Ancient_permit_stock.png using Guid(ab326bd8c3400d34bbcfd8efe4c6d148) (TextureImporter) -> (Import Result ID: '2fd3efeafa534b493072b420143a1e9e') in 0.0580434 seconds [static and dynamic dependencies]. Details - ImportResultOutputID=fbe65b973175809b30923c8b94d51c5f DependenciesID=fd00e2978987410c2043facb63616108 StaticDependenciesID=d782fda66455801809fd2f74bd377b66 
Start importing Assets/Art/Home/panel_expenses.png using Guid(ab15e1d66dc36b54e94b54d5adefcf6e) (TextureImporter) -> (Import Result ID: '1d4deec44511529231b46e701eb10ce7') in 0.0496435 seconds [static and dynamic dependencies]. Details - ImportResultOutputID=b2a29c656cab28f02b8a285c661c4ebe DependenciesID=ac735936c43cb9555d971ee6c21b4bbf StaticDependenciesID=f43a77cd862db83060dc320ed9a3bb7e 
Start importing Assets/Art/UI/Documents/Japan/Old/Japan_Old_passport_stock.png using Guid(ab6ab38eda5db744e96b79088b72cb64) (TextureImporter) -> (Import Result ID: '888ce369f05da81bc0c3b23f1c8e1b25') in 0.0571925 seconds [static and dynamic dependencies]. Details - ImportResultOutputID=4015df37e412021a25aabc722f1f5641 DependenciesID=e3345fdf32da1dca33f8cc07558d0fb4 StaticDependenciesID=c5d9039cb3477ebf845ec39ead466168 
Start importing Assets/Art/UI/Documents/Britain/Future/Britain_Future_passport_stock.png using Guid(ab4c9f2dda6f44843b5e722a4f8e4887) (TextureImporter) -> (Import Result ID: 'e731fa43c51ec270b24361fc147ce63f') in 0.0574871 seconds [static and dynamic dependencies]. Details - ImportResultOutputID=f76ba8fcc5a461f02c4be2f788d2d38a DependenciesID=022331349d2bd019837a5dd1cb1d6a4f StaticDependenciesID=05900916e5b9b3541d577bb58a8f453e 
Start importing Assets/Art/UI/Documents/Iraq/Ancient/Iraq_Ancient_passport_stock.png using Guid(ab6c1ac769ff834488292976257c89ec) (TextureImporter) -> (Import Result ID: 'd5136d9356364d3938cf529d3fc007cb') in 0.0578946 seconds [static and dynamic dependencies]. Details - ImportResultOutputID=f8b5ec69658da6c56efdd41c87ddef7a DependenciesID=ecfe70c58a5092ff5f8676f9a8aa40f0 StaticDependenciesID=8e50222005c161fa94198eb65139c022 
Start importing Assets/Art/Home/slot_small_win.png using Guid(bb35fe93f46888d409ff84ec03a213d6) (TextureImporter) -> (Import Result ID: 'b785b82b4ee7d5297384ff6cfa1635c4') in 0.0068117 seconds [static and dynamic dependencies]. Details - ImportResultOutputID=b18ba115833dd0deeab06fa6265b68eb DependenciesID=e56a408eb0c61f43e438ba4f0083655d StaticDependenciesID=f16cebedeea015741ff18c024e10a482 
Start importing Assets/Art/UI/Investigation/intercom_button_hover.png using Guid(cb79f5b130332a449961ff1cec0c55d5) (TextureImporter) -> (Import Result ID: '5cc9bb620c7e72f3f2721a8fcc27c767') in 0.0049185 seconds [static and dynamic dependencies]. Details - ImportResultOutputID=7674e737b6c301d147fc7d402d2d02ad DependenciesID=f5b8b503e648267cf0969462b14a89d7 StaticDependenciesID=a9990577622c3b144c92f018c0a3f2d1 
Start importing Assets/Art/Office/Placeholder/Posters/poster_democracy_collapse.png using Guid(db792b200021e8548988d663840ae3aa) (TextureImporter) -> (Import Result ID: '5252e63f5cf7706138ca76eb6d587380') in 0.0122449 seconds [static and dynamic dependencies]. Details - ImportResultOutputID=68913bd3abe74b944ce4c1b32efe4343 DependenciesID=1c76cd0ca3340e9b99104144f47eac8f StaticDependenciesID=2663bd324d89a55d1d8b5c75565360ce 
Start importing Assets/Art/UI/Documents/Egypt/Future/Egypt_Future_passport_stock.png using Guid(dbaea196a17ca694d8d305be7a5344a1) (TextureImporter) -> (Import Result ID: 'bfbc5a04e012e10a7bf86a15ebdbe9af') in 0.0580518 seconds [static and dynamic dependencies]. Details - ImportResultOutputID=75baa377529da26c9ed5f8f83c8ce253 DependenciesID=b15fadfa75a4717f6ef9c84c0ed157d7 StaticDependenciesID=84d8ace5a6d47e4687ebc73729c79afd 
Start importing Assets/Art/Office/Placeholder/Posters/poster_dom_egypt_science.png using Guid(fb11d381fbd6c7d4094005487403d54a) (TextureImporter) -> (Import Result ID: 'a7f47edfbb2f45d5179f89e037164f63') in 0.0127425 seconds [static and dynamic dependencies]. Details - ImportResultOutputID=51bc73803851bd88a025175bff287dc8 DependenciesID=d2c30c397d012f488fd7275f5a4ef587 StaticDependenciesID=424d5223b54e5819c02545b1e9daf0c8 
Start importing Assets/Art/UI/Investigation/scanner_backing.png using Guid(fb72d19365f47f64d929135074121d76) (TextureImporter) -> (Import Result ID: '7381f76f93b99eaf29eab0c669d60982') in 0.0650613 seconds [static and dynamic dependencies]. Details - ImportResultOutputID=d420127b6483fa13509986ea3dd7b95f DependenciesID=9c798db9e1d316e657a86372360c830a StaticDependenciesID=71c3d78ca14d9f626c2f43ab8184fd42 
Start importing Assets/Art/UI/Documents/Japan/Modern/Japan_Modern_border.png using Guid(1c70d126a5effbe46807b75b12b5b48c) (TextureImporter) -> (Import Result ID: '8301fcb4a75d29d7741466fdae31481b') in 0.0361077 seconds [static and dynamic dependencies]. Details - ImportResultOutputID=395e7009f9d3f65c780f166644abfa1e DependenciesID=d91f3efd73520d3cf73ab0bd4d46c241 StaticDependenciesID=f5567633de01f06da33043b9d0b835fe 
Start importing Assets/Art/Office/Booth/desk_mug.png using Guid(2c45d8191afd86e40b2eb43727ab359a) (TextureImporter) -> (Import Result ID: 'ef03fc1d2e38ca99f751120d823f866a') in 0.0063106 seconds [static and dynamic dependencies]. Details - ImportResultOutputID=373cf9214ab8691576284d91fd35c8a9 DependenciesID=cba7fc05ae4ba8688def1bb313093f80 StaticDependenciesID=6940323b83e19408820acaa7a24678d3 
Start importing Assets/Art/UI/Investigation/btn_accept_normal.png using Guid(2c7ada947b6dfd54e9d121a2ff7b3525) (TextureImporter) -> (Import Result ID: 'da9aa432779cac1991121976c3ba63f5') in 0.0052992 seconds [static and dynamic dependencies]. Details - ImportResultOutputID=f7147b8ee99563371a088ee0fa36a2a2 DependenciesID=a419020069b3159f80e957a546aaf1a6 StaticDependenciesID=b4268db85b7372180f51d374e5aa5f5b 
Start importing Assets/Art/UI/Desktop/window_titlebar.png using Guid(4c0b4f50e5a97904d96c99ece0c33176) (TextureImporter) -> (Import Result ID: 'cd30ecc8bd5f660b92de081ca6ee24e0') in 0.0036681 seconds [static and dynamic dependencies]. Details - ImportResultOutputID=f708ace061a975b4686fe70343c238f4 DependenciesID=8320c85de282afc1c60a66e871cb71e3 StaticDependenciesID=c7db3e1d572b00e69bfe64aa8f7c099e 
Start importing Assets/Art/UI/Investigation/btn_deny_hover.png using Guid(5c029082a28d8984488248ed99a23a79) (TextureImporter) -> (Import Result ID: 'fa4e52ddc2eb925afeb26754e7d2863b') in 0.0050921 seconds [static and dynamic dependencies]. Details - ImportResultOutputID=48fdcc637db1ac396a076c1023d75033 DependenciesID=4fc81952261e7ed936ce740b37f0823c StaticDependenciesID=1dcd343564ba66b2cfa57ca3d33352ff 
Start importing Assets/Art/UI/Documents/Egypt/Future/Egypt_Future_border.png using Guid(5cbe7bde43aaf4b4abecf7025dc3f376) (TextureImporter) -> (Import Result ID: '0e1981a9df52cb5a0c028d53235c02cf') in 0.0370874 seconds [static and dynamic dependencies]. Details - ImportResultOutputID=786357db28a8d39a8f3753c9782bd4fb DependenciesID=caf184c78e516f0d6c9c81921ca17bcc StaticDependenciesID=33b17236b79b2b3ab4208bb0fa90b99c 
Start importing Assets/Art/UI/Documents/Britain/Modern/Britain_Modern_permit_stock.png using Guid(7c22a0bcb173b324f9b0916635fc729f) (TextureImporter) -> (Import Result ID: 'a79e794576d8c13172fffe41b284a04c') in 0.0573894 seconds [static and dynamic dependencies]. Details - ImportResultOutputID=11cc612ffa2b9601cc3a85935701612b DependenciesID=1c615ea868d0d04990e6b923f4d93b7b StaticDependenciesID=e936efe93b9976bfbfdef77ef2ed6125 
Start importing Assets/Art/Office/Placeholder/Posters/poster_dom_china_art.png using Guid(8cf0daf0e80c047488073a2738df11c3) (TextureImporter) -> (Import Result ID: '3830ce7b0f1c982e3961df08a7fb45c1') in 0.0126377 seconds [static and dynamic dependencies]. Details - ImportResultOutputID=9ee636f46d573d24cf0d84050deba552 DependenciesID=3e2c11ddeb6e906303a226929a7ac6ec StaticDependenciesID=e3e93249b30e281ad336143b718316eb 
Start importing Assets/Art/UI/Documents/Japan/Modern/Japan_Modern_passport_stock.png using Guid(8c9ca3698bbcf1a419ad890a68984ca0) (TextureImporter) -> (Import Result ID: '627f02da802682eacbb1485baa36c61e') in 0.0572082 seconds [static and dynamic dependencies]. Details - ImportResultOutputID=998627d056ba7f565d47d1c77653e3ac DependenciesID=303f8d6d6784add6a98a4e6b0d81bb8b StaticDependenciesID=ff46306df70bd4685e89a0748f6b152c 
Start importing Assets/Art/UI/Desktop/icon_dialect.png using Guid(8caccb87565c28a4298e71f7cd6916dc) (TextureImporter) -> (Import Result ID: 'da94f6c090f4498d8ba838548dd284e7') in 0.0041596 seconds [static and dynamic dependencies]. Details - ImportResultOutputID=c6e103bad3e5433a1bfcef2811012ddf DependenciesID=4e18ea533534d2c0b7c9bc05b34abda4 StaticDependenciesID=002caaad5b5700c513d7fc99fddf22d5 
Start importing Assets/Art/UI/Icons/icon_day.png using Guid(9c4d3bf019f1cfb4bbc97faa2ee4ef1c) (TextureImporter) -> (Import Result ID: '1f4e28caa401dacaba51e5aecc572f0f') in 0.0058154 seconds [static and dynamic dependencies]. Details - ImportResultOutputID=8008d4c05d4409b4797d660d5afcc12f DependenciesID=43a0defabfbe0876ca695f3c78448115 StaticDependenciesID=a4b6940b179fdb772140dd0af28910d4 
Start importing Assets/Art/UI/Desktop/btn_close_pressed.png using Guid(bc69027ba8f61484ba4790f00fb2cb7c) (TextureImporter) -> (Import Result ID: '4e749c7f695b24a5d5b9b66ac65735d1') in 0.0030661 seconds [static and dynamic dependencies]. Details - ImportResultOutputID=4336c4facca6e8ae41c689295c131a14 DependenciesID=afe2e313a92213cbcb80aef2ee692ffe StaticDependenciesID=d3c53aa91f78b46402ceddb9eb8730df 
Start importing Assets/Art/Home/slot_legendary_omen.png using Guid(bc8ca32887902b74db873a46be4e2b1b) (TextureImporter) -> (Import Result ID: 'aba9501b40cfad2e6a3d12df4244ec2a') in 0.0064593 seconds [static and dynamic dependencies]. Details - ImportResultOutputID=81a91f0e2d60ffaf01b59b5d6372771e DependenciesID=e343775ca8ddfd2114808f11277c08a2 StaticDependenciesID=392ef6ccccd2b27aa8ce404419ba225f 
Start importing Assets/Art/UI/Documents/Britain/Modern/Britain_Modern_passport_stock.png using Guid(cc6db574abd1a7848b735ac8317efeb8) (TextureImporter) -> (Import Result ID: '221d56d30e778a0395a3edc139727fa9') in 0.0573804 seconds [static and dynamic dependencies]. Details - ImportResultOutputID=5b90ce8bdbf9ab249eaa06fe6ebe130a DependenciesID=649b25eb153778cdb920045113bb1ec3 StaticDependenciesID=0234cee299053742cfa4fadafc9a0808 
Start importing Assets/Art/Home/slot_lever.png using Guid(ccdd846b8a27af642b81070f4868ce5f) (TextureImporter) -> (Import Result ID: 'd718025e14a7ab7e88c5f92b0664b59d') in 0.0211521 seconds [static and dynamic dependencies]. Details - ImportResultOutputID=7bd62d04daa4b509985a79b004c9a89f DependenciesID=d3b1458a2f14f7ae59f297912ac9796f StaticDependenciesID=3536aa6c30665ee80ccad06f23e06136 
Start importing Assets/Art/UI/Investigation/stamp_approved.png using Guid(dc92cff727158c74cb57b338c7e1a98e) (TextureImporter) -> (Import Result ID: 'a99e62f3aa214bf3f20ed70ec996e6b4') in 0.0082658 seconds [static and dynamic dependencies]. Details - ImportResultOutputID=4fc000c3338f8e6e827c3e801e3bab7c DependenciesID=93dfe9455a4a053c01e68cc86ebbade4 StaticDependenciesID=8a5e5d268eddf437b72d826d80ca4fe9 
Start importing Assets/Art/UI/Documents/Italy/Ancient/Italy_Ancient_border.png using Guid(dc7b44b1ef229b94ca1639862a1156ea) (TextureImporter) -> (Import Result ID: '8704bc89b5cffded21d46e50806a1939') in 0.0361989 seconds [static and dynamic dependencies]. Details - ImportResultOutputID=bdb1d8b598a0ceb20785629d6fce7ec6 DependenciesID=a00d35c9d08dbea2e7375183977414ba StaticDependenciesID=6ca8821a8abd044e3f32b9fbbbd7b5f7 
Start importing Assets/Art/UI/Documents/Iraq/Old/Iraq_Old_border.png using Guid(ec92036a44a18fc4ba6e77677d0080cd) (TextureImporter) -> (Import Result ID: 'c605407da308afc4996a25ea1fc8d7a5') in 0.0367266 seconds [static and dynamic dependencies]. Details - ImportResultOutputID=6a9e58c1e192489794b50f773495bfd4 DependenciesID=3b08fea163c9902b5b74cc34d09a8414 StaticDependenciesID=593252b07b92665ddbdddf88a2e34dac 
Start importing Assets/Art/UI/Documents/Germany/Future/Germany_Future_passport_stock.png using Guid(0d202e25925a4274db416351029a6f38) (TextureImporter) -> (Import Result ID: '3694f08cb1d6b592855454266d6c22d8') in 0.0582116 seconds [static and dynamic dependencies]. Details - ImportResultOutputID=6e7e8536d65f1a8fc49fe459fc923702 DependenciesID=26272f9381716789def9471e63b4c09d StaticDependenciesID=5ce940ecc7013438e8a20a47dc446e28 
Start importing Assets/Art/Title/btn_new_run_hover.png using Guid(1d71407d2d09deb42ab3aad97dc9b08c) (TextureImporter) -> (Import Result ID: '2dfab2802e6f6fd9dceabad99a57aace') in 0.0064155 seconds [static and dynamic dependencies]. Details - ImportResultOutputID=b9cf15dfba56cdd7076e5826257cd0ef DependenciesID=91df515f9e3467bcd2edf088865918a0 StaticDependenciesID=010f188f70aa93e53273eb3b619fe014 
Start importing Assets/Art/UI/Icons/era_future.png using Guid(2d34620e17070e142b6ebeb0af2beb13) (TextureImporter) -> (Import Result ID: 'df5c81f5c82ca7ca501ff954f14fb9e2') in 0.0062172 seconds [static and dynamic dependencies]. Details - ImportResultOutputID=faf2ba3a19548234deed3c5848271121 DependenciesID=ee4be23e071e0cc19033b87572fd03ef StaticDependenciesID=955b5e9ce7878b4754ce4edf74ecd728 
Start importing Assets/Art/UI/Documents/Greece/Old/Greece_Old_border.png using Guid(2d94fec72f841454c80bc21d6347b683) (TextureImporter) -> (Import Result ID: 'e43616b9fa8526943b1dc02f387fb986') in 0.0357407 seconds [static and dynamic dependencies]. Details - ImportResultOutputID=eeac52d8a15208d1606f1fcf640781d6 DependenciesID=fd48534defebc71c90bce4d365df83c8 StaticDependenciesID=3abaefebb7f3a2233cd869dabc004e56 
Start importing Assets/Art/Office/Placeholder/Posters/poster_dom_japan_science.png using Guid(2d0c0f6b1ffe0534d94f0d0407d514df) (TextureImporter) -> (Import Result ID: '382399ffbaf344d27b47cb51450536b0') in 0.0126397 seconds [static and dynamic dependencies]. Details - ImportResultOutputID=eb3c2b10b47d0a0d515cbec4097781de DependenciesID=b86d5c06d10090b47d100000128c7b2a StaticDependenciesID=a2ef5aa2ba4c76e019d0836b115dbbf6 
Start importing Assets/Art/UI/Investigation/refbook_cover_technology.png using Guid(3d87062fdda0a5d4990cf29bd6bc1997) (TextureImporter) -> (Import Result ID: '6c76df784510a29b0a69cb438b18d0c3') in 0.0174366 seconds [static and dynamic dependencies]. Details - ImportResultOutputID=c5d7d14d1b3b722baece0735c2bd2a24 DependenciesID=338914df685eb62257699153a4ce118d StaticDependenciesID=dbd0feddedc135269c78608dfeb709c7 
Start importing Assets/Art/UI/Investigation/agency_logo.png using Guid(5d2b65a4acbad2046ba04e3d25297f4d) (TextureImporter) -> (Import Result ID: '6758e46119e5687329070446d286ea1d') in 0.0078674 seconds [static and dynamic dependencies]. Details - ImportResultOutputID=8435b9a577e3ff8592bd0cbd6654bf6f DependenciesID=0fae8df09ba910ce964390487ab9d6c1 StaticDependenciesID=e9786f83e369f908885ab1286abdb359 
Start importing Assets/Art/Office/Placeholder/Posters/poster_dom_germany_art.png using Guid(5dbe6416630180e4299fe91d25ca9b4b) (TextureImporter) -> (Import Result ID: 'bc08e0a82a9060fc51a97ca2164fbb92') in 0.0126976 seconds [static and dynamic dependencies]. Details - ImportResultOutputID=e0df0de490f2b3057722c5304547f336 DependenciesID=c3adb6e0d810f232c5d2c903f16430c5 StaticDependenciesID=ddee6ca2f0fdbb1f8948558dde002eb3 
Start importing Assets/Art/UI/Documents/Germany/Old/Germany_Old_permit_stock.png using Guid(6de7807e54183574793b920698cf68da) (TextureImporter) -> (Import Result ID: '3e23b7576484ff3aff68dc23ed01da74') in 0.0577012 seconds [static and dynamic dependencies]. Details - ImportResultOutputID=b0ff39087183fe9c36587e6419a72d7a DependenciesID=8ec56e56900e2b12d2a14eca47a87654 StaticDependenciesID=c9b30a4a69700e3b0b979a9b3504afd1 
Start importing Assets/Art/Title/ending_retirement.png using Guid(6dc839da8083f0f4084bd9e6ca1a0c8e) (TextureImporter) -> (Import Result ID: '723a0c251512511aaa4b64cf582b526b') in 0.1101964 seconds [static and dynamic dependencies]. Details - ImportResultOutputID=5335b2074471159638c458fb774ba999 DependenciesID=279ff18be688c477b7a60c6c021d7735 StaticDependenciesID=7da662d1d8e368376996c05be62bc84e 
Start importing Assets/Art/UI/Desktop/btn_min_normal.png using Guid(7d11e32259e9bfb4c8900872a2c9e096) (TextureImporter) -> (Import Result ID: 'cd64a1ed61f928e7a1be3a78195fea53') in 0.0033095 seconds [static and dynamic dependencies]. Details - ImportResultOutputID=42d74031a90edabc6e0ee6f2f2235bda DependenciesID=109b162845d2b409d231abd84d117e08 StaticDependenciesID=5faa84f02f8977749669cc39d667a948 
Start importing Assets/Art/UI/Investigation/refbook_cover_language.png using Guid(9da0d332a88a548449e0c11e3bdc82e1) (TextureImporter) -> (Import Result ID: 'fe9568f69769b3a0056ddedb8882d3ff') in 0.0169204 seconds [static and dynamic dependencies]. Details - ImportResultOutputID=eb1b3db745b58ba7621dfa03fa987314 DependenciesID=4f2cc9ed78694474ffc04f950166f33e StaticDependenciesID=358cfbf6638cfa78bfb17d0460c92939 
Start importing Assets/Art/UI/Investigation/citation_slip.png using Guid(9d2a95d46e8a5ec45ab726b99d4967b5) (TextureImporter) -> (Import Result ID: 'ed01cc3d72203d839b62c39a702d1df9') in 0.0329086 seconds [static and dynamic dependencies]. Details - ImportResultOutputID=48db72d6ba06c449d72d2ade1b40f86c DependenciesID=04200f284e0761f50f9008b366572594 StaticDependenciesID=51a71a393e491c98c9db3b4125e8da9a 
Start importing Assets/Art/UI/DayFlow/btn_start_shift_hover.png using Guid(eddd72d0985042747a64f5d6c94befcc) (TextureImporter) -> (Import Result ID: '856380e8aea6811c2e72eae832e2d548') in 0.0061675 seconds [static and dynamic dependencies]. Details - ImportResultOutputID=1f5238aae73aa6e686d0392f838f2534 DependenciesID=704cb95a3b86a24cbd4066faab1fdff0 StaticDependenciesID=1a9c819775ae8bfc1ca51b4cb9d51d53 
Start importing Assets/Art/Office/Placeholder/Posters/poster_dom_china_democracy.png using Guid(0ed8366f200d3ca41b01372d063ea193) (TextureImporter) -> (Import Result ID: '265df1c7dc47db352d8dbe3fba75d926') in 0.0129711 seconds [static and dynamic dependencies]. Details - ImportResultOutputID=e4b120b3c62c53d412f21c231a266056 DependenciesID=508b55539631d390f914d2a62cfc3567 StaticDependenciesID=269265768a3a67ef38700160e337d713 
Start importing Assets/Art/UI/Documents/Greece/Future/Greece_Future_seal.png using Guid(0e2ec5dc3cfd7cd4d83f316838c0804b) (TextureImporter) -> (Import Result ID: 'f9b31e6c1a7d88d761a0a5172e6fdae2') in 0.0079287 seconds [static and dynamic dependencies]. Details - ImportResultOutputID=b50ea90cba5e0aa587112a4b2c5dd613 DependenciesID=ebc695fee5c08c989d730b25446f1b93 StaticDependenciesID=56b8e3d02f8fc9dd0f566e407bd891e7 
Start importing Assets/Art/UI/Documents/Britain/Modern/Britain_Modern_border.png using Guid(1e6367162202f284eb85c1df2df1827c) (TextureImporter) -> (Import Result ID: 'a32fcc730ca6e49e49f6316d37d12ed3') in 0.0364857 seconds [static and dynamic dependencies]. Details - ImportResultOutputID=354eea1379e0736ca7910ad69493e301 DependenciesID=4b0b611e3c0632bbe044a92bcad5fc9e StaticDependenciesID=466df4670bb81150d870ab008fc1129d 
Start importing Assets/Art/UI/Desktop/cursor_hand.png using Guid(2ea1bf8102771ac4dafd659fe61e0ee4) (TextureImporter) -> (Import Result ID: 'fc5856c593f5c944f6b746dd30f0c22b') in 0.0034117 seconds [static and dynamic dependencies]. Details - ImportResultOutputID=21f38c9268b3a36f7535d007ce22d4a1 DependenciesID=f29b9d1b14373808bb5a64b823e377e0 StaticDependenciesID=87e5e9dc63e7ee404bb9558cb7f1f8f0 
Start importing Assets/Art/UI/Documents/Italy/Ancient/Italy_Ancient_seal.png using Guid(2ea611fc29696de4ea900fdb16c5876e) (TextureImporter) -> (Import Result ID: '5e0d6e8314f0e4d9e3c251e63b9823d7') in 0.0076124 seconds [static and dynamic dependencies]. Details - ImportResultOutputID=d36fab837e6064bdc0ac57340ab759aa DependenciesID=d40b9a3204f71f25c3b300bdd36faddd StaticDependenciesID=59372df1d127c2eda2c79bda9077a5d8 
Start importing Assets/Art/Office/Placeholder/calendar.png using Guid(5ef598d15209c874388e590a55dfeec1) (TextureImporter) -> (Import Result ID: '0a9bf9313fdea124ea23152f7c089929') in 0.0069868 seconds [static and dynamic dependencies]. Details - ImportResultOutputID=1466cd268c2caf90a4ddd418e3f5dd34 DependenciesID=d27d9442b14400807cdddb7e20e0d76a StaticDependenciesID=cc1e2002cc786e23f3a18cb92c5e162a 
Start importing Assets/Art/Office/Placeholder/Posters/poster_science_boom.png using Guid(6e01ff822ab290545ba91db3e51212d1) (TextureImporter) -> (Import Result ID: '3d4336ec9f33f16e3fe9068b9d16c8e1') in 0.0125673 seconds [static and dynamic dependencies]. Details - ImportResultOutputID=53c81b003b7c009a6110c205f0f60aef DependenciesID=463d78b217adb75940edd16510c90021 StaticDependenciesID=14504907e3a5f4e2a793c159b2e496a9 
Start importing Assets/Art/UI/Investigation/compare_bar_deviation.png using Guid(7e802eb312021934993945d348ef9c19) (TextureImporter) -> (Import Result ID: 'beb8f76649f4b234f64e9a18da6cdffa') in 0.0088542 seconds [static and dynamic dependencies]. Details - ImportResultOutputID=07cc0b76e10edbd146b3b28ba8dd4f54 DependenciesID=d2b4a6a1af5e5e7f04b5b00a4f790ba0 StaticDependenciesID=34dd8484a195c944a80012676d85b90b 
Start importing Assets/Art/Home/slot_busted.png using Guid(7eb0eab585b45ef4c86c8fe0d0d940d3) (TextureImporter) -> (Import Result ID: '94e2a92c555e9f9c3e09d130774c08ea') in 0.0069589 seconds [static and dynamic dependencies]. Details - ImportResultOutputID=037ad6cf194c9f3c9431a80a5e92cf8c DependenciesID=96ad477eaca909cf715b0d9401c688ea StaticDependenciesID=e764a4b890c722408fe8853ec5dc9504 
Start importing Assets/Art/Home/slot_jackpot.png using Guid(7e128a6a0d0289b49a684af8749caf03) (TextureImporter) -> (Import Result ID: 'f2103071a50cf3797689b022533eb30b') in 0.006828 seconds [static and dynamic dependencies]. Details - ImportResultOutputID=3f204e2717664a5261910a6c4540a63f DependenciesID=b8dff69bd9dbf21e53258260374061d4 StaticDependenciesID=b9f7607d7aab071e97b3a7dbc421bad5 
Start importing Assets/Art/Title/ending_artistic_golden_age.png using Guid(7ed4aa1643f8c6b4bad471b7fed9303b) (TextureImporter) -> (Import Result ID: 'a3a2ea3ecbe658fd3fbdcb142e4fbbd9') in 0.110999 seconds [static and dynamic dependencies]. Details - ImportResultOutputID=2134b7b6c97e8bce906f9e3be2e33cde DependenciesID=96de0092f4cd14a80b00bdfa8dd277c6 StaticDependenciesID=9b3820b638c35a1e0adec8f81b064cbd 
Start importing Assets/Art/Office/Placeholder/Posters/poster_dom_japan_democracy.png using Guid(8e141b2f059302e4799491ad05254c21) (TextureImporter) -> (Import Result ID: 'fb2ea32442c05b24959b5367e9ddbf26') in 0.0126931 seconds [static and dynamic dependencies]. Details - ImportResultOutputID=f6a8ed25f3a34b5426091f13f1c40974 DependenciesID=855ef26dc23fa2e992771b2c58aad69d StaticDependenciesID=8ff2e828e7416814672ed86fd65edc9e 
Start importing Assets/Art/UI/Desktop/icon_lexicon.png using Guid(be341244c72186a4eb91b4e326ba8612) (TextureImporter) -> (Import Result ID: 'd2359e57e2e3aaed9367a23990c11efe') in 0.0042087 seconds [static and dynamic dependencies]. Details - ImportResultOutputID=9987390f81e9d38340866a5b7fe57032 DependenciesID=eef3610c50b5f25004761b4b016e69ed StaticDependenciesID=350b52b97a1e4aff618f7b11c16b1eee 
Start importing Assets/Art/UI/Documents/Japan/Old/Japan_Old_border.png using Guid(be4f1146028b0a640925433be0bf0546) (TextureImporter) -> (Import Result ID: 'ac98d2ed45488dbbb717af43b1d8f834') in 0.0358557 seconds [static and dynamic dependencies]. Details - ImportResultOutputID=c87f863abddaca8a3cdc90b47e64fb65 DependenciesID=5da0657b233bddc91a02b29f2f748137 StaticDependenciesID=ba65408e4fe8a8959e99682cf7268574 
Start importing Assets/Art/UI/Documents/Egypt/Modern/Egypt_Modern_passport_stock.png using Guid(ceb4d526a83c5854f8bf575848a7f7be) (TextureImporter) -> (Import Result ID: '007c6a6c762dfc553bf173f84894d452') in 0.0579784 seconds [static and dynamic dependencies]. Details - ImportResultOutputID=67101ac4c0de7b78216333df8bcad797 DependenciesID=dbed1c2b0115d1ff862d2c41e05372fe StaticDependenciesID=20a4df84aebe2fb0dc824d533d0564ef 
Start importing Assets/Art/UI/Documents/China/Old/China_Old_seal.png using Guid(dec64c8869d2c634dba8e3b65206f988) (TextureImporter) -> (Import Result ID: '8c8113063476afd6fee88175b51f7117') in 0.0079088 seconds [static and dynamic dependencies]. Details - ImportResultOutputID=3741ad79533a92f77c5317429b552508 DependenciesID=585c627ea99780ab74c379484fc3edee StaticDependenciesID=e9efdbb0c82ecd8701702c9af0169a71 
Start importing Assets/Art/UI/Documents/Iraq/Old/Iraq_Old_passport_stock.png using Guid(ee8161a94da7c4c4ebfc56f2212aba1c) (TextureImporter) -> (Import Result ID: 'ab7b6bf6ce2a3fc629cf67adfb4b55b4') in 0.0572902 seconds [static and dynamic dependencies]. Details - ImportResultOutputID=426299621dc90a5cdbe45308019934f7 DependenciesID=6bdd1c30fe67ddd17fb86c76bd5bae37 StaticDependenciesID=ad8eb470c0cb789cb24d434331e8208f 
Start importing Assets/Art/UI/Documents/China/Ancient/China_Ancient_seal.png using Guid(eed36c43424559848bb6f5505716048b) (TextureImporter) -> (Import Result ID: '69797a31fe7e9b6ad9b5ed7e74bb8a01') in 0.0077871 seconds [static and dynamic dependencies]. Details - ImportResultOutputID=95d5ab444a1673c277c1708fbc63a550 DependenciesID=8a462ae870aa8e9efd80977c60fb3839 StaticDependenciesID=da3aef266d18cd67863990e11ab5a752 
Start importing Assets/Art/UI/Icons/attr_democracy.png using Guid(1fa45c9568230024a93d8f949c857331) (TextureImporter) -> (Import Result ID: 'a9342d47682b4071a2fd274a1552c13a') in 0.0062422 seconds [static and dynamic dependencies]. Details - ImportResultOutputID=f092210612916cda4aa9fcdd0f4ba01e DependenciesID=87b7635a01c755d904acdb7c6d400ae8 StaticDependenciesID=aac224c7605333c65a126a6ad49c195d 
Start importing Assets/Art/UI/Documents/Britain/Ancient/Britain_Ancient_border.png using Guid(2fb7c516d5bec8043863f323466c3ec8) (TextureImporter) -> (Import Result ID: '67ed810f085da9bec01fde6023aadc6d') in 0.036151 seconds [static and dynamic dependencies]. Details - ImportResultOutputID=2537b90a637f3d1b1ce641a74c9bd83e DependenciesID=874cd3f7ec67ce928ec6dbd24bf2f57a StaticDependenciesID=ec95459a1ad5a54f876e572981e18536 
Start importing Assets/Art/UI/Desktop/icon_citizen_records.png using Guid(2fba4086bb28df34f9dc63444025066b) (TextureImporter) -> (Import Result ID: '247570e5e5e7617e4133c301f509e398') in 0.0041425 seconds [static and dynamic dependencies]. Details - ImportResultOutputID=531fd1fd4d076bfc86bbabb6ede36af2 DependenciesID=be19b35abdec57e10c54b092fabdb118 StaticDependenciesID=d8b9584e1fc2be94c378169c66e66993 
Start importing Assets/Art/UI/Documents/Greece/Ancient/Greece_Ancient_seal.png using Guid(2f0f2b5817f2cb548932afc1b31e6193) (TextureImporter) -> (Import Result ID: '00b36db2dbbda3e3b618cbb3c549b78f') in 0.0077994 seconds [static and dynamic dependencies]. Details - ImportResultOutputID=b89b64f94ca9de1a24a192d82b90edff DependenciesID=8dd09479e12881f5747a49cc25d2c063 StaticDependenciesID=6d58b9c61a8faa0e974aad921c1082f9 
Start importing Assets/Art/UI/Documents/Italy/Future/Italy_Future_seal.png using Guid(3f74baefa7870b143a227250e631b745) (TextureImporter) -> (Import Result ID: '87ff03436cc111b376a7fb14d63264b8') in 0.0073569 seconds [static and dynamic dependencies]. Details - ImportResultOutputID=67502870ad34f35542d23f3f92a2a9b7 DependenciesID=313f048f802b564e4f54247ae549ff24 StaticDependenciesID=ac4627ddbc1d82c58835dd6ad66653f7 
Start importing Assets/Art/Office/Booth/desk_photo.png using Guid(4fb3e648c353fea4292ccdfc45e7421e) (TextureImporter) -> (Import Result ID: 'baccb1e379766e06b976022555d54a45') in 0.0054277 seconds [static and dynamic dependencies]. Details - ImportResultOutputID=7022edcd098ea8ca0c63834178b846c3 DependenciesID=dab1b1083cd813dd21579c65a55b3d0d StaticDependenciesID=71ae3567e3d9af50c8bcba9ee1a12bee 
Start importing Assets/Art/UI/Documents/Greece/Old/Greece_Old_seal.png using Guid(5f7020561f031044496d361c59db558e) (TextureImporter) -> (Import Result ID: '5df272895294af6e406412764e7f02d8') in 0.0073209 seconds [static and dynamic dependencies]. Details - ImportResultOutputID=0a099d31504010bb0fdabc2e78ffe541 DependenciesID=2f5f63fa2bfa949c87f8b754040b1b03 StaticDependenciesID=12500899837049320f90af01db192892 
Start importing Assets/Art/UI/Desktop/icon_currency.png using Guid(7f0175548c1112f4bbcabe0b895f99ec) (TextureImporter) -> (Import Result ID: '6edd1e0b87a84b371cb172f0860e40ef') in 0.0041138 seconds [static and dynamic dependencies]. Details - ImportResultOutputID=3e6ac56fa626cf5f11929fb1ee791901 DependenciesID=52c673dc811d23672cc98db39c134f1b StaticDependenciesID=357e2361eefb223f3ae3390a7dacf703 
Start importing Assets/Art/UI/DayFlow/temporal_times_paper.png using Guid(7f75c29fabb39cd42b1c1be3d09403e8) (TextureImporter) -> (Import Result ID: '322bdcccdf6c2d905cddd27a5889d489') in 0.11827 seconds [static and dynamic dependencies]. Details - ImportResultOutputID=24745c6896b23bf4316d2f54af33f4b6 DependenciesID=3c84396bb1b9bbdfd12eefc2e349c053 StaticDependenciesID=8bcb0beb4b88981120de5244bfd60e0d 
Start importing Assets/Art/UI/Documents/Germany/Old/Germany_Old_border.png using Guid(af21f680aac522e4fbe442d0031944f9) (TextureImporter) -> (Import Result ID: '31754c2f2beed3402cfdabc117745ed6') in 0.0364247 seconds [static and dynamic dependencies]. Details - ImportResultOutputID=19630d1d97287fff1efcc4b19dc23060 DependenciesID=0ef84ec138eeff39a3d12b9bfbb83720 StaticDependenciesID=13d152e9205974cde3ec0c7c620c1bad 
Start importing Assets/Art/UI/Desktop/btn_min_pressed.png using Guid(afcc4c1dec1e82c47ba86dcd1494643a) (TextureImporter) -> (Import Result ID: '49384e7b410fab9b7f61c2318a620c40') in 0.0034247 seconds [static and dynamic dependencies]. Details - ImportResultOutputID=fe7923c50c24191e18afdb58b390f29b DependenciesID=0b5241aef174624d6665396119509a8e StaticDependenciesID=475812d42d1f093b4fdb3fa30d908385 
Start importing Assets/Art/UI/Documents/Germany/Old/Germany_Old_seal.png using Guid(cf0f4615cea154b46a2f5c4781d7a231) (TextureImporter) -> (Import Result ID: '0c7c343d984cb79673a9b1fda0abe0a2') in 0.0079061 seconds [static and dynamic dependencies]. Details - ImportResultOutputID=ede0bcc8f17fdf13ff41be11938f01ca DependenciesID=53489fa280ee402c59d6b38b249c4c1e StaticDependenciesID=e1e4ce57778229647036425fe6e7393e 
Start importing Assets/Art/UI/Desktop/icon_internet.png using Guid(dfa68d7c94c534a45bb32ea3c7ffa876) (TextureImporter) -> (Import Result ID: '5452b70dc97d0828758d7bb3c37d9315') in 0.0042655 seconds [static and dynamic dependencies]. Details - ImportResultOutputID=f69a4561bb07f9e1ef6f6164b325abf6 DependenciesID=57219814f56d4e242508b4a5fd8c0a80 StaticDependenciesID=8fc92d6b3815ca1e7abb74342ac84371 
Start importing Assets/Art/UI/Desktop/icon_settings.png using Guid(efc86040afbefdb43a2655c3fae3f880) (TextureImporter) -> (Import Result ID: '58a848b8426a011358e81e3fcb4e7fc5') in 0.0041639 seconds [static and dynamic dependencies]. Details - ImportResultOutputID=0a88423961df7d54cb932350a78d4d4f DependenciesID=8879ad67703a5cd24a4b05df34cc395f StaticDependenciesID=a153d0e6d351ec09d1a480761ceeac19 
Start importing Assets/Art/UI/Documents/Germany/Ancient/Germany_Ancient_border.png using Guid(ef9b0529524577c4a95fd6fbe57a7a37) (TextureImporter) -> (Import Result ID: '64bf1276b2ced8920cda69d2eaf19636') in 0.035612 seconds [static and dynamic dependencies]. Details - ImportResultOutputID=8357cdeb473286cc6e63499df3927e7e DependenciesID=1449722b2b7cf09d9e2fa453bbf33ef4 StaticDependenciesID=b19e9225929b2f2e0654b3eb7f62e79b 
Start importing Packages/com.unity.render-pipelines.core/Tests/Editor/UnifiedRayTracing/TraceRays.urtshader using Guid(1142bbad8b9e8c44c83a9775ff120d37) (ScriptedImporter)Launched and connected shader compiler UnityShaderCompiler.exe after 0.03 seconds

Compiling Ray Tracing Shader "TraceRays.urtshader", keywords = <no keywords>
    finished in 0.32 seconds. Local cache hits 1, remote cache hits 0, compiled 0 platform variants
 -> (Import Result ID: 'b61a11853fc2b01c85b821ba8aaf5c7e') in 0.5119915 seconds [static and dynamic dependencies]. Details - ImportResultOutputID=46687cccdc33168fce57c46918914a0e DependenciesID=ba78a0469f42bfec0b01e12118e1a492 StaticDependenciesID=b7859538b7c8061be2c1df0681a26cec 
Start importing Packages/com.unity.render-pipelines.core/Runtime/Lighting/SurfaceCache/RisEstimation.urtshader using Guid(713f6141bd66a134383b787f2eaa7c11) (ScriptedImporter)
Compiling Ray Tracing Shader "RisEstimation.urtshader", keywords = <no keywords>
    finished in 0.00 seconds. Local cache hits 1, remote cache hits 0, compiled 0 platform variants
 -> (Import Result ID: 'd7ac51d7078c9d0f4518515a4bd89058') in 0.0148739 seconds [static and dynamic dependencies]. Details - ImportResultOutputID=e10568ab6bce9a97b28d8c885dc887c9 DependenciesID=7bda994a1075ee45a05df5fd39078a40 StaticDependenciesID=1251c416255850dca778d66927462604 
Start importing Packages/com.unity.render-pipelines.core/Runtime/PathTracing/Shaders/LightmapShadowMaskIntegration.urtshader using Guid(d19f4f8a13b6edb48b986a47ec96402e) (ScriptedImporter)
Compiling Ray Tracing Shader "LightmapShadowMaskIntegration.urtshader", keywords = <no keywords>
    finished in 0.00 seconds. Local cache hits 1, remote cache hits 0, compiled 0 platform variants
 -> (Import Result ID: '6206f4b63d9d1dd6323401f03425e922') in 0.0227547 seconds [static and dynamic dependencies]. Details - ImportResultOutputID=2b95ef19d50b21f939236f8de4f3b7c4 DependenciesID=3a4c5a758997883cb2c7a4dad415ebe1 StaticDependenciesID=dddefbaa39ba5d51a386df5433e82fa1 
Start importing Packages/com.unity.render-pipelines.core/Runtime/PathTracing/Shaders/LightmapGBufferDebug.urtshader using Guid(737a1597422c12547a8714d76a9406ec) (ScriptedImporter)
Compiling Ray Tracing Shader "LightmapGBufferDebug.urtshader", keywords = <no keywords>
    finished in 0.00 seconds. Local cache hits 1, remote cache hits 0, compiled 0 platform variants
 -> (Import Result ID: 'babf3e30592708beedda850f6a16aa60') in 0.0091628 seconds [static and dynamic dependencies]. Details - ImportResultOutputID=091ab5fc811d0bb32fd83d24c76e3ade DependenciesID=a74f3d1e9dc51cb077ba856b7eab9889 StaticDependenciesID=62194a0448f2b8616e1214fb593272db 
Start importing Packages/com.unity.render-pipelines.core/Runtime/PathTracing/Shaders/LightmapNormalIntegration.urtshader using Guid(1451d029813b192429211be28181beab) (ScriptedImporter)
Compiling Ray Tracing Shader "LightmapNormalIntegration.urtshader", keywords = <no keywords>
    finished in 0.00 seconds. Local cache hits 1, remote cache hits 0, compiled 0 platform variants
 -> (Import Result ID: '791a469038e49731e268afc65adafb0e') in 0.0088214 seconds [static and dynamic dependencies]. Details - ImportResultOutputID=ceb98ab71ac413b56190ee84e02cff03 DependenciesID=c40fff4210f4795126824cb6cbd960bd StaticDependenciesID=cbe3820d9825e61936c3967ec27e4e90 
Start importing Packages/com.unity.render-pipelines.core/Editor/Lighting/ProbeVolume/RenderingLayerMask/TraceRenderingLayerMask.urtshader using Guid(94a070d33e408384bafc1dea4a565df9) (ScriptedImporter)
Compiling Ray Tracing Shader "TraceRenderingLayerMask.urtshader", keywords = <no keywords>
    finished in 0.00 seconds. Local cache hits 1, remote cache hits 0, compiled 0 platform variants
 -> (Import Result ID: '86f5f30a5cada56579762dd325614ad9') in 0.0083337 seconds [static and dynamic dependencies]. Details - ImportResultOutputID=1a05fb70609584037b92ffb7bbfa4513 DependenciesID=e4c04546dd7334f19deb336f5df7647d StaticDependenciesID=83d03f1fcc976b11b697d3bab0b97d8c 
Start importing Packages/com.unity.render-pipelines.core/Runtime/Lighting/SurfaceCache/UniformEstimation.urtshader using Guid(94a39d12848d8d64ca962a72b74e7c50) (ScriptedImporter)
Compiling Ray Tracing Shader "UniformEstimation.urtshader", keywords = <no keywords>
    finished in 0.00 seconds. Local cache hits 1, remote cache hits 0, compiled 0 platform variants
 -> (Import Result ID: '294fe8c4e2b40974f52434bf1a3e50d3') in 0.0074195 seconds [static and dynamic dependencies]. Details - ImportResultOutputID=63829e09c8421943158a5c8e22d7fb1c DependenciesID=a3615acec63a8869e35ea1a076121cb4 StaticDependenciesID=f100dc97879ef35876f7ad5427566dd9 
Start importing Packages/com.unity.render-pipelines.core/Tests/Editor/UnifiedRayTracing/TraceTransparentRays.urtshader using Guid(6513c3b892e933c4f8d00c19d5c47532) (ScriptedImporter)
Compiling Ray Tracing Shader "TraceTransparentRays.urtshader", keywords = <no keywords>
    finished in 0.00 seconds. Local cache hits 1, remote cache hits 0, compiled 0 platform variants
 -> (Import Result ID: 'ce98530d50922e273fe691dd13c2666f') in 0.0048086 seconds [static and dynamic dependencies]. Details - ImportResultOutputID=9a4f92c4b834443772f57e904b7b5318 DependenciesID=e2b5d4de0ad804a3b9ecae2a1ed8ba57 StaticDependenciesID=5e41b194f27d8b70c797e75555e2b1f0 
Start importing Packages/com.unity.render-pipelines.core/Runtime/PathTracing/Shaders/LightmapIndirectIntegration.urtshader using Guid(7624adbeb148b5c48ab5ab660cc2602a) (ScriptedImporter)
Compiling Ray Tracing Shader "LightmapIndirectIntegration.urtshader", keywords = <no keywords>
    finished in 0.00 seconds. Local cache hits 1, remote cache hits 0, compiled 0 platform variants
 -> (Import Result ID: '7636fca688e599403be3d3b12c440c22') in 0.009344 seconds [static and dynamic dependencies]. Details - ImportResultOutputID=331a21b109ee676710cbf634c8ef4c64 DependenciesID=a013b62f44319fe9498c0e871d3829fb StaticDependenciesID=6d19372de11b03798f093933090e79bb 
Start importing Packages/com.unity.render-pipelines.core/Runtime/PathTracing/Shaders/LightmapGBufferIntegration.urtshader using Guid(e9f4de6d1e07fb94f9a60d35b618f724) (ScriptedImporter)
Compiling Ray Tracing Shader "LightmapGBufferIntegration.urtshader", keywords = <no keywords>
    finished in 0.00 seconds. Local cache hits 1, remote cache hits 0, compiled 0 platform variants
 -> (Import Result ID: '6b095755af600b25dba257b1420adcfa') in 0.007245 seconds [static and dynamic dependencies]. Details - ImportResultOutputID=88abca16d66a7184f4c4b47027b43f11 DependenciesID=7e07fd4aeea28b90cf80df010e477915 StaticDependenciesID=66dc06979910318021783fcb4ccd3ecc 
Start importing Packages/com.unity.render-pipelines.core/Editor/Lighting/ProbeVolume/DynamicGI/DynamicGISkyOcclusion.urtshader using Guid(5a2a534753fbdb44e96c3c78b5a6999d) (ScriptedImporter)
Compiling Ray Tracing Shader "DynamicGISkyOcclusion.urtshader", keywords = <no keywords>
    finished in 0.00 seconds. Local cache hits 1, remote cache hits 0, compiled 0 platform variants
 -> (Import Result ID: '6f054e61c1371e27dad04f659288b92e') in 0.0068452 seconds [static and dynamic dependencies]. Details - ImportResultOutputID=d00095a4a55ff2ec22e939f29df9180b DependenciesID=ff1535c0e2997a6039c548982004dd93 StaticDependenciesID=18974378deb0e4fc540e6b2321b0ff13 
Start importing Packages/com.unity.render-pipelines.core/Runtime/PathTracing/Shaders/LightmapDirectIntegration.urtshader using Guid(5bbebdef5916845478fcef13fa10d89f) (ScriptedImporter)
Compiling Ray Tracing Shader "LightmapDirectIntegration.urtshader", keywords = <no keywords>
    finished in 0.00 seconds. Local cache hits 1, remote cache hits 0, compiled 0 platform variants
 -> (Import Result ID: '16a5e83c3e0e5009ab394ab2b951fdd6') in 0.0097519 seconds [static and dynamic dependencies]. Details - ImportResultOutputID=a922f61de12ed04fdf9509350b340e48 DependenciesID=57ccbabcf65c829f2817a591a3ce9914 StaticDependenciesID=63188f79534be5f4b9e074ad4af5bfb7 
Start importing Packages/com.unity.render-pipelines.core/Tests/Editor/UnifiedRayTracing/TraceRaysAndFetchAttributes.urtshader using Guid(fbc59f55df2416344b008dc23753cae2) (ScriptedImporter)
Compiling Ray Tracing Shader "TraceRaysAndFetchAttributes.urtshader", keywords = <no keywords>
    finished in 0.00 seconds. Local cache hits 1, remote cache hits 0, compiled 0 platform variants
 -> (Import Result ID: 'b176c8e4b623a9b1bca035cc8a457f3e') in 0.0056416 seconds [static and dynamic dependencies]. Details - ImportResultOutputID=3b313a6c864bac4a92bdbdf353437986 DependenciesID=d21a282b89a2e496dfcce7cde4fed2ac StaticDependenciesID=aa8291e86ea82085a643681c1c779d39 
Start importing Packages/com.unity.render-pipelines.core/Runtime/PathTracing/Shaders/LightmapAOIntegration.urtshader using Guid(1c410815c01ce1d4d82c645c0cd45747) (ScriptedImporter)
Compiling Ray Tracing Shader "LightmapAOIntegration.urtshader", keywords = <no keywords>
    finished in 0.00 seconds. Local cache hits 1, remote cache hits 0, compiled 0 platform variants
 -> (Import Result ID: '9df1e187d4190f9957b2b561b03a969c') in 0.0094562 seconds [static and dynamic dependencies]. Details - ImportResultOutputID=5103f96431e842f7259bb0177de5374a DependenciesID=149050e4eae14bbf0824943226fef567 StaticDependenciesID=bcaf3aac9727a2ca27155e619d011e5f 
Start importing Packages/com.unity.render-pipelines.core/Runtime/PathTracing/Shaders/ProbeIntegrationValidity.urtshader using Guid(2c32233d92a2d0745930664c087c5c9a) (ScriptedImporter)
Compiling Ray Tracing Shader "ProbeIntegrationValidity.urtshader", keywords = <no keywords>
    finished in 0.00 seconds. Local cache hits 1, remote cache hits 0, compiled 0 platform variants
 -> (Import Result ID: 'bcf9a3db43d96e62931481948649ec6d') in 0.0081411 seconds [static and dynamic dependencies]. Details - ImportResultOutputID=7382f6ebace9db409d45bbf3f67db551 DependenciesID=c362f229ed9d3f4e8329bf893a13639b StaticDependenciesID=4aea10376946a8225ccdfdec15a70dac 
Start importing Packages/com.unity.render-pipelines.core/Runtime/PathTracing/Shaders/LightmapValidityIntegration.urtshader using Guid(ace95ac84e213794891b4bd7c9b3c158) (ScriptedImporter)
Compiling Ray Tracing Shader "LightmapValidityIntegration.urtshader", keywords = <no keywords>
    finished in 0.00 seconds. Local cache hits 1, remote cache hits 0, compiled 0 platform variants
 -> (Import Result ID: '9cfefd2467c2f392ccaf70284f81d86a') in 0.009382 seconds [static and dynamic dependencies]. Details - ImportResultOutputID=1e4e1f52bf9adcad13f0bcdba75cec3b DependenciesID=57d9d38cd2a047f8b92a9651c6724631 StaticDependenciesID=46d905dacc01197a8e043a8ad4f9d21d 
Start importing Packages/com.unity.render-pipelines.core/Runtime/Lighting/SurfaceCache/RestirCandidateTemporal.urtshader using Guid(ad3a9f9982f8c4f4a839a78955e78458) (ScriptedImporter)
Compiling Ray Tracing Shader "RestirCandidateTemporal.urtshader", keywords = <no keywords>
    finished in 0.00 seconds. Local cache hits 1, remote cache hits 0, compiled 0 platform variants
 -> (Import Result ID: 'ee1f626977a9995fa6dc3fe2cae85133') in 0.0077074 seconds [static and dynamic dependencies]. Details - ImportResultOutputID=0ee7e16793f63ad4fa9bacccbdab596d DependenciesID=a54e69929afed86f408abe0f3a11f5a4 StaticDependenciesID=2beaac54fac463ee5ee15c00b0990d01 
Start importing Packages/com.unity.render-pipelines.core/Runtime/PathTracing/Shaders/ProbeIntegrationIndirect.urtshader using Guid(5ecdabd800f05984696f22ba95284516) (ScriptedImporter)
Compiling Ray Tracing Shader "ProbeIntegrationIndirect.urtshader", keywords = <no keywords>
    finished in 0.00 seconds. Local cache hits 1, remote cache hits 0, compiled 0 platform variants
 -> (Import Result ID: '889fc6615150a45fc63538a9546c0e35') in 0.0106253 seconds [static and dynamic dependencies]. Details - ImportResultOutputID=7b342ad6fce78607d4cb85fc02d9d19a DependenciesID=e68919762ba0a9e0f238cb17c5dcbebb StaticDependenciesID=83ecbbd61911181b4944eb7ac9eabee5 
Start importing Packages/com.unity.render-pipelines.core/Tests/Runtime/PathTracing/PathIteratorTest.urtshader using Guid(6e0b547bab30a804c8123974120d583f) (ScriptedImporter)
Compiling Ray Tracing Shader "PathIteratorTest.urtshader", keywords = <no keywords>
    finished in 0.00 seconds. Local cache hits 1, remote cache hits 0, compiled 0 platform variants
 -> (Import Result ID: '57d947cae0e8003fbc981ad74169efaa') in 0.0107786 seconds [static and dynamic dependencies]. Details - ImportResultOutputID=07420bf6446c0c205e272929d6eb81ee DependenciesID=594f11d35b7aba65962c7886d27a4981 StaticDependenciesID=cf2a33ce9b71ea08a4459556694e1323 
Start importing Packages/com.unity.render-pipelines.core/Runtime/PathTracing/Shaders/LiveGI.urtshader using Guid(ceb7a31b84722d144bbeff1c8cd88769) (ScriptedImporter)
Compiling Ray Tracing Shader "LiveGI.urtshader", keywords = <no keywords>
    finished in 0.00 seconds. Local cache hits 1, remote cache hits 0, compiled 0 platform variants
 -> (Import Result ID: '12f1f33770683c6d22725c2f237e83ab') in 0.0096616 seconds [static and dynamic dependencies]. Details - ImportResultOutputID=c58ef83ec50830e9bfe040e930b3537e DependenciesID=efbcc06b527755efc51f17180af96016 StaticDependenciesID=628001b751fe9fddf64a203b1446575e 
Start importing Packages/com.unity.render-pipelines.core/Runtime/PathTracing/Shaders/ProbeIntegrationOcclusion.urtshader using Guid(de3013e16d99f2746ab1735ec06a660b) (ScriptedImporter)
Compiling Ray Tracing Shader "ProbeIntegrationOcclusion.urtshader", keywords = <no keywords>
    finished in 0.00 seconds. Local cache hits 1, remote cache hits 0, compiled 0 platform variants
 -> (Import Result ID: 'b8fb97ca364825a954794a7a33584bbe') in 0.009571 seconds [static and dynamic dependencies]. Details - ImportResultOutputID=34ea5cef2db8063219dc8fd537498cc0 DependenciesID=b4bdf7721efc399300aba8c6c0cc6ced StaticDependenciesID=183f3d853e4af89ec08f4e79696e167d 
Start importing Packages/com.unity.render-pipelines.core/Runtime/PathTracing/Shaders/ProbeIntegrationDirect.urtshader using Guid(1f9bfe60b4ad75943a5281839c1a4e5c) (ScriptedImporter)
Compiling Ray Tracing Shader "ProbeIntegrationDirect.urtshader", keywords = <no keywords>
    finished in 0.00 seconds. Local cache hits 1, remote cache hits 0, compiled 0 platform variants
 -> (Import Result ID: 'f9e05b28fe00eb70f1cbd312b7b9c80e') in 0.0100109 seconds [static and dynamic dependencies]. Details - ImportResultOutputID=4cedefe6725f61ebfce8197635258855 DependenciesID=e4ee24474e83bb9a6d47c033a5149289 StaticDependenciesID=d3f99f9cc1ae2c0c0147c2fa8da668fc 
Start importing Packages/com.unity.render-pipelines.core/Editor/Lighting/ProbeVolume/VirtualOffset/TraceVirtualOffset.urtshader using Guid(ff2cbab5da58bf04d82c5f34037ed123) (ScriptedImporter)
Compiling Ray Tracing Shader "TraceVirtualOffset.urtshader", keywords = <no keywords>
    finished in 0.00 seconds. Local cache hits 1, remote cache hits 0, compiled 0 platform variants
 -> (Import Result ID: '6f29081014305158ffc1f553fe9ac97c') in 0.0082064 seconds [static and dynamic dependencies]. Details - ImportResultOutputID=7915af89c97778059399f61159182492 DependenciesID=4529efd1d999f927776004ba32005281 StaticDependenciesID=f51ff46b48d84884c883ac486ebfd7f9 
Refreshing native plugins compatible for Editor in 2.74 ms, found 6 plugins.
(Values over 0.050ms)
Asset Pipeline Refresh (id=5ecd602238bc0aa47b8edf4ba897de79): Total: 36.180 seconds - Initiated by InitialRefreshV2(ForceSynchronousImport)
	Summary:
		Imports: total=363 (actual=363, local cache=0, cache server=0)
		Asset DB Process Time: managed=240 ms, native=18766 ms
		Asset DB Callback time: managed=532 ms, native=134 ms
		Scripting: domain reloads=2, domain reload time=4316 ms, compile time=12124 ms, other=65 ms
		Project Asset Count: scripts=2470, non-scripts=6754
		Asset File Changes: new=331, changed=342, moved=0, deleted=0
		Scan Filter Count: 0
	InvokePackagesCallback: 27.561ms
	ApplyChangesToAssetFolders: 0.757ms
	Scan: 508.811ms
	OnSourceAssetsModified: 2.429ms
	CategorizeScriptCompilationAssets: 96.241ms
	ProcessAssetsWithTransientArtifactChanges: 95.388ms
	CategorizeAssets: 123.842ms
	CompileScripts: 12124.171ms
	ImportOutOfDateAssets: 17932.549ms (8339.742ms without children)
		ImportManagerImport: 9588.603ms (8.991ms without children)
			UpdateCategorizedAssets: 2.654ms
		CollectScriptTypesHashes: 2.334ms
		ReloadNativeAssets: 0.800ms
		UnloadImportedAssets: 0.902ms
		ReloadImportedAssets: 1.405ms
		EnsureUptoDateAssetsAreRegisteredWithGuidPM: 1.577ms
		OnDemandSchedulerStart: 0.901ms
	PostProcessAllAssets: 633.538ms
		RaytracingShaderImportPostprocess 49.324ms
		ComputeShaderImportPostprocess 45.695ms
		VersionControlSettings.HiddenFilePostprocess 2.006ms
		SpriteAtlasDatabase.OnAssetPostprocessCallback 0.925ms
		PostProcessCallbackCreateDeferredMaterials 0.529ms
		ShaderAssetModifiedCallback 0.511ms
		XRBuildSystem.XRAssetImported 0.456ms
		SpeedTreeImporter.PostprocessAllAssets 0.267ms
		LocalizationDatabase.AssetDatabasePostprocessCallback 0.245ms
		BlockShaderImporter.PostprocessAllAssets 0.244ms
		AssemblyValidation.PostprocessAllAssets 0.145ms
		MonoPostProcessAllAssets: 529.593ms
			AssetPostprocessor.OnPostprocessAllAssets 171.377ms
			SyncVS.PostprocessSyncProject 121.448ms
			AssetReferenceReimportMonitor.OnPostprocessAllAssets 21.896ms
			StyleCatalogPostProcessor.OnPostprocessAllAssets 17.523ms
			ShaderGraphAssetPostProcessor.OnPostprocessAllAssets 9.471ms
			UniversalRenderPipelineGlobalSettingsPostprocessor.OnPostprocessAllAssets 8.488ms
			BuilderAssetPostprocessor.OnPostprocessAllAssets 4.775ms
			TextAssetPostProcessor.OnPostprocessAllAssets 2.082ms
			PostProcessor.OnPostprocessAllAssets 2.019ms
			SpeedTree9Postprocessor.OnPostprocessAllAssets 1.907ms
			AssetChangedListener.OnPostprocessAllAssets 1.670ms
			GraphRefreshPostprocessor.OnPostprocessAllAssets 1.582ms
			MaterialPostprocessor.OnPostprocessAllAssets 1.470ms
			WindowAssetPostprocessingWatcher.OnPostprocessAllAssets 1.351ms
			InputActionAssetPostprocessor.OnPostprocessAllAssets 1.171ms
			InputActionJsonNameModifierAssetProcessor.OnPostprocessAllAssets 1.115ms
			RetainedModeAssetPostprocessor.OnPostprocessAllAssets 1.044ms
			RenderPipelineGlobalSettingsPostprocessor.OnPostprocessAllAssets 0.842ms
			AssetChangeDetector.OnPostprocessAllAssets 0.821ms
			AssetProcessor.OnPostprocessAllAssets 0.467ms
			SpriteEditorTexturePostprocessor.OnPostprocessAllAssets 0.445ms
			SkillsProjectAssetPostprocessor.OnPostprocessAllAssets 0.438ms
			TMPro_TexturePostProcessor.OnPostprocessAllAssets 0.412ms
			ArtifactBrowserPostProcessor.OnPostprocessAllAssets 0.390ms
			UVCSAssetPostprocessor.OnPostprocessAllAssets 0.335ms
			CinemachineSettings.OnPostprocessAllAssets 0.318ms
			ReferencedClipsPostProcessor.OnPostprocessAllAssets 0.308ms
			ModelAssetProcessor.OnPostprocessAllAssets 0.277ms
			ProjectSettingsPostprocessor.OnPostprocessAllAssets 0.226ms
			AudioMixerPostprocessor.OnPostprocessAllAssets 0.221ms
			SpriteShapeAssetPostProcessor.OnPostprocessAllAssets 0.220ms
			AssetEvents.OnPostprocessAllAssets 0.207ms
			DomainReloadProcessor.OnPostprocessAllAssets 0.203ms
			TerrainToolbarOverlayPostProcessor.OnPostprocessAllAssets 0.195ms
			SpriteLibraryAssetPostprocessor.OnPostprocessAllAssets 0.178ms
			SpeedTreePostProcessor.OnPostprocessAllAssets 0.144ms
			AssetDatabaseCallbacks.OnPostprocessAllAssets 0.130ms
			ConfigAssetsTracker.OnPostprocessAllAssets 0.127ms
			SamplePostprocessor.OnPostprocessAllAssets 0.127ms
			PSDImportPostProcessor.OnPostprocessAllAssets 0.117ms
			ScenarioDriftAssetsTracker.OnPostprocessAllAssets 0.111ms
			PSDImporterAssetPostProcessor.OnPostprocessAllAssets 0.071ms
			TrackSelectedAssetsProcessor.OnPostprocessAllAssets 0.069ms
			AudioContainerPostProcessor.OnPostprocessAllAssets 0.057ms
	PostAssetChangesProfiler: 6.890ms
	UnloadStreamsBegin: 3.579ms
	PersistCurrentRevisions: 1.135ms
	GenerateScriptTypeHashes: 5.836ms
	GenerateScriptTypeSerializationHashes: 9.309ms
	Untracked: 4616.104ms

Application.AssetDatabase Initial Refresh End
Shader Hidden/ChartRasterizerHardware is not supported: GPU does not support conservative rasterization
Scanning for USB devices : 4.812ms
Initializing Unity extensions:
[MODES] ModeService[none].Initialize
[MODES] ModeService[none].LoadModes
[MODES] Loading mode Default (0) for mode-current-id-NOPE
Unloading 91 Unused Serialized files (Serialized files now loaded: 0)
Unloading 11443 unused Assets / (5.3 MB). Loaded Objects now: 12317.
Memory consumption went from 335.6 MB to 330.3 MB.
Total: 19.946500 ms (FindLiveObjects: 0.865600 ms CreateObjectMapping: 0.498200 ms MarkObjects: 16.116700 ms  DeleteObjects: 2.463500 ms)

Asset Pipeline Refresh (id=3d88589e2281878419eb776d088076e6): Total: 0.087 seconds - Initiated by RefreshV2(NoUpdateAssetOptions)
Start importing Assets/Art/Generated/xp_bliss.png using Guid(3b76634ee0f0e304ba0958315f4369f4) (TextureImporter) -> (Import Result ID: 'ec3acd6b80f74703971eb20d9b5db2c7') in 0.064688 seconds [static and dynamic dependencies]. Details - ImportResultOutputID=db8e7f97febd90ab65aa404190ac2f56 DependenciesID=64a08500505ebfde90e02620606ef62b StaticDependenciesID=6f1dd1cb90e659c2470b3bc23e1dbcf7 
Refreshing native plugins compatible for Editor in 2.41 ms, found 6 plugins.
Asset Pipeline Refresh (id=9d694adc0879cef40b837c1769bb19aa): Total: 0.115 seconds - Initiated by StopAssetImportingV2(NoUpdateAssetOptions)
Start importing Assets/Art/Home/btn_sleep.png using Guid(039290471d13e1347b56bb61117e62ae) (TextureImporter) -> (Import Result ID: '79d5ce496128511aa4d95c3fbfca0415') in 0.0049655 seconds [static and dynamic dependencies]. Details - ImportResultOutputID=711ce05212ce86e4fe7ab3ef35f7b3d7 DependenciesID=f761248867d6067ab58f90797c4d2362 StaticDependenciesID=99c120cf7b75e211e44f2c575239fd59 
Refreshing native plugins compatible for Editor in 2.42 ms, found 6 plugins.
Asset Pipeline Refresh (id=e716c6ee14bee4b4a8c98349c3d01df7): Total: 0.049 seconds - Initiated by StopAssetImportingV2(NoUpdateAssetOptions)
Start importing Assets/Art/Home/home_bg.png using Guid(f53bf5654f132844b918fd8e09f7eecc) (TextureImporter) -> (Import Result ID: 'b8bf29a7275bfc9535d7c166eda34d16') in 0.0648776 seconds [static and dynamic dependencies]. Details - ImportResultOutputID=60dccd21eb40514ec954a9093ebe9196 DependenciesID=6887157fb8c288a1ae0f9bed5a9170db StaticDependenciesID=2d6ebeef9339856256a76f60087ada65 
Refreshing native plugins compatible for Editor in 2.76 ms, found 6 plugins.
Asset Pipeline Refresh (id=ae21d3ec6a66b3a42a0ab6162b04cd73): Total: 0.108 seconds - Initiated by StopAssetImportingV2(NoUpdateAssetOptions)
Start importing Assets/Art/Home/panel_expenses.png using Guid(ab15e1d66dc36b54e94b54d5adefcf6e) (TextureImporter) -> (Import Result ID: '7e6b67f69d7176e5c8763f3392af7297') in 0.0169859 seconds [static and dynamic dependencies]. Details - ImportResultOutputID=4ccd07869d46ff6d5d28f2f48720ac1a DependenciesID=e35160e50ad9c85334e601db94229502 StaticDependenciesID=963cb2d0a6e7a63cbaf0159c46f250c8 
Refreshing native plugins compatible for Editor in 2.52 ms, found 6 plugins.
Asset Pipeline Refresh (id=effe76c3e405ee64ab40ff1eda68f03f): Total: 0.061 seconds - Initiated by StopAssetImportingV2(NoUpdateAssetOptions)
Start importing Assets/Art/Home/panel_shop.png using Guid(c78d9c4d05df0f741820fc3b869da5fc) (TextureImporter) -> (Import Result ID: '05a56903f7d3770eb08dc8d177650b27') in 0.0174459 seconds [static and dynamic dependencies]. Details - ImportResultOutputID=6001f57b05395a3b242d1d099f4314fe DependenciesID=fc34ec25388c88d9a66a078162c95df6 StaticDependenciesID=48da538d52a1d6c3eace72231e94f88c 
Refreshing native plugins compatible for Editor in 2.43 ms, found 6 plugins.
Asset Pipeline Refresh (id=968df159def54c840a0a5ef663221ed4): Total: 0.062 seconds - Initiated by StopAssetImportingV2(NoUpdateAssetOptions)
Start importing Assets/Art/Home/slot_busted.png using Guid(7eb0eab585b45ef4c86c8fe0d0d940d3) (TextureImporter) -> (Import Result ID: '3ef9dda52f039c7283e6c604f5d7946c') in 0.005542 seconds [static and dynamic dependencies]. Details - ImportResultOutputID=20fb94db112202ca6ddff41ffba0a827 DependenciesID=4e601dff504665a47197fe6db937eb2c StaticDependenciesID=25bb3d0f51fe7154edbd09b37965fb35 
Refreshing native plugins compatible for Editor in 2.41 ms, found 6 plugins.
Asset Pipeline Refresh (id=e795f99b558d7a84288308d7420d7b65): Total: 0.049 seconds - Initiated by StopAssetImportingV2(NoUpdateAssetOptions)
Start importing Assets/Art/Home/slot_forgery_warning.png using Guid(8ac743721b700fe4a8afa336b8aaa009) (TextureImporter) -> (Import Result ID: 'f677fdc5f6ce4df2fe51871705181d95') in 0.005226 seconds [static and dynamic dependencies]. Details - ImportResultOutputID=6fdf23b24dec25ea2ff34d1895790f1c DependenciesID=4e313f58292dccd967e2e887f3470786 StaticDependenciesID=b6d27b40556e65e1a83c7115175ad23f 
Refreshing native plugins compatible for Editor in 2.51 ms, found 6 plugins.
Asset Pipeline Refresh (id=19205923df994c040930677f75b00c59): Total: 0.049 seconds - Initiated by StopAssetImportingV2(NoUpdateAssetOptions)
Start importing Assets/Art/Home/slot_jackpot.png using Guid(7e128a6a0d0289b49a684af8749caf03) (TextureImporter) -> (Import Result ID: 'ecd7ecd0aafb80fb4f32157a080fb956') in 0.0048977 seconds [static and dynamic dependencies]. Details - ImportResultOutputID=529cdf3268fcfaf68c814951098284fc DependenciesID=3a49d3bc325cf315844b925e32ab8b9e StaticDependenciesID=c6162700be3f1c5f3fc6cca4d7c3b35a 
Refreshing native plugins compatible for Editor in 2.33 ms, found 6 plugins.
Asset Pipeline Refresh (id=60fd50dfc900e00499201d760d537fa3): Total: 0.048 seconds - Initiated by StopAssetImportingV2(NoUpdateAssetOptions)
Start importing Assets/Art/Home/slot_legendary_omen.png using Guid(bc8ca32887902b74db873a46be4e2b1b) (TextureImporter) -> (Import Result ID: 'a4263e81b9b57b7464a084a229698990') in 0.0048631 seconds [static and dynamic dependencies]. Details - ImportResultOutputID=fd5eb06c61de79accf7d231a59fb102c DependenciesID=b3f717867ac7d093617310f52d3e850d StaticDependenciesID=5d8290c65f6a827169824a036a36fdf4 
Refreshing native plugins compatible for Editor in 2.35 ms, found 6 plugins.
Asset Pipeline Refresh (id=e6c2f0dce0b3f9946980eeb873783b0b): Total: 0.049 seconds - Initiated by StopAssetImportingV2(NoUpdateAssetOptions)
Start importing Assets/Art/Home/slot_lever.png using Guid(ccdd846b8a27af642b81070f4868ce5f) (TextureImporter) -> (Import Result ID: '38c9881123aa87d6d00a67ac3fda6944') in 0.0066244 seconds [static and dynamic dependencies]. Details - ImportResultOutputID=66890d3710e6c6e1ee809345d4a99dff DependenciesID=639603aa876f65202b3a76451595e4c8 StaticDependenciesID=d82ae02a5b1a383ffc9169599dac4189 
Refreshing native plugins compatible for Editor in 2.38 ms, found 6 plugins.
Asset Pipeline Refresh (id=fa85aafaa7b79ff40a1028235e11c6b8): Total: 0.048 seconds - Initiated by StopAssetImportingV2(NoUpdateAssetOptions)
Start importing Assets/Art/Home/slot_machine.png using Guid(b60219455ca6a394995497272be62e1d) (TextureImporter) -> (Import Result ID: '86b8769924e4f71bc7629e5071e6941e') in 0.0291685 seconds [static and dynamic dependencies]. Details - ImportResultOutputID=88cec7b55b17706b57fa79484a96bc0b DependenciesID=59ecc70d30b7f784422a203d6f778f3b StaticDependenciesID=cee330216ce62964d58aa1a1beaff509 
Refreshing native plugins compatible for Editor in 2.49 ms, found 6 plugins.
Asset Pipeline Refresh (id=c4d5d14a012e25b40a09e87b2c36205c): Total: 0.073 seconds - Initiated by StopAssetImportingV2(NoUpdateAssetOptions)
Start importing Assets/Art/Home/slot_small_win.png using Guid(bb35fe93f46888d409ff84ec03a213d6) (TextureImporter) -> (Import Result ID: 'd063a51bc25dc3b2eb3b7f898fc9a1ea') in 0.0049187 seconds [static and dynamic dependencies]. Details - ImportResultOutputID=e6fd16f3a22617e15aa423be639c30e0 DependenciesID=a75229b3477880b7acf958b9df313907 StaticDependenciesID=18ed1d284dd09d773fadf8f2b10181e6 
Refreshing native plugins compatible for Editor in 2.52 ms, found 6 plugins.
Asset Pipeline Refresh (id=97347481fe5ccee49ba3429819609f78): Total: 0.048 seconds - Initiated by StopAssetImportingV2(NoUpdateAssetOptions)
Start importing Assets/Art/Home/upgrade_advanced_scanner.png using Guid(c92f975137c15444f9c454c14eb25595) (TextureImporter) -> (Import Result ID: '64df211d5b840076a01564568f7e4978') in 0.005028 seconds [static and dynamic dependencies]. Details - ImportResultOutputID=39f905b3f553c9ef998073057944bb4e DependenciesID=ac8b70df0a3d520afc96bb91cfb66559 StaticDependenciesID=558e50f6bd4aee9c9faca61299eb5147 
Refreshing native plugins compatible for Editor in 2.43 ms, found 6 plugins.
Asset Pipeline Refresh (id=f8964b21096a0a1449dadbc5342f4550): Total: 0.047 seconds - Initiated by StopAssetImportingV2(NoUpdateAssetOptions)
Start importing Assets/Art/Home/upgrade_archive_access.png using Guid(90f7b8f48c66a084da7316c9e831f183) (TextureImporter) -> (Import Result ID: 'f84f43fc05ccaddb49276093123636cb') in 0.0050023 seconds [static and dynamic dependencies]. Details - ImportResultOutputID=2725bbebc8ba5759d747920853b6daad DependenciesID=8879ee3c79ee4882607ae96baa20860b StaticDependenciesID=fd09c08047c974670481ce2cab766fc1 
Refreshing native plugins compatible for Editor in 2.33 ms, found 6 plugins.
Asset Pipeline Refresh (id=da9971bcc4a85fc44932a8639275abeb): Total: 0.049 seconds - Initiated by StopAssetImportingV2(NoUpdateAssetOptions)
Start importing Assets/Art/Home/upgrade_diplomatic_contacts.png using Guid(9594733253c592547b713ed29769dbe9) (TextureImporter) -> (Import Result ID: '799c3263326c41df0475b08c11b0d532') in 0.0050895 seconds [static and dynamic dependencies]. Details - ImportResultOutputID=5463315d75d67611412566f2895b268e DependenciesID=a8b78df8a7c834d611bac63d26f7b060 StaticDependenciesID=fd33afc29e2932417df9613eeb2b891d 
Refreshing native plugins compatible for Editor in 2.44 ms, found 6 plugins.
Asset Pipeline Refresh (id=a451c4a8780bb1844ad2fc5a96b97a49): Total: 0.048 seconds - Initiated by StopAssetImportingV2(NoUpdateAssetOptions)
Start importing Assets/Art/Title/btn_continue_hover.png using Guid(a41ade123ca4af34492353e29f8d10a4) (TextureImporter) -> (Import Result ID: '57035d80ecf17ea4c6326c69aff7a6bb') in 0.0055419 seconds [static and dynamic dependencies]. Details - ImportResultOutputID=e891f45e2a994b091066dea8b8aa935d DependenciesID=edae9c8911ef21a1c9688395e9b4c490 StaticDependenciesID=54625874d734df47cb97dc9c4da2e116 
Refreshing native plugins compatible for Editor in 2.54 ms, found 6 plugins.
Asset Pipeline Refresh (id=cca298b6024f4764ba6dfa0cadb823e7): Total: 0.049 seconds - Initiated by StopAssetImportingV2(NoUpdateAssetOptions)
Start importing Assets/Art/Title/btn_continue_normal.png using Guid(32b9d45d3ea300b409aab6fc74ebf667) (TextureImporter) -> (Import Result ID: 'b725b0fa198182c8ef6dbf249e9ac8c1') in 0.0042542 seconds [static and dynamic dependencies]. Details - ImportResultOutputID=257c040858415a49d541798c74b594b8 DependenciesID=8cef170fcc996bdf4e34c517bb5e9a1e StaticDependenciesID=a20b6e739d2506e6c240f00a99e493ba 
Refreshing native plugins compatible for Editor in 2.57 ms, found 6 plugins.
Asset Pipeline Refresh (id=465e1bdaf7033b84ea67a472a46ba97f): Total: 0.049 seconds - Initiated by StopAssetImportingV2(NoUpdateAssetOptions)
Start importing Assets/Art/Title/btn_new_run_hover.png using Guid(1d71407d2d09deb42ab3aad97dc9b08c) (TextureImporter) -> (Import Result ID: 'df8c9f4f18bf36070ec029e3022cd62d') in 0.0041435 seconds [static and dynamic dependencies]. Details - ImportResultOutputID=e7a28cb82a2c91fefec521073e8bf706 DependenciesID=8d1756f8eaa1374ff580edd64176d6b5 StaticDependenciesID=5e0b469c8a144304797ad8465a03dfb8 
Refreshing native plugins compatible for Editor in 2.45 ms, found 6 plugins.
Asset Pipeline Refresh (id=455271e43966f7f428bf20f30160b67c): Total: 0.048 seconds - Initiated by StopAssetImportingV2(NoUpdateAssetOptions)
Start importing Assets/Art/Title/btn_new_run_normal.png using Guid(08afceb8fba62654ea1fd2d1a879faaa) (TextureImporter) -> (Import Result ID: 'c779a262bbaa9eb910ec4ad400385b4b') in 0.0041658 seconds [static and dynamic dependencies]. Details - ImportResultOutputID=12f0a34bbc36ffbd52c6cff54bcd3760 DependenciesID=0d78b8b35f1cd80f5f0b98d8d1fcda0c StaticDependenciesID=a4047dcd6b0e8bf43bcf699e27b8830d 
Refreshing native plugins compatible for Editor in 2.41 ms, found 6 plugins.
Asset Pipeline Refresh (id=5e2e65f54dbc29148884064e75afe208): Total: 0.049 seconds - Initiated by StopAssetImportingV2(NoUpdateAssetOptions)
Start importing Assets/Art/Title/ending_artistic_golden_age.png using Guid(7ed4aa1643f8c6b4bad471b7fed9303b) (TextureImporter) -> (Import Result ID: 'ebf4b5d71eb543835478d7ab9c6af758') in 0.0497027 seconds [static and dynamic dependencies]. Details - ImportResultOutputID=30c7abe2f0afeeea9b3a63917d6bd362 DependenciesID=06a65d66b38ddef1b157a5a88529fa91 StaticDependenciesID=a5242b90203982e9b81ce2278770d4b9 
Refreshing native plugins compatible for Editor in 2.70 ms, found 6 plugins.
Asset Pipeline Refresh (id=dc23908ad9d3f7b4abda9f58d303aae6): Total: 0.094 seconds - Initiated by StopAssetImportingV2(NoUpdateAssetOptions)
Start importing Assets/Art/Title/ending_bankrupt.png using Guid(e81eb48291124414395b8b5c5c662b4c) (TextureImporter) -> (Import Result ID: '814b18fe05d9c2edc01f4523acfbf5ba') in 0.046669 seconds [static and dynamic dependencies]. Details - ImportResultOutputID=7b77fd56fe3186d3b43f063842d5f18d DependenciesID=36e46a48a920ab3525d374579e79ea81 StaticDependenciesID=afa4873449a6e3c57f83c1bfa3cad9cd 
Refreshing native plugins compatible for Editor in 2.48 ms, found 6 plugins.
Asset Pipeline Refresh (id=7105e35c74d24be4d8decf1c764ff719): Total: 0.091 seconds - Initiated by StopAssetImportingV2(NoUpdateAssetOptions)
Start importing Assets/Art/Title/ending_democracy_triumphant.png using Guid(06fc62db9909a9e478903ed29f060a45) (TextureImporter) -> (Import Result ID: 'fb2550015a9407febb4e916dd09baa30') in 0.0486445 seconds [static and dynamic dependencies]. Details - ImportResultOutputID=085f5d47950cef69c4973f735273a982 DependenciesID=a98814c4c2182f2326b02a72bc1b1181 StaticDependenciesID=1cfb15a96eaa191983781d06b1af3711 
Refreshing native plugins compatible for Editor in 2.78 ms, found 6 plugins.
Asset Pipeline Refresh (id=70a377c82e011cf42995046d4e600d35): Total: 0.098 seconds - Initiated by StopAssetImportingV2(NoUpdateAssetOptions)
Start importing Assets/Art/Title/ending_fired.png using Guid(f46b26ff2f694de45b7ad4d0eedf33eb) (TextureImporter) -> (Import Result ID: '26afc38e786c2171b84578c01a29c9ae') in 0.0472273 seconds [static and dynamic dependencies]. Details - ImportResultOutputID=836d3033bdd1f98513b7c966113fb38d DependenciesID=4a42fc43c2eb0e00002fbd335fb60815 StaticDependenciesID=5ab9e1bf00340b95f859cc427d990a14 
Refreshing native plugins compatible for Editor in 2.38 ms, found 6 plugins.
Asset Pipeline Refresh (id=efcd6df099b816c46afad1b05b091635): Total: 0.092 seconds - Initiated by StopAssetImportingV2(NoUpdateAssetOptions)
Start importing Assets/Art/Title/ending_panel.png using Guid(6a307534a21b02148aa021560151da88) (TextureImporter) -> (Import Result ID: 'f8a7dad0065789d92274b3ed6cd181ac') in 0.0203586 seconds [static and dynamic dependencies]. Details - ImportResultOutputID=fca010cabf56379cba415a7640392e12 DependenciesID=2ce0e021e13ea794134d0344813dc2d4 StaticDependenciesID=ea6e3fd664d32b791c2c62cdc57da100 
Refreshing native plugins compatible for Editor in 2.50 ms, found 6 plugins.
Asset Pipeline Refresh (id=414c34c5ddb942e498d47e971f5bcab1): Total: 0.064 seconds - Initiated by StopAssetImportingV2(NoUpdateAssetOptions)
Start importing Assets/Art/Title/ending_retirement.png using Guid(6dc839da8083f0f4084bd9e6ca1a0c8e) (TextureImporter) -> (Import Result ID: 'b79c465155af00730669c185621855fd') in 0.0488156 seconds [static and dynamic dependencies]. Details - ImportResultOutputID=8bdfdbcc0bd01c0e3f0f06ae7610f3f3 DependenciesID=cf92bf0955ba49b125208a02cf2f7598 StaticDependenciesID=5de5c645ad19c0f289651ff40232085b 
Refreshing native plugins compatible for Editor in 2.36 ms, found 6 plugins.
Asset Pipeline Refresh (id=98c9efd69a551464db8c98ef0afd68fc): Total: 0.093 seconds - Initiated by StopAssetImportingV2(NoUpdateAssetOptions)
Start importing Assets/Art/Title/ending_scientific_age.png using Guid(44aa605992be2ab44a456beec266d40b) (TextureImporter) -> (Import Result ID: '14351690d674cafbe3744124e020d24a') in 0.0487536 seconds [static and dynamic dependencies]. Details - ImportResultOutputID=8954ac651f674355e32d9b727c0c9c6b DependenciesID=47cc22d6c4afb72c2be551b62428a619 StaticDependenciesID=4c2e32801195b66394aa1cfd456f15ee 
Refreshing native plugins compatible for Editor in 2.52 ms, found 6 plugins.
Asset Pipeline Refresh (id=d7cfe2a303f6df14fb3791f035c73889): Total: 0.091 seconds - Initiated by StopAssetImportingV2(NoUpdateAssetOptions)
Start importing Assets/Art/Title/logo_time_sorter.png using Guid(68d99f7fd5d2bbd47bc8ad5013c970d6) (TextureImporter) -> (Import Result ID: 'fc5deb78de120b77e395be319bfe99a8') in 0.0133323 seconds [static and dynamic dependencies]. Details - ImportResultOutputID=a7f34fbfb619db89e0b7d9658f2b83b0 DependenciesID=322a73d067208b246c92bdb39862bb4c StaticDependenciesID=901f910e3cefa193e6654bfaa7c63760 
Refreshing native plugins compatible for Editor in 2.36 ms, found 6 plugins.
Asset Pipeline Refresh (id=18ba389c8bdd27f4aaaedb615a49bdbc): Total: 0.057 seconds - Initiated by StopAssetImportingV2(NoUpdateAssetOptions)
Start importing Assets/Art/Title/title_bg.png using Guid(6b6ae2373189ed24a9078b7f09227d44) (TextureImporter) -> (Import Result ID: '30f332c8df34ba92453bbbd28c9ab815') in 0.0670881 seconds [static and dynamic dependencies]. Details - ImportResultOutputID=9f73c4e954a8912f11d6c4e142fb092a DependenciesID=ac87cdd6f82274d51df01ce7c3560690 StaticDependenciesID=08251b491ecad4b482c2c6e4eabc6f6a 
Refreshing native plugins compatible for Editor in 2.46 ms, found 6 plugins.
Asset Pipeline Refresh (id=2df2d22973e13894eba0ff579abf357b): Total: 0.112 seconds - Initiated by StopAssetImportingV2(NoUpdateAssetOptions)
Start importing Assets/Art/Office/Booth/desk_deep.png using Guid(93df92aeee768984cb16abd3cd662220) (TextureImporter) -> (Import Result ID: '4c24c6f84b00ed098833a025ec01d6a1') in 0.0522057 seconds [static and dynamic dependencies]. Details - ImportResultOutputID=786859a2d2b93d0ee4e4198c037e27fa DependenciesID=33b6159b1cb14f63990fce4247825d7f StaticDependenciesID=4b04e2b0dce7ad26db6c6e53673b8ce7 
Refreshing native plugins compatible for Editor in 2.49 ms, found 6 plugins.
Asset Pipeline Refresh (id=f04e5d55ccd62164ab79894126400b23): Total: 0.098 seconds - Initiated by StopAssetImportingV2(NoUpdateAssetOptions)
Start importing Assets/Art/Office/Booth/desk_mug.png using Guid(2c45d8191afd86e40b2eb43727ab359a) (TextureImporter) -> (Import Result ID: '93846d25380a8aa3d54bc2275d929c3f') in 0.004673 seconds [static and dynamic dependencies]. Details - ImportResultOutputID=945a66856ad1d355e7bc7f34ed5e39ea DependenciesID=565096e3f5041a37a20acd8ccd8dda5b StaticDependenciesID=8d1ae32b59bbc717e75f08097162658a 
Refreshing native plugins compatible for Editor in 2.37 ms, found 6 plugins.
Asset Pipeline Refresh (id=61c1878e623315b42962729bfead93c7): Total: 0.048 seconds - Initiated by StopAssetImportingV2(NoUpdateAssetOptions)
Start importing Assets/Art/Office/Booth/desk_photo.png using Guid(4fb3e648c353fea4292ccdfc45e7421e) (TextureImporter) -> (Import Result ID: '356461b1283d1e2d7226b2fef13e8b9c') in 0.0047692 seconds [static and dynamic dependencies]. Details - ImportResultOutputID=baf9d04fe41ec7af76bb70608a8f251a DependenciesID=ac77616365d10b940b47b4a19ed675da StaticDependenciesID=cfc919e373335b1ea153402560caeff6 
Refreshing native plugins compatible for Editor in 2.38 ms, found 6 plugins.
Asset Pipeline Refresh (id=1329870d139c72a459b4992940cd5742): Total: 0.048 seconds - Initiated by StopAssetImportingV2(NoUpdateAssetOptions)
Start importing Assets/Art/Office/Booth/desk_plant.png using Guid(89e99064181af61448f3a183d5b59de8) (TextureImporter) -> (Import Result ID: '816dfff994aa68ba0663f963850c08fe') in 0.0057909 seconds [static and dynamic dependencies]. Details - ImportResultOutputID=a5bbe7a22c56454555bdd3e8d16e2124 DependenciesID=2121ca7c4f1e6cc4b4f20a1f09c564d1 StaticDependenciesID=ee592968d83689835cbb4d157f6ae3de 
Refreshing native plugins compatible for Editor in 2.42 ms, found 6 plugins.
Asset Pipeline Refresh (id=27def28b2055ce144a382fd8683c8c1a): Total: 0.048 seconds - Initiated by StopAssetImportingV2(NoUpdateAssetOptions)
Start importing Assets/Art/Office/Booth/desk_stamp.png using Guid(7a50a39843275e94f839dd4b476825c0) (TextureImporter) -> (Import Result ID: '465ff95fd3d78ec1bdc26c81fccf605f') in 0.0048713 seconds [static and dynamic dependencies]. Details - ImportResultOutputID=043dd732cc69dfea53196043c9caf1be DependenciesID=082710a0a44707d9ddbb464e74c916f8 StaticDependenciesID=f027f5da6115595d971ae18c3cbe8b26 
Refreshing native plugins compatible for Editor in 2.42 ms, found 6 plugins.
Asset Pipeline Refresh (id=2a9b2a9451873424cbae2d3d6e905539): Total: 0.049 seconds - Initiated by StopAssetImportingV2(NoUpdateAssetOptions)
Start importing Assets/Art/Office/Booth/intercom.png using Guid(d0d8cf4550ba5234293171a0f2fac5ec) (TextureImporter) -> (Import Result ID: '4ca82b024895c1deb61a0d65de1868be') in 0.0062953 seconds [static and dynamic dependencies]. Details - ImportResultOutputID=af33f4fe2881a90837a639ba9b8d53f0 DependenciesID=39339f4349476e76b7bbbe7b2102f6e1 StaticDependenciesID=f9508e91b6bc0b3698cb8ad52492573f 
Refreshing native plugins compatible for Editor in 2.44 ms, found 6 plugins.
Asset Pipeline Refresh (id=428e6114487d2b844adf3c1569ace964): Total: 0.050 seconds - Initiated by StopAssetImportingV2(NoUpdateAssetOptions)
Start importing Assets/Art/Office/Booth/lighting_overlay_alarm.png using Guid(c3af1b3409aa81740b125f143f5e8e9b) (TextureImporter) -> (Import Result ID: 'e3a7da652e4d5d0c2a53201208ddf08e') in 0.0322955 seconds [static and dynamic dependencies]. Details - ImportResultOutputID=2b85bb7cd880acb5cfce990de180662c DependenciesID=8b2cb300449dd272b9c5c0fc827cea57 StaticDependenciesID=052d18a650d9ef31bee57d5c429d8bc1 
Refreshing native plugins compatible for Editor in 2.43 ms, found 6 plugins.
Asset Pipeline Refresh (id=ccb43d4371c36aa4ea0a70e8066f3c9d): Total: 0.076 seconds - Initiated by StopAssetImportingV2(NoUpdateAssetOptions)
Start importing Assets/Art/Office/Booth/lighting_overlay_cold.png using Guid(49749bdde6ec365428f13936c5c7db1a) (TextureImporter) -> (Import Result ID: 'e9a2ce20479ff6630ae8c3df44f1b3b6') in 0.0320428 seconds [static and dynamic dependencies]. Details - ImportResultOutputID=47c5b52c7e173446aae384e0b786d982 DependenciesID=3bac5a255c206498d735def74576b1c6 StaticDependenciesID=804d424bab81c2ecd75954db280238b7 
Refreshing native plugins compatible for Editor in 2.52 ms, found 6 plugins.
Asset Pipeline Refresh (id=2783ef2a029b8814395c85f72f868f2e): Total: 0.079 seconds - Initiated by StopAssetImportingV2(NoUpdateAssetOptions)
Start importing Assets/Art/Office/Booth/lighting_overlay_warm.png using Guid(8b73decef695988479807703bdc66fdf) (TextureImporter) -> (Import Result ID: '0653ec8039e661b80b8c582cb3b6156c') in 0.0323338 seconds [static and dynamic dependencies]. Details - ImportResultOutputID=d0f397c6c6872b857433e5dce8d94dac DependenciesID=a76a6b9ec279b99f194e413081223f08 StaticDependenciesID=b82cd7cd6ea032a1c4fd071fbe2c5732 
Refreshing native plugins compatible for Editor in 2.47 ms, found 6 plugins.
Asset Pipeline Refresh (id=391321861ac2bff41ac0b2a3b363d3a4): Total: 0.077 seconds - Initiated by StopAssetImportingV2(NoUpdateAssetOptions)
Start importing Assets/Art/Office/Booth/scanner_tray.png using Guid(29ccc5e36bda61a47861af2d239d3c37) (TextureImporter) -> (Import Result ID: 'bde9758bed4661216ccd02f7a481fb00') in 0.0069472 seconds [static and dynamic dependencies]. Details - ImportResultOutputID=7826a7477072c74238c3840383f76447 DependenciesID=6e425fc38643adcecbcc96ffacde792f StaticDependenciesID=3b8194eaba3d64a92cc8feb2e1ba4657 
Refreshing native plugins compatible for Editor in 2.52 ms, found 6 plugins.
Asset Pipeline Refresh (id=c722ac480c37a1c46bfdd6839848b5bc): Total: 0.051 seconds - Initiated by StopAssetImportingV2(NoUpdateAssetOptions)
Start importing Assets/Art/Office/Placeholder/backwall.png using Guid(b9ec198cf077c2644ba9c2eb9c49c119) (TextureImporter) -> (Import Result ID: '3274ddeb1bcd3181e1ea33a464da7d19') in 0.0462538 seconds [static and dynamic dependencies]. Details - ImportResultOutputID=6540c0f41719770b63bf678b50e57a67 DependenciesID=e8197bbf70ddca0352a8f3bf4e5616d0 StaticDependenciesID=a5fcbbd4d9162ccadb5ed152d217efc9 
Refreshing native plugins compatible for Editor in 2.50 ms, found 6 plugins.
Asset Pipeline Refresh (id=600de6f7caadfb947b9f867d839b3c15): Total: 0.092 seconds - Initiated by StopAssetImportingV2(NoUpdateAssetOptions)
Start importing Assets/Art/Office/Placeholder/calendar.png using Guid(5ef598d15209c874388e590a55dfeec1) (TextureImporter) -> (Import Result ID: '41644d91c21c6c3c6b7c5bf380d846f0') in 0.0063927 seconds [static and dynamic dependencies]. Details - ImportResultOutputID=f8baf25dcf4df07bf6e8c4b893f3e56a DependenciesID=b2de6eb1d24b182af83be6f013faf016 StaticDependenciesID=7dce55e13a2708b1d6b885f07baa007a 
Refreshing native plugins compatible for Editor in 2.46 ms, found 6 plugins.
Asset Pipeline Refresh (id=234d82e776986f14caa5faae3ba79f6d): Total: 0.051 seconds - Initiated by StopAssetImportingV2(NoUpdateAssetOptions)
Start importing Assets/Art/Office/Placeholder/crt.png using Guid(7644ae1328f8fd84ba208f5024860681) (TextureImporter) -> (Import Result ID: 'c95699a839be39749f2f003067b722a5') in 0.0119327 seconds [static and dynamic dependencies]. Details - ImportResultOutputID=2a5b33b767241a06ef446d3f5a7bcc5c DependenciesID=54c5fcaa82518975c1995a42324ff371 StaticDependenciesID=bea32bd22d8659fb2de680af45124cd7 
Refreshing native plugins compatible for Editor in 2.66 ms, found 6 plugins.
Asset Pipeline Refresh (id=6b75df4b6d8b59c44a0cc32a19d3eeed): Total: 0.056 seconds - Initiated by StopAssetImportingV2(NoUpdateAssetOptions)
Start importing Assets/Art/Office/Placeholder/desk.png using Guid(242d6ee4ac06b244cb51acbd9a2714ca) (TextureImporter) -> (Import Result ID: '87634d91e84b8488a55e2f04974bc109') in 0.014257 seconds [static and dynamic dependencies]. Details - ImportResultOutputID=d7e9860f2313bc733f0c4924dc8fe7b6 DependenciesID=13896be4c615e411b5e75269c4f4da2b StaticDependenciesID=0666874c62edf3412b34c18c99f40e77 
Refreshing native plugins compatible for Editor in 2.44 ms, found 6 plugins.
Asset Pipeline Refresh (id=b8a85f066eb9c5f46976925ee40f41bc): Total: 0.058 seconds - Initiated by StopAssetImportingV2(NoUpdateAssetOptions)
Start importing Assets/Art/Office/Placeholder/partition.png using Guid(d957be5995300cf4ab6ca75ea84e14ee) (TextureImporter) -> (Import Result ID: '61434ff09dfb71c1553c4e858a2f854b') in 0.0151293 seconds [static and dynamic dependencies]. Details - ImportResultOutputID=54572674061cc54125c4177b9607fd30 DependenciesID=20a764bf0a2c07d1bced7a26a36f4189 StaticDependenciesID=e653d64bbae98baeb5239a6f98ae9bfc 
Refreshing native plugins compatible for Editor in 2.45 ms, found 6 plugins.
Asset Pipeline Refresh (id=983cd093c7a54034a9de7a7e91f19d87): Total: 0.059 seconds - Initiated by StopAssetImportingV2(NoUpdateAssetOptions)
Start importing Assets/Art/Office/Placeholder/poster.png using Guid(d61f6be2312cfa547a4153f221426ec8) (TextureImporter) -> (Import Result ID: 'ad5d32afb94490d4516f7304cfdbaa8d') in 0.0056828 seconds [static and dynamic dependencies]. Details - ImportResultOutputID=cb574371a4dcc79d8365eb347e0f4b44 DependenciesID=b8be631a30c8420587c9a9552f2305d3 StaticDependenciesID=cbd9c2e21e722b7882626f29a75c8598 
Refreshing native plugins compatible for Editor in 2.52 ms, found 6 plugins.
Asset Pipeline Refresh (id=9dce9061c8aa14d4ba33365cf2433f95): Total: 0.050 seconds - Initiated by StopAssetImportingV2(NoUpdateAssetOptions)
Start importing Assets/Art/Office/Placeholder/sign.png using Guid(908305575973e194aa82b0d216d0235b) (TextureImporter) -> (Import Result ID: '3793ee7da24e5fc10382dc7b59294036') in 0.0046128 seconds [static and dynamic dependencies]. Details - ImportResultOutputID=762ae79c8a34724208ea8ace018deb71 DependenciesID=40b4a4b8b42a9bdb63938628020e191a StaticDependenciesID=83b3a0760858faff1e8829364d111d3f 
Refreshing native plugins compatible for Editor in 2.62 ms, found 6 plugins.
Asset Pipeline Refresh (id=567e41d723ea6aa4cb389e85cae324e1): Total: 0.050 seconds - Initiated by StopAssetImportingV2(NoUpdateAssetOptions)
Start importing Assets/Art/Office/Placeholder/stabilitymonitor.png using Guid(a309ed05f8e639a409d09ac89848d70a) (TextureImporter) -> (Import Result ID: '9801619c1d6d1e85f7e890291890ad18') in 0.0066673 seconds [static and dynamic dependencies]. Details - ImportResultOutputID=554c3168269dc601a65790b9d14f8a5b DependenciesID=a003dc6b451b8c2cf9a7b380eaba2a37 StaticDependenciesID=4b7df2c2004c758694a528103b1f9a98 
Refreshing native plugins compatible for Editor in 2.44 ms, found 6 plugins.
Asset Pipeline Refresh (id=039e617002b88634e808bd7cf1f3f61b): Total: 0.050 seconds - Initiated by StopAssetImportingV2(NoUpdateAssetOptions)
Start importing Assets/Art/Office/Placeholder/till.png using Guid(311a9a2d11c70634d9dc80a774833045) (TextureImporter) -> (Import Result ID: 'd6b16681cbfcfe08dcddce57c6ae17cc') in 0.0071133 seconds [static and dynamic dependencies]. Details - ImportResultOutputID=ea90f6ba3799b4369a123ca05425a3fd DependenciesID=353abfce87913114c837066529254e26 StaticDependenciesID=9b0706bfa82b9df22410bc0ca9fb69d0 
Refreshing native plugins compatible for Editor in 2.39 ms, found 6 plugins.
Asset Pipeline Refresh (id=62328e1cebf265848b389f20cd6d1c7f): Total: 0.050 seconds - Initiated by StopAssetImportingV2(NoUpdateAssetOptions)
Start importing Assets/Art/UI/DayFlow/btn_go_home_hover.png using Guid(1677a4aeb7712034babdf31588c3f45e) (TextureImporter) -> (Import Result ID: 'f7cc8b187db9feab061184d69fd718d2') in 0.004224 seconds [static and dynamic dependencies]. Details - ImportResultOutputID=2d73d349c6fb9881548f6d2328d1f4d5 DependenciesID=bb1bac77e4861ac2da066a0f2d6125d8 StaticDependenciesID=93795f080c51d1fe895e515559eab977 
Refreshing native plugins compatible for Editor in 2.44 ms, found 6 plugins.
Asset Pipeline Refresh (id=bd31e61f72759034b8db70e96a21663c): Total: 0.048 seconds - Initiated by StopAssetImportingV2(NoUpdateAssetOptions)
Start importing Assets/Art/UI/DayFlow/btn_go_home_normal.png using Guid(d829920db98c983499a7812669426563) (TextureImporter) -> (Import Result ID: '0b4057466779a39f34db0c0964252811') in 0.0042739 seconds [static and dynamic dependencies]. Details - ImportResultOutputID=0cce887ad28a18409b385eef868dd9c0 DependenciesID=3d259589904720f6d10e46d118c6cb85 StaticDependenciesID=8c04befc021144cf69bea11ba68645ef 
Refreshing native plugins compatible for Editor in 2.43 ms, found 6 plugins.
Asset Pipeline Refresh (id=a970fc62331abdd4fb81cf7309d6a555): Total: 0.048 seconds - Initiated by StopAssetImportingV2(NoUpdateAssetOptions)
Start importing Assets/Art/UI/DayFlow/btn_start_shift_hover.png using Guid(eddd72d0985042747a64f5d6c94befcc) (TextureImporter) -> (Import Result ID: 'd1976fca1fb17c4b4ca0a29b3c4f91e0') in 0.0042217 seconds [static and dynamic dependencies]. Details - ImportResultOutputID=da3114fff97a7e6afe0befd4db639435 DependenciesID=a3416b8fa4c3ea5798bc36727b3716f8 StaticDependenciesID=8503342a706eca45b437ea875fe1c5e1 
Refreshing native plugins compatible for Editor in 2.36 ms, found 6 plugins.
Asset Pipeline Refresh (id=fccc4b9d9aeba304b8f658894bd4cd9a): Total: 0.047 seconds - Initiated by StopAssetImportingV2(NoUpdateAssetOptions)
Start importing Assets/Art/UI/DayFlow/btn_start_shift_normal.png using Guid(2b19ba79acfc03445aea0cc6e89128c0) (TextureImporter) -> (Import Result ID: '901b5ea942580a9e31b2134b66a41b39') in 0.0060393 seconds [static and dynamic dependencies]. Details - ImportResultOutputID=3b2050bad27024f89c48461c8fd544e2 DependenciesID=1f1ae40e92d1125fafe06d67dd09d831 StaticDependenciesID=e9aaccde34b508908722ec255b2c4fe4 
Refreshing native plugins compatible for Editor in 2.69 ms, found 6 plugins.
Asset Pipeline Refresh (id=7817952f55abf4f4e923415fe8c5c1bf): Total: 0.051 seconds - Initiated by StopAssetImportingV2(NoUpdateAssetOptions)
Start importing Assets/Art/UI/DayFlow/shift_ledger_header.png using Guid(28545497e6880e044b8d94a311eb6bf8) (TextureImporter) -> (Import Result ID: 'bb21433323f13a04f5c798b2f168a706') in 0.0088159 seconds [static and dynamic dependencies]. Details - ImportResultOutputID=88e78e4c09c83198c61bb9f52266c79a DependenciesID=bfde8f4c7912c32a0e6c2b53c3f6dbaa StaticDependenciesID=186c57d2429edf70c8d0eeda3e4cfa87 
Refreshing native plugins compatible for Editor in 2.68 ms, found 6 plugins.
Asset Pipeline Refresh (id=d612ae4def9871749bf6151238dd3890): Total: 0.055 seconds - Initiated by StopAssetImportingV2(NoUpdateAssetOptions)
Start importing Assets/Art/UI/DayFlow/shift_ledger_paper.png using Guid(c5c6b4d479a9905499e5758fe5df10cf) (TextureImporter) -> (Import Result ID: 'b946f61ebe75669583e3116bb1f42a49') in 0.0397355 seconds [static and dynamic dependencies]. Details - ImportResultOutputID=d50f02dd26488a7c9835db3a091b9589 DependenciesID=9c3b68749d8e0ea9e426f6161f6f4d19 StaticDependenciesID=81d837693190011beccd8408680750bc 
Refreshing native plugins compatible for Editor in 2.48 ms, found 6 plugins.
Asset Pipeline Refresh (id=5bfc6e3232c37b8479a552ab026a6e5a): Total: 0.086 seconds - Initiated by StopAssetImportingV2(NoUpdateAssetOptions)
Start importing Assets/Art/UI/DayFlow/stamp_citation.png using Guid(c0d3a8271663ba549a6321786d394939) (TextureImporter) -> (Import Result ID: 'd1036d6d6ac38408bf44a97a05c14980') in 0.0058114 seconds [static and dynamic dependencies]. Details - ImportResultOutputID=c22c56fc1ebdb83f4d961efd42a6144d DependenciesID=5be0ef787ece59f3d71d066253613a97 StaticDependenciesID=bdcb9b13e6c88ad9e322fc810a08b146 
Refreshing native plugins compatible for Editor in 2.57 ms, found 6 plugins.
Asset Pipeline Refresh (id=f19d1049fa7faec42ba6393784be09fc): Total: 0.050 seconds - Initiated by StopAssetImportingV2(NoUpdateAssetOptions)
Start importing Assets/Art/UI/DayFlow/temporal_times_masthead.png using Guid(a10d7351b692e154193f41a54c7edc98) (TextureImporter) -> (Import Result ID: 'ebd542ddb2f81204f4c3620dfe208f04') in 0.0107848 seconds [static and dynamic dependencies]. Details - ImportResultOutputID=81fe3d1da9892b2e43281dac58adf235 DependenciesID=9f23d15f60aa397e1358343ff2794a34 StaticDependenciesID=bcfee4e9f02b2d1da5513517fa806ff4 
Refreshing native plugins compatible for Editor in 2.45 ms, found 6 plugins.
Asset Pipeline Refresh (id=519924a0742630348b7edd1fbfb64652): Total: 0.056 seconds - Initiated by StopAssetImportingV2(NoUpdateAssetOptions)
Start importing Assets/Art/UI/DayFlow/temporal_times_paper.png using Guid(7f75c29fabb39cd42b1c1be3d09403e8) (TextureImporter) -> (Import Result ID: 'c761c88188d6eb12ae32dd9cac2400ff') in 0.0390717 seconds [static and dynamic dependencies]. Details - ImportResultOutputID=d2932a69bc83daacdd00ddd5d2e64770 DependenciesID=a2eeb88f88428fa16291cb36181746f1 StaticDependenciesID=aeb5c4685b2cf333146aeebaf7927e6f 
Refreshing native plugins compatible for Editor in 2.59 ms, found 6 plugins.
Asset Pipeline Refresh (id=81896398aeb9d624584a77ec828d482c): Total: 0.085 seconds - Initiated by StopAssetImportingV2(NoUpdateAssetOptions)
Start importing Assets/Art/UI/Desktop/btn_back_to_office.png using Guid(b69a2ea7f6f83ce4888be51273b50d87) (TextureImporter) -> (Import Result ID: 'eebaf23ebecf987cdfe702600f18107c') in 0.0037052 seconds [static and dynamic dependencies]. Details - ImportResultOutputID=e9d8a264c5a55d43b9628f3460686efd DependenciesID=6e7e70ef55fefc9eb2be0f211018f81b StaticDependenciesID=9aa1011f9f874ae6d0b43f15d9d3091b 
Refreshing native plugins compatible for Editor in 2.45 ms, found 6 plugins.
Asset Pipeline Refresh (id=d8f70ebcd59022f4e88a7a1bac4c0061): Total: 0.049 seconds - Initiated by StopAssetImportingV2(NoUpdateAssetOptions)
Start importing Assets/Art/UI/Desktop/btn_close_hover.png using Guid(6376699ba9412244d836d0d6dcd7cad8) (TextureImporter) -> (Import Result ID: 'f547471687baf36b30e81c826f5c38ba') in 0.0037941 seconds [static and dynamic dependencies]. Details - ImportResultOutputID=c1b289b7af95c7d2b4d63615aeaa672e DependenciesID=6835d93bf4fa12887eb1025c1e1db04b StaticDependenciesID=a4b0ed983d0651cdf6c9ec6b26df2784 
Refreshing native plugins compatible for Editor in 2.38 ms, found 6 plugins.
Asset Pipeline Refresh (id=7647d3a4d9c06ac4c8196918968968e4): Total: 0.048 seconds - Initiated by StopAssetImportingV2(NoUpdateAssetOptions)
Start importing Assets/Art/UI/Desktop/btn_close_normal.png using Guid(36d31a3ba2fe2b14786bfbc0638356d7) (TextureImporter) -> (Import Result ID: 'ee57ad353ecb1874185fe14183e45958') in 0.0033601 seconds [static and dynamic dependencies]. Details - ImportResultOutputID=ce349a7dee475849ca1d0be888219b9d DependenciesID=7e5bbd864c3634bb6335504e071c88f0 StaticDependenciesID=8aaa0ebd5c821eabf7b7ca0230bf52e1 
Refreshing native plugins compatible for Editor in 2.36 ms, found 6 plugins.
Asset Pipeline Refresh (id=fff5e414cab311a458e22b4b76729e78): Total: 0.047 seconds - Initiated by StopAssetImportingV2(NoUpdateAssetOptions)
Start importing Assets/Art/UI/Desktop/btn_close_pressed.png using Guid(bc69027ba8f61484ba4790f00fb2cb7c) (TextureImporter) -> (Import Result ID: 'd5dd2b27a19dbf6d9f641dd545c3962d') in 0.0032445 seconds [static and dynamic dependencies]. Details - ImportResultOutputID=5fd068984edc2eb09705d6bdc680cf91 DependenciesID=7528469a243af26ec5359d416b70cf43 StaticDependenciesID=e47afe3cd599004e819a1f9e666a889a 
Refreshing native plugins compatible for Editor in 2.62 ms, found 6 plugins.
Asset Pipeline Refresh (id=80cff25bdc16eb041a9cfeb0743f9279): Total: 0.047 seconds - Initiated by StopAssetImportingV2(NoUpdateAssetOptions)
Start importing Assets/Art/UI/Desktop/btn_max_hover.png using Guid(13cc121388c9ec848a0c6de8df8b9669) (TextureImporter) -> (Import Result ID: '7bccfa6551bfa49cdd27e1ad80489cf3') in 0.0033158 seconds [static and dynamic dependencies]. Details - ImportResultOutputID=b7d0890287898101f8d13a92edde8b79 DependenciesID=94888f6b6858a25f4a81f85530ec919f StaticDependenciesID=3495e5b2a02926dbd3ded1044b20e316 
Refreshing native plugins compatible for Editor in 2.52 ms, found 6 plugins.
Asset Pipeline Refresh (id=3605c09142e672142982ce1e70167d97): Total: 0.047 seconds - Initiated by StopAssetImportingV2(NoUpdateAssetOptions)
Start importing Assets/Art/UI/Desktop/btn_max_normal.png using Guid(50a7572467743cb448285ac95bfd6d49) (TextureImporter) -> (Import Result ID: 'd20e1f65a5866733cb32f0b17d5e34cd') in 0.0037859 seconds [static and dynamic dependencies]. Details - ImportResultOutputID=8729499304b0f11698f3864d156265eb DependenciesID=844ea5faa69bbfbaa5da246da6890c82 StaticDependenciesID=2da952a6672f24f95e3468b0f4b1d317 
Refreshing native plugins compatible for Editor in 2.43 ms, found 6 plugins.
Asset Pipeline Refresh (id=75daa8d16e54a5f4da8231879c9ce5fb): Total: 0.048 seconds - Initiated by StopAssetImportingV2(NoUpdateAssetOptions)
Start importing Assets/Art/UI/Desktop/btn_max_pressed.png using Guid(c067b0ca73bb72b4eb9c9be9238e9214) (TextureImporter) -> (Import Result ID: '5f08daff6af40be8a54fd373503aa39e') in 0.0033471 seconds [static and dynamic dependencies]. Details - ImportResultOutputID=a7e3ec929db10889efe3b5e731175ce1 DependenciesID=1f058e3788846e12813ecdfdade1cbb4 StaticDependenciesID=b3e910a00e9a9b47c7ed83f82bdd18af 
Refreshing native plugins compatible for Editor in 2.36 ms, found 6 plugins.
Asset Pipeline Refresh (id=2d429c0763dbfbc46a296a4d6e3a3b79): Total: 0.047 seconds - Initiated by StopAssetImportingV2(NoUpdateAssetOptions)
Start importing Assets/Art/UI/Desktop/btn_min_hover.png using Guid(fa31f2c7ff76fcc4a9cf994dd387e125) (TextureImporter) -> (Import Result ID: 'd4c7b2a5df9db0f3f01bbb9e72679b77') in 0.0033354 seconds [static and dynamic dependencies]. Details - ImportResultOutputID=5d703373ed633c181aa9c95f93e41e25 DependenciesID=31169b644277c62c63366a76bb821f2d StaticDependenciesID=3a36a1c3130b2a19e1ab6bbd2b8cf68e 
Refreshing native plugins compatible for Editor in 2.46 ms, found 6 plugins.
Asset Pipeline Refresh (id=f06e73b06ef6b074d9541b24e07450d4): Total: 0.047 seconds - Initiated by StopAssetImportingV2(NoUpdateAssetOptions)
Start importing Assets/Art/UI/Desktop/btn_min_normal.png using Guid(7d11e32259e9bfb4c8900872a2c9e096) (TextureImporter) -> (Import Result ID: '4720ac395b5050f3173decd2990f8ffe') in 0.0033626 seconds [static and dynamic dependencies]. Details - ImportResultOutputID=cd46f58054bd019b416abe7b66c59914 DependenciesID=cc207051f0ce37d131bd4c75389c2076 StaticDependenciesID=475b4bc47f634c296a5006d9bfd0b5be 
Refreshing native plugins compatible for Editor in 2.39 ms, found 6 plugins.
Asset Pipeline Refresh (id=425178f4a3d7e9246bba5f085ed0d4bc): Total: 0.047 seconds - Initiated by StopAssetImportingV2(NoUpdateAssetOptions)
Start importing Assets/Art/UI/Desktop/btn_min_pressed.png using Guid(afcc4c1dec1e82c47ba86dcd1494643a) (TextureImporter) -> (Import Result ID: '78df49504e971b0e82fb245a1b069cd4') in 0.0034882 seconds [static and dynamic dependencies]. Details - ImportResultOutputID=04ff25c50e19dbd6bbc2eeda2ea9398b DependenciesID=1b3f9c634876894cc0a8d95a6931138c StaticDependenciesID=92a8a6d50067791e43361e69c900ce31 
Refreshing native plugins compatible for Editor in 2.49 ms, found 6 plugins.
Asset Pipeline Refresh (id=b6b718f86870c2d4f8c0b4926149c1d9): Total: 0.047 seconds - Initiated by StopAssetImportingV2(NoUpdateAssetOptions)
Start importing Assets/Art/UI/Desktop/cursor_arrow.png using Guid(3707fb6a04fa4734f8dac01a7c12933b) (TextureImporter) -> (Import Result ID: 'e352d494cbf005482da94c2f40bac7d7') in 0.0033881 seconds [static and dynamic dependencies]. Details - ImportResultOutputID=6597561d6a0262314b5ac0ec7bb3bd19 DependenciesID=19a91510240ffba10064f58b253c8f3d StaticDependenciesID=822c60469b949fab4f5b45fb69efbc67 
Refreshing native plugins compatible for Editor in 2.46 ms, found 6 plugins.
Asset Pipeline Refresh (id=562ade965dfa40c48a66e2bdd65d6a6f): Total: 0.047 seconds - Initiated by StopAssetImportingV2(NoUpdateAssetOptions)
Start importing Assets/Art/UI/Desktop/cursor_hand.png using Guid(2ea1bf8102771ac4dafd659fe61e0ee4) (TextureImporter) -> (Import Result ID: '692bcbee556a2ff38e2c31cab0d1a5a7') in 0.0033943 seconds [static and dynamic dependencies]. Details - ImportResultOutputID=28a72f310a46ec93b835951c717ac7c4 DependenciesID=2504c8ffc29d6f87f6965fc6490b54df StaticDependenciesID=d4d45c243ae80bf6ec756409df8d9d89 
Refreshing native plugins compatible for Editor in 2.47 ms, found 6 plugins.
Asset Pipeline Refresh (id=b015c6e36fd0fd34789226141813f028): Total: 0.048 seconds - Initiated by StopAssetImportingV2(NoUpdateAssetOptions)
Start importing Assets/Art/UI/Desktop/icon_citizen_records.png using Guid(2fba4086bb28df34f9dc63444025066b) (TextureImporter) -> (Import Result ID: '2823cb53707385ddd00c80e3ded7d816') in 0.0051412 seconds [static and dynamic dependencies]. Details - ImportResultOutputID=d2496fe9236d88d108644496907bffa6 DependenciesID=90a8e10be41cd7e4c9819e80b0c9216e StaticDependenciesID=67ae7d2d3b2026902ed8149f0c5d25dc 
Refreshing native plugins compatible for Editor in 2.46 ms, found 6 plugins.
Asset Pipeline Refresh (id=8526a388ccf338e45bdf119b0b478548): Total: 0.049 seconds - Initiated by StopAssetImportingV2(NoUpdateAssetOptions)
Start importing Assets/Art/UI/Desktop/icon_cluelog.png using Guid(e9e53083e9aeb714aa2782c16737df76) (TextureImporter) -> (Import Result ID: '824828a5308d20e6d32dba6f0dcd6c81') in 0.0039695 seconds [static and dynamic dependencies]. Details - ImportResultOutputID=789177119953cdfcd52e191e4ff00ea0 DependenciesID=faf0b23977ff8df358b4195828e4c59d StaticDependenciesID=e9d3df56df3ee24764b4d5f6d9a52e28 
Refreshing native plugins compatible for Editor in 2.43 ms, found 6 plugins.
Asset Pipeline Refresh (id=700d2e563b9b36b41bb7d681d950fd13): Total: 0.048 seconds - Initiated by StopAssetImportingV2(NoUpdateAssetOptions)
Start importing Assets/Art/UI/Desktop/icon_compare.png using Guid(5ad3c9f379780dd4ca404ae3265374e7) (TextureImporter) -> (Import Result ID: 'cbb462adf30ff96b7bfc59f195fed962') in 0.0037643 seconds [static and dynamic dependencies]. Details - ImportResultOutputID=b0a299e75c4567ffc2eeac653052a6d2 DependenciesID=55b9d340c65e19e321423e5d92de8d56 StaticDependenciesID=9a8f7734fcd1d183fb0955ab914f4ca6 
Refreshing native plugins compatible for Editor in 2.63 ms, found 6 plugins.
Asset Pipeline Refresh (id=8dafad08abdfa524b8e3b912ad63e526): Total: 0.049 seconds - Initiated by StopAssetImportingV2(NoUpdateAssetOptions)
Start importing Assets/Art/UI/Desktop/icon_currency.png using Guid(7f0175548c1112f4bbcabe0b895f99ec) (TextureImporter) -> (Import Result ID: 'e9108cbcc8e201f6b7913e448633821e') in 0.0037932 seconds [static and dynamic dependencies]. Details - ImportResultOutputID=2d475a4f13fa576683ed2521534652b7 DependenciesID=404e93abac48b0264e8dd27f698d8fe5 StaticDependenciesID=6a5f8bd5ea0dbdc2c7936b096ec3dd90 
Refreshing native plugins compatible for Editor in 2.79 ms, found 6 plugins.
Asset Pipeline Refresh (id=d6895688f8d482345854499cffadd55f): Total: 0.050 seconds - Initiated by StopAssetImportingV2(NoUpdateAssetOptions)
Start importing Assets/Art/UI/Desktop/icon_dialect.png using Guid(8caccb87565c28a4298e71f7cd6916dc) (TextureImporter) -> (Import Result ID: '9ae21dbb9b94e9f402e5094ca628317e') in 0.0037479 seconds [static and dynamic dependencies]. Details - ImportResultOutputID=1e94d89b22496db3f7e5dd27b20d26b2 DependenciesID=ef44db7fc43c9938ce1160ce047a3696 StaticDependenciesID=584e06024ff37d0fe79c736f139811ca 
Refreshing native plugins compatible for Editor in 2.47 ms, found 6 plugins.
Asset Pipeline Refresh (id=2f40a3af35d55b64e9911c331290b592): Total: 0.050 seconds - Initiated by StopAssetImportingV2(NoUpdateAssetOptions)
Start importing Assets/Art/UI/Desktop/icon_directives.png using Guid(f6a5401fab52a1d44a10a5914dd1e4ef) (TextureImporter) -> (Import Result ID: '4aa9d18374d9731187aa55fb0e80cc6c') in 0.0039876 seconds [static and dynamic dependencies]. Details - ImportResultOutputID=47054f41fc9dee487586888f64e54ebc DependenciesID=ca3094235e58b33ec25e93ea69d24c96 StaticDependenciesID=e056f2141628ac592a9d042442815392 
Refreshing native plugins compatible for Editor in 2.58 ms, found 6 plugins.
Asset Pipeline Refresh (id=f68bd3fa7bf795b4d888e9e683925510): Total: 0.049 seconds - Initiated by StopAssetImportingV2(NoUpdateAssetOptions)
Start importing Assets/Art/UI/Desktop/icon_internet.png using Guid(dfa68d7c94c534a45bb32ea3c7ffa876) (TextureImporter) -> (Import Result ID: '3cdcfc7783b056b181f9dc5464d6d63b') in 0.0038725 seconds [static and dynamic dependencies]. Details - ImportResultOutputID=7694a75c09038fdc9fd6ba49d43b27b8 DependenciesID=51f10f374931f910bf1ea1e84b8b536a StaticDependenciesID=e16c5d860ce496c574f1bb9251a34fd8 
Refreshing native plugins compatible for Editor in 2.48 ms, found 6 plugins.
Asset Pipeline Refresh (id=047f793da7e387a4ba132d4cd78be91f): Total: 0.048 seconds - Initiated by StopAssetImportingV2(NoUpdateAssetOptions)
Start importing Assets/Art/UI/Desktop/icon_language.png using Guid(9354e028ff4e51a41abeb95d218bcf84) (TextureImporter) -> (Import Result ID: '3376dcb099291a5835345d42714d0ba5') in 0.0037332 seconds [static and dynamic dependencies]. Details - ImportResultOutputID=9ce419e920c3c1dfb4f7f1b08fbd4227 DependenciesID=5197682792b37583593599a250755b1a StaticDependenciesID=74c2a2d071f66d031813f190931e6f11 
Refreshing native plugins compatible for Editor in 2.42 ms, found 6 plugins.
Asset Pipeline Refresh (id=ff2a9dc233bad534ca2d3445ae5b51bb): Total: 0.048 seconds - Initiated by StopAssetImportingV2(NoUpdateAssetOptions)
Start importing Assets/Art/UI/Desktop/icon_lexicon.png using Guid(be341244c72186a4eb91b4e326ba8612) (TextureImporter) -> (Import Result ID: '97f5bb4183009bc139db3a320a4d87cf') in 0.0036702 seconds [static and dynamic dependencies]. Details - ImportResultOutputID=6b8a14d6afa9c24ba0ca3a6669d8d51c DependenciesID=8da85622c2802cb79909cc70feaa6096 StaticDependenciesID=46361eed44e7d9acfcd301ce6dfd4078 
Refreshing native plugins compatible for Editor in 2.42 ms, found 6 plugins.
Asset Pipeline Refresh (id=31f722ec46131764aa246d37fc90d266): Total: 0.048 seconds - Initiated by StopAssetImportingV2(NoUpdateAssetOptions)
Start importing Assets/Art/UI/Desktop/icon_material.png using Guid(9a53cd71b3a68f845bcdcb9294b781a9) (TextureImporter) -> (Import Result ID: '3fc39524ea0923d28f41173a50902a18') in 0.003871 seconds [static and dynamic dependencies]. Details - ImportResultOutputID=823368ee0ba92fb126453348599e13e7 DependenciesID=101050bb22669223bb911e476400a9d3 StaticDependenciesID=4fce3c2af0ac5700f01dff02c1a25ba9 
Refreshing native plugins compatible for Editor in 2.59 ms, found 6 plugins.
Asset Pipeline Refresh (id=0498f755c37c8d04b8e39dd1a9287763): Total: 0.047 seconds - Initiated by StopAssetImportingV2(NoUpdateAssetOptions)
Start importing Assets/Art/UI/Desktop/icon_notes.png using Guid(f9feff0815db4af4e9f9478eba15a621) (TextureImporter) -> (Import Result ID: '0b1383b2e2f5fed2dc6d88fbb046fd83') in 0.0037404 seconds [static and dynamic dependencies]. Details - ImportResultOutputID=86ed15a10a0e68b6132dbb9a3b6c98fb DependenciesID=da4063f1e9fe0f8d308e33997d751cf1 StaticDependenciesID=ea50bd8ff355eac122f7a87ca991f5f6 
Refreshing native plugins compatible for Editor in 2.42 ms, found 6 plugins.
Asset Pipeline Refresh (id=9b6a37aa173fa344090fd6034ba80e9b): Total: 0.047 seconds - Initiated by StopAssetImportingV2(NoUpdateAssetOptions)
Start importing Assets/Art/UI/Desktop/icon_power.png using Guid(54545e57d81a56a4eaf67ce9e81dc5b5) (TextureImporter) -> (Import Result ID: 'bc63a2226a856c692de3cc8d9ceda8c1') in 0.004028 seconds [static and dynamic dependencies]. Details - ImportResultOutputID=0ad793e0083fbf118bec81751a14ea9f DependenciesID=15676db02f56c12f297ce45a8e4534a1 StaticDependenciesID=c124cb50f9a492c6dce27408bc4586f6 
Refreshing native plugins compatible for Editor in 2.36 ms, found 6 plugins.
Asset Pipeline Refresh (id=b64833c00aa679c47bc36fcd9c0e01ad): Total: 0.047 seconds - Initiated by StopAssetImportingV2(NoUpdateAssetOptions)
Start importing Assets/Art/UI/Desktop/icon_scanner.png using Guid(896a36195afb8aa48a4d33f6ca4d0236) (TextureImporter) -> (Import Result ID: 'f794996857cc28e2b61a28e9ce981a6d') in 0.0040651 seconds [static and dynamic dependencies]. Details - ImportResultOutputID=077650d2b18f53799e51f6c2577b7f7c DependenciesID=614ab384f7a99b13060a5c7dae05c6b7 StaticDependenciesID=da966d9009a23246e46aafe03000420e 
Refreshing native plugins compatible for Editor in 2.52 ms, found 6 plugins.
Asset Pipeline Refresh (id=c3aa52d74623bfc47b6d5f28a2745916): Total: 0.047 seconds - Initiated by StopAssetImportingV2(NoUpdateAssetOptions)
Start importing Assets/Art/UI/Desktop/icon_settings.png using Guid(efc86040afbefdb43a2655c3fae3f880) (TextureImporter) -> (Import Result ID: 'fd63b2b4106f59d70dbce7faa580aa32') in 0.0038063 seconds [static and dynamic dependencies]. Details - ImportResultOutputID=8848ff9038e790271f8e705ee3e1ec15 DependenciesID=dc45026c138bf5545ce11c835799a488 StaticDependenciesID=2bec142dc53d07d11227009395ceb944 
Refreshing native plugins compatible for Editor in 2.41 ms, found 6 plugins.
Asset Pipeline Refresh (id=b0e953f68f52d0c41a85fdfe54834be4): Total: 0.047 seconds - Initiated by StopAssetImportingV2(NoUpdateAssetOptions)
Start importing Assets/Art/UI/Desktop/icon_technology.png using Guid(40b9f9748dbb94f4689af0153b24d483) (TextureImporter) -> (Import Result ID: '7fbba30c349fc89e3da3e575d9e99aca') in 0.005232 seconds [static and dynamic dependencies]. Details - ImportResultOutputID=007c7254baaf2d53f1c8de0accd62275 DependenciesID=61f6da814cfd1a356d5013aa95aacfd9 StaticDependenciesID=4588cb68987a5e655579e20b62a7e07b 
Refreshing native plugins compatible for Editor in 2.62 ms, found 6 plugins.
Asset Pipeline Refresh (id=8a74777a38e723f4989a3f3fae6b139a): Total: 0.049 seconds - Initiated by StopAssetImportingV2(NoUpdateAssetOptions)
Start importing Assets/Art/UI/Desktop/start_button_normal.png using Guid(74a3b2f73c66d6842aed88cf1acb67be) (TextureImporter) -> (Import Result ID: '7bb79c96c81bf51cb67ad8f2b7673c51') in 0.0038352 seconds [static and dynamic dependencies]. Details - ImportResultOutputID=c9810a3cabd6597a071236d7a40328a8 DependenciesID=b24f069e723ace84f8720d3965fbe318 StaticDependenciesID=de3ff5c4272080dd29e9c392c83d4ac1 
Refreshing native plugins compatible for Editor in 2.47 ms, found 6 plugins.
Asset Pipeline Refresh (id=4aff392a812d8ac46bdf84102841d5e0): Total: 0.048 seconds - Initiated by StopAssetImportingV2(NoUpdateAssetOptions)
Start importing Assets/Art/UI/Desktop/start_button_pressed.png using Guid(f69705fdcad98db469f087c74a77c1da) (TextureImporter) -> (Import Result ID: 'e8262aad140f5e26c2b48ac0512ea3bc') in 0.0036525 seconds [static and dynamic dependencies]. Details - ImportResultOutputID=3932c4d7e590525a08431836eabb3e80 DependenciesID=8849075c6652b025f8b193db7c2e27eb StaticDependenciesID=f33fb40ee706d496a128cbfa64ff5006 
Refreshing native plugins compatible for Editor in 2.36 ms, found 6 plugins.
Asset Pipeline Refresh (id=e9fdfac59a3472e41ab1c0bf0a8e2731): Total: 0.047 seconds - Initiated by StopAssetImportingV2(NoUpdateAssetOptions)
Start importing Assets/Art/UI/Desktop/start_menu_panel.png using Guid(883f0a4116a0fe84fb9d5f75d1f81ddb) (TextureImporter) -> (Import Result ID: '6b6da177c111fb21ad8719ba2a8aa3f9') in 0.0053771 seconds [static and dynamic dependencies]. Details - ImportResultOutputID=d23aceb4e05b10c866de3d4f7bebe240 DependenciesID=f7b8e186c4367d3319be77b9de97006d StaticDependenciesID=6d88f85caaf74a60f3a57b5d965158ad 
Refreshing native plugins compatible for Editor in 2.62 ms, found 6 plugins.
Asset Pipeline Refresh (id=24a799c9ecc20e5458ad89f4adbb9d50): Total: 0.049 seconds - Initiated by StopAssetImportingV2(NoUpdateAssetOptions)
Start importing Assets/Art/UI/Desktop/taskbar.png using Guid(fa76e794bd2013442b7d374d2ff316ca) (TextureImporter) -> (Import Result ID: 'd2da965f59edb97e63776322b7ff3136') in 0.0036777 seconds [static and dynamic dependencies]. Details - ImportResultOutputID=d32aea8fe416ebf11e11f58f038ec37e DependenciesID=6537b9146329dc8d789c90e341e61146 StaticDependenciesID=d14890bd4961c9a78edb4722847f413f 
Refreshing native plugins compatible for Editor in 2.52 ms, found 6 plugins.
Asset Pipeline Refresh (id=7e84ade91c390fa45a5ecef14433d83a): Total: 0.047 seconds - Initiated by StopAssetImportingV2(NoUpdateAssetOptions)
Start importing Assets/Art/UI/Desktop/tray_bg.png using Guid(337d47dbc9546cc439dfd2db82809619) (TextureImporter) -> (Import Result ID: '1508f423bd9d31d9233724004d3aab81') in 0.0036207 seconds [static and dynamic dependencies]. Details - ImportResultOutputID=af28c1672a5493490b38f77eabc7c1af DependenciesID=33dd9bbb6f8cfd3f227d6d406a8c2cbf StaticDependenciesID=9dc561abe2e312828b450adb9091ac41 
Refreshing native plugins compatible for Editor in 2.40 ms, found 6 plugins.
Asset Pipeline Refresh (id=61a741a64ee4db24983c9c38fbeba9b9): Total: 0.047 seconds - Initiated by StopAssetImportingV2(NoUpdateAssetOptions)
Start importing Assets/Art/UI/Desktop/tray_credits.png using Guid(47c0dd3a4b17dc14b873083f9994e1fb) (TextureImporter) -> (Import Result ID: 'ebb3c4a6e445aa26fe9846d40e9d150c') in 0.0035716 seconds [static and dynamic dependencies]. Details - ImportResultOutputID=c57758e341bd44b93ee87dd37aa3e299 DependenciesID=894fc6f1da081439a226022f3f7f964c StaticDependenciesID=e927e2efd0db70284824a66a8c077463 
Refreshing native plugins compatible for Editor in 2.54 ms, found 6 plugins.
Asset Pipeline Refresh (id=f262cec96af203f41bd42633adaba6fd): Total: 0.049 seconds - Initiated by StopAssetImportingV2(NoUpdateAssetOptions)
Start importing Assets/Art/UI/Desktop/tray_day.png using Guid(a436076098b5119488c156f588057924) (TextureImporter) -> (Import Result ID: '1b6ef56f27faff8099e7a25f8abe8933') in 0.0034557 seconds [static and dynamic dependencies]. Details - ImportResultOutputID=6ba59c61a94aec60e608a9b0ce8ffa0b DependenciesID=27dba11f4af4e40ba52b3e2c5de9a6f2 StaticDependenciesID=ba4c7239982c13c74faaf36f48caf09d 
Refreshing native plugins compatible for Editor in 2.43 ms, found 6 plugins.
Asset Pipeline Refresh (id=0d7bd888c65cf8840acdc74f2903318e): Total: 0.049 seconds - Initiated by StopAssetImportingV2(NoUpdateAssetOptions)
Start importing Assets/Art/UI/Desktop/tray_stability.png using Guid(12492edb53a982248bae21e6f0c552f5) (TextureImporter) -> (Import Result ID: '7da587fd206011250828babc22bdeac7') in 0.0033358 seconds [static and dynamic dependencies]. Details - ImportResultOutputID=c6dc5d61a47bf4b5a8334631a22b83cc DependenciesID=bfbbc703dbf34745f90e94616e6087e9 StaticDependenciesID=c7fd88d6fdacb4e4646d703c1e300b0d 
Refreshing native plugins compatible for Editor in 2.51 ms, found 6 plugins.
Asset Pipeline Refresh (id=6d2505b19d691df4d999f992bf2d20d5): Total: 0.048 seconds - Initiated by StopAssetImportingV2(NoUpdateAssetOptions)
Start importing Assets/Art/UI/Desktop/window_frame.png using Guid(1130f085867b74749839583068700a4d) (TextureImporter) -> (Import Result ID: 'ca8c6adf7ff5e220a1e3112295f8d5b6') in 0.0054085 seconds [static and dynamic dependencies]. Details - ImportResultOutputID=d80477544e2403f38242b402707b7f08 DependenciesID=b18d99d9a7aec961059039a9d489ba5c StaticDependenciesID=1703ad6c4646f5fcdf01ad86010179ac 
Refreshing native plugins compatible for Editor in 2.55 ms, found 6 plugins.
Asset Pipeline Refresh (id=5878a2c9f5f97324f97115dff5f746ca): Total: 0.051 seconds - Initiated by StopAssetImportingV2(NoUpdateAssetOptions)
Start importing Assets/Art/UI/Desktop/window_titlebar.png using Guid(4c0b4f50e5a97904d96c99ece0c33176) (TextureImporter) -> (Import Result ID: '4ed49e37cf18bba485cf2d55e440eb0a') in 0.0037072 seconds [static and dynamic dependencies]. Details - ImportResultOutputID=9eb2a58479e31fe0266a11dcba3e3f45 DependenciesID=072eba7741ab8c543106058f0eedab24 StaticDependenciesID=d48178b3756c66f45ccaf5da7b3460df 
Refreshing native plugins compatible for Editor in 2.54 ms, found 6 plugins.
Asset Pipeline Refresh (id=eade5560f92f43b4686e36632d8c0e23): Total: 0.050 seconds - Initiated by StopAssetImportingV2(NoUpdateAssetOptions)
Start importing Assets/Art/UI/Icons/attr_art.png using Guid(276b27f4ed518bc4e875d5fb9ac6b5bb) (TextureImporter) -> (Import Result ID: '816f46fe9d87ebf6070612ff628259ad') in 0.0074037 seconds [static and dynamic dependencies]. Details - ImportResultOutputID=fbe88fb1c3bb5a2a79e50138f87f3a4b DependenciesID=48dc204caecbeb42bcf7201d246b88ef StaticDependenciesID=319a58f08e59470db77125edbb6552b8 
Refreshing native plugins compatible for Editor in 2.55 ms, found 6 plugins.
Asset Pipeline Refresh (id=05946edd9c122944cb39db7cf1a2111e): Total: 0.053 seconds - Initiated by StopAssetImportingV2(NoUpdateAssetOptions)
Start importing Assets/Art/UI/Icons/attr_democracy.png using Guid(1fa45c9568230024a93d8f949c857331) (TextureImporter) -> (Import Result ID: '868647ff4cb12d10b4a2f8ffb40fdc5b') in 0.0052239 seconds [static and dynamic dependencies]. Details - ImportResultOutputID=d651917ddc68aa01d89dba164ecf9d6f DependenciesID=0bc2dd60883a4d05c49d2713d6824b3d StaticDependenciesID=982ff0f96867aa256b30a26c98998821 
Refreshing native plugins compatible for Editor in 2.75 ms, found 6 plugins.
Asset Pipeline Refresh (id=578b0135168f5e543b70c1f062643d2f): Total: 0.052 seconds - Initiated by StopAssetImportingV2(NoUpdateAssetOptions)
Start importing Assets/Art/UI/Icons/attr_industry.png using Guid(67e02cde02968da4d840d61ef9d844a9) (TextureImporter) -> (Import Result ID: '36003f5f063d6b622c420a4aea4e8cb2') in 0.0054084 seconds [static and dynamic dependencies]. Details - ImportResultOutputID=b36f77dcc75d3fcafda9cd50cb5e4bb0 DependenciesID=a3aba7739cdf76d1275b2d7830a29341 StaticDependenciesID=f32b4475278c5e63fd4b1cbac4a6389c 
Refreshing native plugins compatible for Editor in 2.78 ms, found 6 plugins.
Asset Pipeline Refresh (id=f743c408188e4454dad9adef44d4019b): Total: 0.053 seconds - Initiated by StopAssetImportingV2(NoUpdateAssetOptions)
Start importing Assets/Art/UI/Icons/attr_militarism.png using Guid(b1b7e948d21626e46816c1216b0cb094) (TextureImporter) -> (Import Result ID: 'cee080e4abb3ca162224ca70e14d385e') in 0.0049197 seconds [static and dynamic dependencies]. Details - ImportResultOutputID=0e4318b3bdf4a8bb6be19bd3434f7877 DependenciesID=d67f66dbaf8147691980122ba03d5799 StaticDependenciesID=3c03231c4dc0be11283573f3927eac29 
Refreshing native plugins compatible for Editor in 2.55 ms, found 6 plugins.
Asset Pipeline Refresh (id=ad11f1f4020c1894a8ff20e987d98f03): Total: 0.053 seconds - Initiated by StopAssetImportingV2(NoUpdateAssetOptions)
Start importing Assets/Art/UI/Icons/attr_philosophy.png using Guid(341d3e17ab6cf8b4a98341d5429c892f) (TextureImporter) -> (Import Result ID: 'ee87082a7e894decb4e5e682e53fecd9') in 0.0064859 seconds [static and dynamic dependencies]. Details - ImportResultOutputID=060e5c8fce4db91a518285d17ebf85a8 DependenciesID=23b49a6ed0d841748e3777b9cbaebc10 StaticDependenciesID=9baef1c8013729f9cb97097b09ae70ca 
Refreshing native plugins compatible for Editor in 2.39 ms, found 6 plugins.
Asset Pipeline Refresh (id=3ee22f6793757d145ad9889d02b7d2eb): Total: 0.051 seconds - Initiated by StopAssetImportingV2(NoUpdateAssetOptions)
Start importing Assets/Art/UI/Icons/attr_science.png using Guid(e48b3dfe27af83649a17df05aade58b9) (TextureImporter) -> (Import Result ID: '87594195ce9b16101e4a87927ba220c0') in 0.00508 seconds [static and dynamic dependencies]. Details - ImportResultOutputID=bd421d461594c717fbe78a241cc6643d DependenciesID=ad1995383e2e28ed786ef5d0dfbb3d63 StaticDependenciesID=f7db99744b8824d4e215cf36c0411b07 
Refreshing native plugins compatible for Editor in 2.42 ms, found 6 plugins.
Asset Pipeline Refresh (id=e3aa7b960a2f6954bbfa8edb5f4953eb): Total: 0.049 seconds - Initiated by StopAssetImportingV2(NoUpdateAssetOptions)
Start importing Assets/Art/UI/Icons/era_ancient.png using Guid(4541273c7a89d23429f50cabeeca1f16) (TextureImporter) -> (Import Result ID: 'f836f2bd27ab6c8590dde4279b9f862a') in 0.0048061 seconds [static and dynamic dependencies]. Details - ImportResultOutputID=de53a07da87a303750c7cf73bcf3a957 DependenciesID=4121e1c9b48575f0ea53d2a1d9701876 StaticDependenciesID=30634f47854d15737726036fa6f4d929 
Refreshing native plugins compatible for Editor in 2.48 ms, found 6 plugins.
Asset Pipeline Refresh (id=66e7b8105f35fb3449fc8cf425837f1d): Total: 0.049 seconds - Initiated by StopAssetImportingV2(NoUpdateAssetOptions)
Start importing Assets/Art/UI/Icons/era_future.png using Guid(2d34620e17070e142b6ebeb0af2beb13) (TextureImporter) -> (Import Result ID: 'f0e208b554aae2cd3208c7c05f666a2b') in 0.005001 seconds [static and dynamic dependencies]. Details - ImportResultOutputID=5c7e7f879d5c6b9b9adebea07ce494a3 DependenciesID=8989f5689b9ec46783d0634aa229c55e StaticDependenciesID=658851c775ecd35d3347c5770d069ff0 
Refreshing native plugins compatible for Editor in 2.43 ms, found 6 plugins.
Asset Pipeline Refresh (id=e7bb2bb3012eed94096dbce905d188cd): Total: 0.048 seconds - Initiated by StopAssetImportingV2(NoUpdateAssetOptions)
Start importing Assets/Art/UI/Icons/era_modern.png using Guid(29827ed6dc69fcc45809ad2941a4353e) (TextureImporter) -> (Import Result ID: '141cdf00ab793c575b1a8915833feb63') in 0.0046717 seconds [static and dynamic dependencies]. Details - ImportResultOutputID=2b528eabcaca9a49e836f88a21d78e22 DependenciesID=9bcb8e76a8ec480aad153e7f5b286d1c StaticDependenciesID=b3f50e9b5a6eeb667cb4850ed4662876 
Refreshing native plugins compatible for Editor in 2.33 ms, found 6 plugins.
Asset Pipeline Refresh (id=032520725a75f96429b19e9b8358909f): Total: 0.049 seconds - Initiated by StopAssetImportingV2(NoUpdateAssetOptions)
Start importing Assets/Art/UI/Icons/era_old.png using Guid(8826558358dbfc647bf989116407745c) (TextureImporter) -> (Import Result ID: '9eeb93c97e7b14f403d3c58e743a6735') in 0.0046831 seconds [static and dynamic dependencies]. Details - ImportResultOutputID=cac1058b6d775095c9ec11e13c788573 DependenciesID=d154930f9d31643f9855b743d5fce264 StaticDependenciesID=d01cc07e791fd173e2ccc0fea37b926f 
Refreshing native plugins compatible for Editor in 2.39 ms, found 6 plugins.
Asset Pipeline Refresh (id=065028dad30fddc4b8fb53857344ef07): Total: 0.049 seconds - Initiated by StopAssetImportingV2(NoUpdateAssetOptions)
Start importing Assets/Art/UI/Icons/icon_day.png using Guid(9c4d3bf019f1cfb4bbc97faa2ee4ef1c) (TextureImporter) -> (Import Result ID: '7ada258e2c45a6ce6319fa95a002cd1a') in 0.0056737 seconds [static and dynamic dependencies]. Details - ImportResultOutputID=b474c6d91a31c63a4c124bc2f2c5d6fc DependenciesID=f9632bfd4488773c81204961e0fd8556 StaticDependenciesID=10740a86ecf84bdb2e0b3c704e593022 
Refreshing native plugins compatible for Editor in 2.50 ms, found 6 plugins.
Asset Pipeline Refresh (id=b1534420897d9b5498e5f88c019de592): Total: 0.049 seconds - Initiated by StopAssetImportingV2(NoUpdateAssetOptions)
Start importing Assets/Art/UI/Icons/icon_money.png using Guid(3a1834f579f867f4185921354607de59) (TextureImporter) -> (Import Result ID: '79dbb58470573814289668cfc464d94b') in 0.0050204 seconds [static and dynamic dependencies]. Details - ImportResultOutputID=b713bffe4c8f3f3ffc4f9fe6f718ff02 DependenciesID=9d22cee14d1407629a3a3c7127acffe4 StaticDependenciesID=974d5eaf950fc983eacf8deff96ef778 
Refreshing native plugins compatible for Editor in 2.37 ms, found 6 plugins.
Asset Pipeline Refresh (id=7446d21205d6d0e40bf42cd8a2d77ea1): Total: 0.049 seconds - Initiated by StopAssetImportingV2(NoUpdateAssetOptions)
Start importing Assets/Art/UI/Icons/icon_stability.png using Guid(e689b2e1091b179459dcf8977b6e43fa) (TextureImporter) -> (Import Result ID: 'cd4f3fd251ae028dcbdcc67af022f9bf') in 0.0052696 seconds [static and dynamic dependencies]. Details - ImportResultOutputID=6216e223aefb466c2d4b9874ce074fc8 DependenciesID=f774f35891cfe5e20c4b1c8e5090bba8 StaticDependenciesID=ad5a7ea34e336fe75a4a67efc444c931 
Refreshing native plugins compatible for Editor in 2.43 ms, found 6 plugins.
Asset Pipeline Refresh (id=d93c5e9c7a7cd2e4f9d2b5ac67d4a81a): Total: 0.049 seconds - Initiated by StopAssetImportingV2(NoUpdateAssetOptions)
Start importing Assets/Art/UI/Icons/icon_warning.png using Guid(6ab95e793b030f641991654f890df947) (TextureImporter) -> (Import Result ID: '8a02f8d19426a12018b129a8cfc59b43') in 0.0050022 seconds [static and dynamic dependencies]. Details - ImportResultOutputID=a2ec75381aa9aaf16b9a1829ffc14473 DependenciesID=dfe7292d7526b6ddeae80f0f62ba73ec StaticDependenciesID=dca5640ce563bb3809f3d80f7535ced5 
Refreshing native plugins compatible for Editor in 2.59 ms, found 6 plugins.
Asset Pipeline Refresh (id=e2dc59752f4425b4d87ca005daf455d9): Total: 0.049 seconds - Initiated by StopAssetImportingV2(NoUpdateAssetOptions)
Start importing Assets/Art/UI/Investigation/agency_logo.png using Guid(5d2b65a4acbad2046ba04e3d25297f4d) (TextureImporter) -> (Import Result ID: '3352de1620d0a789db42f507be0c3ce1') in 0.0052869 seconds [static and dynamic dependencies]. Details - ImportResultOutputID=30a9054ae477901b43b880436fb6c07c DependenciesID=10ca57915b10deabe6e28ac88fb178a9 StaticDependenciesID=b1d7312e5d37f97bce13b1128911ee7e 
Refreshing native plugins compatible for Editor in 2.37 ms, found 6 plugins.
Asset Pipeline Refresh (id=39761dbd369f2bd49b8610e284ac69db): Total: 0.049 seconds - Initiated by StopAssetImportingV2(NoUpdateAssetOptions)
Start importing Assets/Art/UI/Investigation/btn_accept_hover.png using Guid(0a847d96af017374b8d59bff5baee950) (TextureImporter) -> (Import Result ID: '9055e2084e6831ab12d5498e07834b4f') in 0.0053431 seconds [static and dynamic dependencies]. Details - ImportResultOutputID=2651783f6b8e8823f8748de3719d1fcf DependenciesID=92df12118353e7498d070d7d05261e6e StaticDependenciesID=3767afbc3321d3870dcc4e41b6d62d0a 
Refreshing native plugins compatible for Editor in 2.38 ms, found 6 plugins.
Asset Pipeline Refresh (id=74c42a6183606c34fb5ad870af3cf4d2): Total: 0.049 seconds - Initiated by StopAssetImportingV2(NoUpdateAssetOptions)
Start importing Assets/Art/UI/Investigation/btn_accept_normal.png using Guid(2c7ada947b6dfd54e9d121a2ff7b3525) (TextureImporter) -> (Import Result ID: 'e7fc2b4a55a3857fdbb89114406ddeae') in 0.0042129 seconds [static and dynamic dependencies]. Details - ImportResultOutputID=d2202526799e65e5259a018983e78b7f DependenciesID=d61f126041793145da5d845d6d63d02f StaticDependenciesID=7f8662107fe20d4bb773b180740d1dc0 
Refreshing native plugins compatible for Editor in 2.35 ms, found 6 plugins.
Asset Pipeline Refresh (id=adccda2d831cfe5459dd3631e96f6937): Total: 0.048 seconds - Initiated by StopAssetImportingV2(NoUpdateAssetOptions)
Start importing Assets/Art/UI/Investigation/btn_accept_pressed.png using Guid(aade9576c7ad71640894f01ee1312034) (TextureImporter) -> (Import Result ID: 'a71e75ea4246c886cdc676f4b48e8c1b') in 0.0043718 seconds [static and dynamic dependencies]. Details - ImportResultOutputID=db1935fbb1ebd5544c0fbfb107e7696d DependenciesID=129191827c6f75e9f51cc5382724b17b StaticDependenciesID=48c521c8caa52424751531c315bce9ec 
Refreshing native plugins compatible for Editor in 2.48 ms, found 6 plugins.
Asset Pipeline Refresh (id=034f7d52bb3046846a9ba2a13dc615dc): Total: 0.049 seconds - Initiated by StopAssetImportingV2(NoUpdateAssetOptions)
Start importing Assets/Art/UI/Investigation/btn_deny_hover.png using Guid(5c029082a28d8984488248ed99a23a79) (TextureImporter) -> (Import Result ID: '06da0d28802c6b755a038493f8b37c31') in 0.0040106 seconds [static and dynamic dependencies]. Details - ImportResultOutputID=362c16da3e8b70b53d026f0759765fa8 DependenciesID=753ef4faf418241bf538d0c272f5332b StaticDependenciesID=98522c010f8180503a4f0d0c6b1de104 
Refreshing native plugins compatible for Editor in 2.50 ms, found 6 plugins.
Asset Pipeline Refresh (id=3c67ca6a963e9d347964b62a5481cc5f): Total: 0.049 seconds - Initiated by StopAssetImportingV2(NoUpdateAssetOptions)
Start importing Assets/Art/UI/Investigation/btn_deny_normal.png using Guid(486c8500cdd4d9544a225cd739b4242b) (TextureImporter) -> (Import Result ID: '884cd7f53f8f2a103866899c09ad45d8') in 0.0039998 seconds [static and dynamic dependencies]. Details - ImportResultOutputID=719513afaac8109f4297ab0d9d1a3b35 DependenciesID=d2475cae632da0cd5ae4744343c9bb79 StaticDependenciesID=38a329a38b730c99ee0d174e77187fee 
Refreshing native plugins compatible for Editor in 2.34 ms, found 6 plugins.
Asset Pipeline Refresh (id=9b16af8b408e17040adaf2e63e614a3e): Total: 0.048 seconds - Initiated by StopAssetImportingV2(NoUpdateAssetOptions)
Start importing Assets/Art/UI/Investigation/btn_deny_pressed.png using Guid(b4c16a9d935fa6e4fa35920d32d0523e) (TextureImporter) -> (Import Result ID: 'fc762fa0edfb529cbdd4b3d9d894b917') in 0.004112 seconds [static and dynamic dependencies]. Details - ImportResultOutputID=d847f76cc74cc94415e332746ca282d6 DependenciesID=c08854e68b8326ced45075cc7b9d5e43 StaticDependenciesID=4124b156bab424de230afee880a531c9 
Refreshing native plugins compatible for Editor in 2.43 ms, found 6 plugins.
Asset Pipeline Refresh (id=9f5470dd052b95f4badd91b68cc0efca): Total: 0.048 seconds - Initiated by StopAssetImportingV2(NoUpdateAssetOptions)
Start importing Assets/Art/UI/Investigation/citation_slip.png using Guid(9d2a95d46e8a5ec45ab726b99d4967b5) (TextureImporter) -> (Import Result ID: '7a230eab4a80268c49a5ec28f937f877') in 0.0125895 seconds [static and dynamic dependencies]. Details - ImportResultOutputID=5bea9a160b4f80298a19ac348888479c DependenciesID=6fb63c898889abcf7fb2869f47cc3cb5 StaticDependenciesID=8e52552636cb896aa5041b00ec87b740 
Refreshing native plugins compatible for Editor in 2.40 ms, found 6 plugins.
Asset Pipeline Refresh (id=a004a38496ca95148bded317dbed87b6): Total: 0.057 seconds - Initiated by StopAssetImportingV2(NoUpdateAssetOptions)
Start importing Assets/Art/UI/Investigation/citizen_records_frame.png using Guid(789fcc8f5adeb0b49a3f28e4ef450b8f) (TextureImporter) -> (Import Result ID: '04d1e0afce1f7ade4bc0eae5599d385b') in 0.0161544 seconds [static and dynamic dependencies]. Details - ImportResultOutputID=1ac5781f88ff6c2c13b73adea384504f DependenciesID=567ac6ce3e5db59de775c0ca1773fde5 StaticDependenciesID=36019354f4dddc0c0c239eea7531b77d 
Refreshing native plugins compatible for Editor in 2.46 ms, found 6 plugins.
Asset Pipeline Refresh (id=b1abfafa84ab1e847aa9aece1cfe94ef): Total: 0.061 seconds - Initiated by StopAssetImportingV2(NoUpdateAssetOptions)
Start importing Assets/Art/UI/Investigation/claim_banner.png using Guid(c7ddcdb2cdaf3e44ba57f9c1d2a990c3) (TextureImporter) -> (Import Result ID: '54382ef34aa8560dc3cc8c02e013a63e') in 0.0057378 seconds [static and dynamic dependencies]. Details - ImportResultOutputID=46b1b4b429158ec3b96538d60153ed55 DependenciesID=c15de010385629c61746270f930cddab StaticDependenciesID=c09237a0c8f657a7fcf7a4c257350aed 
Refreshing native plugins compatible for Editor in 2.35 ms, found 6 plugins.
Asset Pipeline Refresh (id=1a878e56b8079224b9582d8059c07c70): Total: 0.049 seconds - Initiated by StopAssetImportingV2(NoUpdateAssetOptions)
Start importing Assets/Art/UI/Investigation/compare_bar_deviation.png using Guid(7e802eb312021934993945d348ef9c19) (TextureImporter) -> (Import Result ID: 'e057341f7d0adebfb203f4016997c302') in 0.0051588 seconds [static and dynamic dependencies]. Details - ImportResultOutputID=151effe7fc25792ffefd7b259101f944 DependenciesID=0fa049bf881e282eccd24a10b6217180 StaticDependenciesID=328b5e0dd24ec27550282d5b0df8b372 
Refreshing native plugins compatible for Editor in 2.48 ms, found 6 plugins.
Asset Pipeline Refresh (id=2634a309f5be78d41adb98369f23bb0e): Total: 0.049 seconds - Initiated by StopAssetImportingV2(NoUpdateAssetOptions)
Start importing Assets/Art/UI/Investigation/compare_bar_match.png using Guid(c6629320444cdb648983c78ad27cfa51) (TextureImporter) -> (Import Result ID: 'd618c8ca9ebbfb3af70c6c06859dcb0c') in 0.0049976 seconds [static and dynamic dependencies]. Details - ImportResultOutputID=e7523129766c87a7e1be58c5f8a27656 DependenciesID=e95c5f3e9c85ac214fd059acf0b62770 StaticDependenciesID=248ad42b3e6c44f5ffe52d0aa76cadf8 
Refreshing native plugins compatible for Editor in 2.55 ms, found 6 plugins.
Asset Pipeline Refresh (id=3d1a3862ee3ecd04ab698477dcfdb28c): Total: 0.050 seconds - Initiated by StopAssetImportingV2(NoUpdateAssetOptions)
Start importing Assets/Art/UI/Investigation/compare_bar_mismatch.png using Guid(8abf40d4df0544443b7b23d687640109) (TextureImporter) -> (Import Result ID: '72bdf1cc4d67f040cae3bfe37bbd53a9') in 0.0054382 seconds [static and dynamic dependencies]. Details - ImportResultOutputID=8cd6357364711cc27b1401d189dc188d DependenciesID=1b55f30fa0c8d44a5d3b8805a537c6b4 StaticDependenciesID=590122ceb91473257287b6bb0f6700b9 
Refreshing native plugins compatible for Editor in 2.37 ms, found 6 plugins.
Asset Pipeline Refresh (id=6b7b10545cf2b804f9ff4b2db3fbd90f): Total: 0.049 seconds - Initiated by StopAssetImportingV2(NoUpdateAssetOptions)
Start importing Assets/Art/UI/Investigation/compare_bar_neutral.png using Guid(916c0fff9e4498244b810edec0f0995b) (TextureImporter) -> (Import Result ID: 'c61226ca69a5a4f06952b6a32fae94c9') in 0.0052762 seconds [static and dynamic dependencies]. Details - ImportResultOutputID=d427659515022764d499f6abffa18790 DependenciesID=3048a8fdf27405d6a361c85ea1e24990 StaticDependenciesID=fb4b40e0767bbe540fc8ecb35d91a651 
Refreshing native plugins compatible for Editor in 2.31 ms, found 6 plugins.
Asset Pipeline Refresh (id=88e29c33309e57d469ac6387fa760ec2): Total: 0.049 seconds - Initiated by StopAssetImportingV2(NoUpdateAssetOptions)
Start importing Assets/Art/UI/Investigation/deviation_report_form.png using Guid(c4a1fc9eef4511745ac6cf08147b656d) (TextureImporter) -> (Import Result ID: '77a7a18f13d2b41c2f49655df46855c2') in 0.0202588 seconds [static and dynamic dependencies]. Details - ImportResultOutputID=ed2fafbb99d93f624b01fc9f441a0ea5 DependenciesID=345773ce26bb74a60dfddd7b823d72c1 StaticDependenciesID=296a04c769e8a22f19022328bf0413de 
Refreshing native plugins compatible for Editor in 2.44 ms, found 6 plugins.
Asset Pipeline Refresh (id=31c34b32bb21e3e43a89e1b164450da8): Total: 0.064 seconds - Initiated by StopAssetImportingV2(NoUpdateAssetOptions)
Start importing Assets/Art/UI/Investigation/directives_sticky.png using Guid(172f64fa0831aac42a82805385e7eedf) (TextureImporter) -> (Import Result ID: 'b0ac423b9a6a5df26b8df3c8c8b5d703') in 0.0063841 seconds [static and dynamic dependencies]. Details - ImportResultOutputID=9c8df0d0a6cbe043b7b53337784f0c68 DependenciesID=5fe0d95a9ee93154cd221775648febab StaticDependenciesID=cde8c0e4e4811ff3dd17eb3eadaf9dfb 
Refreshing native plugins compatible for Editor in 2.38 ms, found 6 plugins.
Asset Pipeline Refresh (id=9de2087de8be45d46a33f810ad9195ae): Total: 0.050 seconds - Initiated by StopAssetImportingV2(NoUpdateAssetOptions)
Start importing Assets/Art/UI/Investigation/intercom_button_hover.png using Guid(cb79f5b130332a449961ff1cec0c55d5) (TextureImporter) -> (Import Result ID: '5f87eccee4bf69926ac8139e55b23623') in 0.0040295 seconds [static and dynamic dependencies]. Details - ImportResultOutputID=d6610a304adb36e333ee3312cc4c95cf DependenciesID=261e1e16a2e3cc45f8086bcee4721771 StaticDependenciesID=87a8c864950b52521b98491ff02fd93d 
Refreshing native plugins compatible for Editor in 2.40 ms, found 6 plugins.
Asset Pipeline Refresh (id=43baa924110433d4a81a7a4dd98d564c): Total: 0.048 seconds - Initiated by StopAssetImportingV2(NoUpdateAssetOptions)
Start importing Assets/Art/UI/Investigation/intercom_button_normal.png using Guid(56238a8ba6b016e44849ee2ca272cb9c) (TextureImporter) -> (Import Result ID: 'bd10806e159820244381abcba16ec0af') in 0.0047293 seconds [static and dynamic dependencies]. Details - ImportResultOutputID=7e4cf79ca89c634001fe280a7268445e DependenciesID=a35d83405a44b48358851006d3d53436 StaticDependenciesID=0d1a426d91352d3e11de35a753db1b51 
Refreshing native plugins compatible for Editor in 2.37 ms, found 6 plugins.
Asset Pipeline Refresh (id=bf338fe35c1c46d4ab1e251f187c0e16): Total: 0.048 seconds - Initiated by StopAssetImportingV2(NoUpdateAssetOptions)
Start importing Assets/Art/UI/Investigation/intercom_panel.png using Guid(f289589f5f1796b45a8a650686d2c4be) (TextureImporter) -> (Import Result ID: '8e45ca1bd87f57d660c65e0e159cefa0') in 0.0075569 seconds [static and dynamic dependencies]. Details - ImportResultOutputID=ba3a5063d8de91de43c236cbd4f23958 DependenciesID=f2029dc6e1c29bff60cd008247311767 StaticDependenciesID=50081a10b81a8e522237976679385513 
Refreshing native plugins compatible for Editor in 2.39 ms, found 6 plugins.
Asset Pipeline Refresh (id=4de3bfe65a45e2b4ea6eba6d5669603c): Total: 0.051 seconds - Initiated by StopAssetImportingV2(NoUpdateAssetOptions)
Start importing Assets/Art/UI/Investigation/page_blank.png using Guid(a537353ed41f8ff4697e37049cb4302e) (TextureImporter) -> (Import Result ID: 'cb02dd108572f34d1dc2be2c35118572') in 0.0191519 seconds [static and dynamic dependencies]. Details - ImportResultOutputID=dd31ce81cfd6e4a89fdb6a79b2168430 DependenciesID=89595199e86f5b2a329c1d68d6bff81f StaticDependenciesID=7ac74ce42ccd952db968b02c43795597 
Refreshing native plugins compatible for Editor in 2.45 ms, found 6 plugins.
Asset Pipeline Refresh (id=134df1ddb175369468b82eda0ba7412e): Total: 0.063 seconds - Initiated by StopAssetImportingV2(NoUpdateAssetOptions)
Start importing Assets/Art/UI/Investigation/photo_frame.png using Guid(e7f1df8667a3c44419be7b1f9dd017b5) (TextureImporter) -> (Import Result ID: 'a1eebfeb46a09ee6b0978e08aedd9cd9') in 0.0049717 seconds [static and dynamic dependencies]. Details - ImportResultOutputID=bb4ac1145c92525798639dc45b9e6ad9 DependenciesID=9606e21f5d315ee22c97d664ce803239 StaticDependenciesID=c5032dd7ae5ad5fd04ba7a54bba20358 
Refreshing native plugins compatible for Editor in 2.42 ms, found 6 plugins.
Asset Pipeline Refresh (id=d261394e874c5f742805a8ee2cff066a): Total: 0.049 seconds - Initiated by StopAssetImportingV2(NoUpdateAssetOptions)
Start importing Assets/Art/UI/Investigation/refbook_cover_currency.png using Guid(a85c8abbfe2879f4197d14856a1c2502) (TextureImporter) -> (Import Result ID: '330151d8668133d92e99854d4ead3f47') in 0.0077804 seconds [static and dynamic dependencies]. Details - ImportResultOutputID=7c21f13d0bfe10e3ad5c7c2fc45102ae DependenciesID=1f70717df2cbe3bb690f3740c61aaabb StaticDependenciesID=241de8c088f259aa84b45a9ed6bd6cc0 
Refreshing native plugins compatible for Editor in 2.47 ms, found 6 plugins.
Asset Pipeline Refresh (id=35939bb443db7974383055daa0ca5e26): Total: 0.053 seconds - Initiated by StopAssetImportingV2(NoUpdateAssetOptions)
Start importing Assets/Art/UI/Investigation/refbook_cover_language.png using Guid(9da0d332a88a548449e0c11e3bdc82e1) (TextureImporter) -> (Import Result ID: 'dd3a9491cc26a671a151d0c7e0188ef8') in 0.0077406 seconds [static and dynamic dependencies]. Details - ImportResultOutputID=018ac16f27c90fcb2f0d85f0f41f20c0 DependenciesID=e1b3ace487a097e09ab94acc766ff065 StaticDependenciesID=e1e2941671f315e384626959c995ffd3 
Refreshing native plugins compatible for Editor in 2.45 ms, found 6 plugins.
Asset Pipeline Refresh (id=5cbf00bebaab36943933ccb317a937e3): Total: 0.052 seconds - Initiated by StopAssetImportingV2(NoUpdateAssetOptions)
Start importing Assets/Art/UI/Investigation/refbook_cover_technology.png using Guid(3d87062fdda0a5d4990cf29bd6bc1997) (TextureImporter) -> (Import Result ID: '84f5d64ac3d85437af4e96e13a8873ae') in 0.0078204 seconds [static and dynamic dependencies]. Details - ImportResultOutputID=e891fe721fcf4e435f7b61548a17ea2c DependenciesID=c634303b8fdb40e17e54632badf1bc24 StaticDependenciesID=355871221ff6b074846b652c48493894 
Refreshing native plugins compatible for Editor in 2.49 ms, found 6 plugins.
Asset Pipeline Refresh (id=36e68eead05dd604a8a15612b1f8dccb): Total: 0.053 seconds - Initiated by StopAssetImportingV2(NoUpdateAssetOptions)
Start importing Assets/Art/UI/Investigation/refbook_page.png using Guid(e6c3c320d8836c2479f2052289048a83) (TextureImporter) -> (Import Result ID: 'f51b70dfe340251394aad67ae0c1eb57') in 0.0194162 seconds [static and dynamic dependencies]. Details - ImportResultOutputID=9ae62f08803723a88d1c405f0023a53b DependenciesID=d318681bad8397d22cf64e3d1894cb3b StaticDependenciesID=907037034eb702abedfbf9a61f7f754f 
Refreshing native plugins compatible for Editor in 2.40 ms, found 6 plugins.
Asset Pipeline Refresh (id=bba370c5ee0564d4d9635afd9d39e790): Total: 0.064 seconds - Initiated by StopAssetImportingV2(NoUpdateAssetOptions)
Start importing Assets/Art/UI/Investigation/scanner_backing.png using Guid(fb72d19365f47f64d929135074121d76) (TextureImporter) -> (Import Result ID: '1fd3d3d7447ab94fc6c3643771066d52') in 0.0225094 seconds [static and dynamic dependencies]. Details - ImportResultOutputID=d02de2de23c0a4be911c246d2fd25a60 DependenciesID=370c48f5741ee5e716995c454d20e74b StaticDependenciesID=4f2fd09685fb3c1ec69ab135c02c4af1 
Refreshing native plugins compatible for Editor in 2.40 ms, found 6 plugins.
Asset Pipeline Refresh (id=a03b088fd03700f4c9df167ec984d308): Total: 0.066 seconds - Initiated by StopAssetImportingV2(NoUpdateAssetOptions)
Start importing Assets/Art/UI/Investigation/stamp_approved.png using Guid(dc92cff727158c74cb57b338c7e1a98e) (TextureImporter) -> (Import Result ID: '96934caaa3c7e928f04d55b7c4923e90') in 0.0057846 seconds [static and dynamic dependencies]. Details - ImportResultOutputID=c4083b40a9a1b5df9a95a84d14dc9dde DependenciesID=fe6b8655f19b00f3f2734aa66787bab6 StaticDependenciesID=48ffd29ed9ad0482815b4b8db662205d 
Refreshing native plugins compatible for Editor in 2.48 ms, found 6 plugins.
Asset Pipeline Refresh (id=a6a88c64d60292040ba672785c071346): Total: 0.050 seconds - Initiated by StopAssetImportingV2(NoUpdateAssetOptions)
Start importing Assets/Art/UI/Investigation/stamp_denied.png using Guid(169c2f5b9b814024390717f734f89669) (TextureImporter) -> (Import Result ID: '8884d4e6fd31111f39d8cc6637b8f4e6') in 0.0055439 seconds [static and dynamic dependencies]. Details - ImportResultOutputID=a01f834d28c311e3a55c789841c80321 DependenciesID=2b495b5851b8693c6f7c54deeaa048f6 StaticDependenciesID=9e427b04fd9c182925c3946ace3556f5 
Refreshing native plugins compatible for Editor in 2.45 ms, found 6 plugins.
Asset Pipeline Refresh (id=cb5822267be939749a79b4d3f1f9e1e1): Total: 0.050 seconds - Initiated by StopAssetImportingV2(NoUpdateAssetOptions)
Start importing Assets/Art/Office/Placeholder/Posters/poster_art_renaissance.png using Guid(44d0f92cec37d254595d57e4904a55d4) (TextureImporter) -> (Import Result ID: 'a7d2b71582935beda58ba9ca3a9e2978') in 0.0064796 seconds [static and dynamic dependencies]. Details - ImportResultOutputID=528b682988dca5a87b8d580b54c1873b DependenciesID=49f14dfda64473b11e1ed1ada5fdfb81 StaticDependenciesID=efde224c61e1e12206cb3211fe77bce8 
Refreshing native plugins compatible for Editor in 2.50 ms, found 6 plugins.
Asset Pipeline Refresh (id=8a0ce0e5571b23e4fb1a03387de96cfc): Total: 0.051 seconds - Initiated by StopAssetImportingV2(NoUpdateAssetOptions)
Start importing Assets/Art/Office/Placeholder/Posters/poster_democracy_collapse.png using Guid(db792b200021e8548988d663840ae3aa) (TextureImporter) -> (Import Result ID: '918cd5fb646e4c5ee361edf2d76ace29') in 0.0062349 seconds [static and dynamic dependencies]. Details - ImportResultOutputID=3c5c04a123db93fb34e0a89a50f9d518 DependenciesID=9e6e242749ee06189ecfcca23692b0c6 StaticDependenciesID=b358a2c8a65b52335d06852058d144a3 
Refreshing native plugins compatible for Editor in 2.59 ms, found 6 plugins.
Asset Pipeline Refresh (id=e7cfcbfbdc1783548b315941eb553256): Total: 0.052 seconds - Initiated by StopAssetImportingV2(NoUpdateAssetOptions)
Start importing Assets/Art/Office/Placeholder/Posters/poster_dom_britain_art.png using Guid(2785d13a4649161468b19f21040ebf32) (TextureImporter) -> (Import Result ID: '17491d08916604731e4b4df4d527c5d7') in 0.0062977 seconds [static and dynamic dependencies]. Details - ImportResultOutputID=777f1df07b3b123afa05713473c3dc9c DependenciesID=2aff8dbb6fba2aacb777123f9692b102 StaticDependenciesID=fe628f95c18d7470bd55ba1946d4facc 
Refreshing native plugins compatible for Editor in 2.48 ms, found 6 plugins.
Asset Pipeline Refresh (id=06a7ab73b0d60364eb4356ba73d7c7da): Total: 0.052 seconds - Initiated by StopAssetImportingV2(NoUpdateAssetOptions)
Start importing Assets/Art/Office/Placeholder/Posters/poster_dom_britain_democracy.png using Guid(e707dbcae3525d549adbceae480bd11d) (TextureImporter) -> (Import Result ID: 'ca5fc3ed37821dd29502ce88d44ae099') in 0.0064979 seconds [static and dynamic dependencies]. Details - ImportResultOutputID=2ff7b606e9b2688eec494b8a50fffc36 DependenciesID=7936040a52567e2a93b0abde8699c01d StaticDependenciesID=0c7986bc30c04f9703c93d29cb495e0b 
Refreshing native plugins compatible for Editor in 2.43 ms, found 6 plugins.
Asset Pipeline Refresh (id=2de6d2c0d29388144ad108297464c332): Total: 0.051 seconds - Initiated by StopAssetImportingV2(NoUpdateAssetOptions)
Start importing Assets/Art/Office/Placeholder/Posters/poster_dom_britain_science.png using Guid(e271f958836cbc84aa7da23f925843b1) (TextureImporter) -> (Import Result ID: 'd08ec8c5d5a42dd2d3c6a7487d8df378') in 0.0063498 seconds [static and dynamic dependencies]. Details - ImportResultOutputID=b10f47627a4dc82b58d7cc3da2f30f46 DependenciesID=e18809a31e0520400af14084a38be4ba StaticDependenciesID=a3b8b62b0ae30f7bc48b99af3ad00c48 
Refreshing native plugins compatible for Editor in 2.42 ms, found 6 plugins.
Asset Pipeline Refresh (id=054c481c8e60d0644ad3568b4a1f17cd): Total: 0.051 seconds - Initiated by StopAssetImportingV2(NoUpdateAssetOptions)
Start importing Assets/Art/Office/Placeholder/Posters/poster_dom_china_art.png using Guid(8cf0daf0e80c047488073a2738df11c3) (TextureImporter) -> (Import Result ID: 'e1c7004d5db3b4c3f360a86a9578c49c') in 0.0062435 seconds [static and dynamic dependencies]. Details - ImportResultOutputID=882afa961acd0c6b2b573371759811ef DependenciesID=29def80a3d5c46e9b3d9270c10af0835 StaticDependenciesID=331bf8c5e257fa5b3820f53d6473c2b2 
Refreshing native plugins compatible for Editor in 2.42 ms, found 6 plugins.
Asset Pipeline Refresh (id=60d90279d44e78f4696955a11f67d2d6): Total: 0.050 seconds - Initiated by StopAssetImportingV2(NoUpdateAssetOptions)
Start importing Assets/Art/Office/Placeholder/Posters/poster_dom_china_democracy.png using Guid(0ed8366f200d3ca41b01372d063ea193) (TextureImporter) -> (Import Result ID: '0036458ec7f22bc9f8622e1c67444758') in 0.0063426 seconds [static and dynamic dependencies]. Details - ImportResultOutputID=ed969ae19a79c5c42ffe9bdb74a969e1 DependenciesID=a60fa4f9c8a9873639491806ddb53f59 StaticDependenciesID=9a7ce74bbba65debcf4768cb673a7117 
Refreshing native plugins compatible for Editor in 2.51 ms, found 6 plugins.
Asset Pipeline Refresh (id=d86364919305c584b851b5774f4384a8): Total: 0.051 seconds - Initiated by StopAssetImportingV2(NoUpdateAssetOptions)
Start importing Assets/Art/Office/Placeholder/Posters/poster_dom_china_science.png using Guid(959ef3e78c510a542a614e342f0a4ce6) (TextureImporter) -> (Import Result ID: '7a2b203292665abfa10aac7b33194bd5') in 0.0064374 seconds [static and dynamic dependencies]. Details - ImportResultOutputID=450e294a3c265cdcd469bba6126d5270 DependenciesID=fba6c9142b5c241d0443606f68542771 StaticDependenciesID=e139272077800b5e374de5e8608b12f8 
Refreshing native plugins compatible for Editor in 2.41 ms, found 6 plugins.
Asset Pipeline Refresh (id=2097a73720d8a6140a36f962c2cc3a38): Total: 0.051 seconds - Initiated by StopAssetImportingV2(NoUpdateAssetOptions)
Start importing Assets/Art/Office/Placeholder/Posters/poster_dom_egypt_art.png using Guid(117ac18a552f294498c5df419f9795d7) (TextureImporter) -> (Import Result ID: 'ba31e3b9f7a6f6b1ef184443e49cb51d') in 0.0066484 seconds [static and dynamic dependencies]. Details - ImportResultOutputID=40c4788342823b4279d8927504fe2186 DependenciesID=4c4e1c2ca48008828c4a0e8b36f7d2c8 StaticDependenciesID=8d3ecb2966d4bb157b18bbe53ca3998d 
Refreshing native plugins compatible for Editor in 2.43 ms, found 6 plugins.
Asset Pipeline Refresh (id=d2939b1fcc93c044594f3614ce189181): Total: 0.051 seconds - Initiated by StopAssetImportingV2(NoUpdateAssetOptions)
Start importing Assets/Art/Office/Placeholder/Posters/poster_dom_egypt_democracy.png using Guid(4adbab9f0a4edbe4ca0ce518f8f90149) (TextureImporter) -> (Import Result ID: 'a5b1a8faefae2b2b4bf342922e7cbe33') in 0.0064944 seconds [static and dynamic dependencies]. Details - ImportResultOutputID=b7fd5e001a2712c1dc04cf6cb5e8c2ad DependenciesID=c847f6c6a3d664523c26813dc1693c1a StaticDependenciesID=f640b363fb1895ca9deeced8d4ff97cc 
Refreshing native plugins compatible for Editor in 2.51 ms, found 6 plugins.
Asset Pipeline Refresh (id=8862508e84612c9418bc7179eb4e422d): Total: 0.051 seconds - Initiated by StopAssetImportingV2(NoUpdateAssetOptions)
Start importing Assets/Art/Office/Placeholder/Posters/poster_dom_egypt_science.png using Guid(fb11d381fbd6c7d4094005487403d54a) (TextureImporter) -> (Import Result ID: '43c80146468950447b4acfa45be23609') in 0.0063927 seconds [static and dynamic dependencies]. Details - ImportResultOutputID=a63e43099ad7f781b7d8bed97a1ffd1f DependenciesID=7f8382ca71debdd5477afd07bedac3c7 StaticDependenciesID=81bb0e2a1a0397e4917421f9c36bcf1c 
Refreshing native plugins compatible for Editor in 2.41 ms, found 6 plugins.
Asset Pipeline Refresh (id=88aa24ac8077dfc4a8b440e0d8624b5e): Total: 0.052 seconds - Initiated by StopAssetImportingV2(NoUpdateAssetOptions)
Start importing Assets/Art/Office/Placeholder/Posters/poster_dom_germany_art.png using Guid(5dbe6416630180e4299fe91d25ca9b4b) (TextureImporter) -> (Import Result ID: 'c6d207fb0455d45ada847c0b60e62651') in 0.0078368 seconds [static and dynamic dependencies]. Details - ImportResultOutputID=ba0c2fd9e8f7935296cbf9904695c17d DependenciesID=74be105e71f9752472750d1bac456df7 StaticDependenciesID=0e82511385ee72a66116ab2f67dfefe6 
Refreshing native plugins compatible for Editor in 2.57 ms, found 6 plugins.
Asset Pipeline Refresh (id=ea0f60246347876409170acf06ae5e29): Total: 0.054 seconds - Initiated by StopAssetImportingV2(NoUpdateAssetOptions)
Start importing Assets/Art/Office/Placeholder/Posters/poster_dom_germany_democracy.png using Guid(446ebb3c254bbb54c800db34e4c6b642) (TextureImporter) -> (Import Result ID: '8e5f59508e905f716a6420e1863b5e8a') in 0.0065912 seconds [static and dynamic dependencies]. Details - ImportResultOutputID=73e877d8ca42e5fd6d4915e6b6efdc57 DependenciesID=910aaa8efcee06331b7e15a7fb969f97 StaticDependenciesID=5009c6def4417029be58922bebe6ff95 
Refreshing native plugins compatible for Editor in 2.54 ms, found 6 plugins.
Asset Pipeline Refresh (id=c2b2a6e979cf9324ea8ad862ccf92cc9): Total: 0.053 seconds - Initiated by StopAssetImportingV2(NoUpdateAssetOptions)
Start importing Assets/Art/Office/Placeholder/Posters/poster_dom_germany_science.png using Guid(b951e87678aa05b41a85109c16ba18cb) (TextureImporter) -> (Import Result ID: '400f335fbd38e740a096f4beeb9a3c45') in 0.0065679 seconds [static and dynamic dependencies]. Details - ImportResultOutputID=50a15f7a94c3a4b6294e6886cb0119f2 DependenciesID=b6e30db9e19683d848a9c3165466e8e3 StaticDependenciesID=7a229b5359aded37eebf1e8516e02e3b 
Refreshing native plugins compatible for Editor in 2.81 ms, found 6 plugins.
Asset Pipeline Refresh (id=eefd75b81e8241046a36ed68b7935d64): Total: 0.054 seconds - Initiated by StopAssetImportingV2(NoUpdateAssetOptions)
Start importing Assets/Art/Office/Placeholder/Posters/poster_dom_greece_art.png using Guid(789b1a11461d28e4a80401ca35f6fe65) (TextureImporter) -> (Import Result ID: '500345f30195e7e5168a5623bf4d98ed') in 0.0066324 seconds [static and dynamic dependencies]. Details - ImportResultOutputID=619eea4d96e01548b2e4afa7d90f79be DependenciesID=0832e9a20ff18d8712db4b7b2336b5ba StaticDependenciesID=23bbeba51b4c640f1e3d38a6f777b9fe 
Refreshing native plugins compatible for Editor in 2.59 ms, found 6 plugins.
Asset Pipeline Refresh (id=a617963d871ad1f408b1a4481b874859): Total: 0.054 seconds - Initiated by StopAssetImportingV2(NoUpdateAssetOptions)
Start importing Assets/Art/Office/Placeholder/Posters/poster_dom_greece_democracy.png using Guid(c298d582d6cd17c4b9b47a90790beb10) (TextureImporter) -> (Import Result ID: '598e3408aa8b5a631526645d492d547e') in 0.0065164 seconds [static and dynamic dependencies]. Details - ImportResultOutputID=5d97f3f06337fbf61bfff8db46d64e28 DependenciesID=b79b3d1d8f4b14125794e7bd1c68fa59 StaticDependenciesID=6a7fdf9be8d2b7dd4fd1d4dd5191b3fa 
Refreshing native plugins compatible for Editor in 2.57 ms, found 6 plugins.
Asset Pipeline Refresh (id=a1b9557ef4e2c3744abdb617ee0b8181): Total: 0.053 seconds - Initiated by StopAssetImportingV2(NoUpdateAssetOptions)
Start importing Assets/Art/Office/Placeholder/Posters/poster_dom_greece_science.png using Guid(d9629181e8ee4e840a783cb45ea4c7f4) (TextureImporter) -> (Import Result ID: '2ff81533c5434602ff6291b1ba890d1b') in 0.0067197 seconds [static and dynamic dependencies]. Details - ImportResultOutputID=883ee593c64192a991c28ec4b12deb18 DependenciesID=f94f384fa1c7dcf7757da546fdfbee1f StaticDependenciesID=01ee97affee0df488dd30c7cd289e11c 
Refreshing native plugins compatible for Editor in 2.57 ms, found 6 plugins.
Asset Pipeline Refresh (id=db0eb73fd74991247b909b0682b72130): Total: 0.053 seconds - Initiated by StopAssetImportingV2(NoUpdateAssetOptions)
Start importing Assets/Art/Office/Placeholder/Posters/poster_dom_iraq_art.png using Guid(d39dad3db4b001c4f98e5d8153128db2) (TextureImporter) -> (Import Result ID: '372bfb244289286c7fd73bcfb5df8f2b') in 0.0064646 seconds [static and dynamic dependencies]. Details - ImportResultOutputID=c845646b52a24341524cdf1de7268201 DependenciesID=7cdba46d7f33a45f709e325df112fb24 StaticDependenciesID=cff43f0d1984a7787227d0c54f03d672 
Refreshing native plugins compatible for Editor in 2.62 ms, found 6 plugins.
Asset Pipeline Refresh (id=f63a94d2f117f7947bf2281bddc30057): Total: 0.054 seconds - Initiated by StopAssetImportingV2(NoUpdateAssetOptions)
Start importing Assets/Art/Office/Placeholder/Posters/poster_dom_iraq_democracy.png using Guid(c1b30a5705d9c2548968d119bf899a36) (TextureImporter) -> (Import Result ID: '0f08e8593be466c3c832503a7ff250ea') in 0.0064761 seconds [static and dynamic dependencies]. Details - ImportResultOutputID=644a2720a401ba6b84da2d1f952d07f7 DependenciesID=0da50184fb587bea15e61ea43447432a StaticDependenciesID=f733a3c9fc97fa0d1df689faf0414620 
Refreshing native plugins compatible for Editor in 2.59 ms, found 6 plugins.
Asset Pipeline Refresh (id=e102662d4120645409b72aab0263a1d9): Total: 0.054 seconds - Initiated by StopAssetImportingV2(NoUpdateAssetOptions)
Start importing Assets/Art/Office/Placeholder/Posters/poster_dom_iraq_science.png using Guid(a4d84fb574404d940ab7c4d327c8004d) (TextureImporter) -> (Import Result ID: '17b46c10f390416c641048176baf27f7') in 0.0065953 seconds [static and dynamic dependencies]. Details - ImportResultOutputID=4477337e2acb96adcd7f6d44d4dca9f3 DependenciesID=87c43f003f3558c653693564b79a2266 StaticDependenciesID=a444ca8368ac32cc059ce3637bc86c98 
Refreshing native plugins compatible for Editor in 2.70 ms, found 6 plugins.
Asset Pipeline Refresh (id=2d49260050939134e93cb7346f2a0128): Total: 0.055 seconds - Initiated by StopAssetImportingV2(NoUpdateAssetOptions)
Start importing Assets/Art/Office/Placeholder/Posters/poster_dom_italy_art.png using Guid(f9caa35f4bdedc9479024739c5b3763c) (TextureImporter) -> (Import Result ID: '499d15cc6f26ef8b98d323b48ad41547') in 0.0064451 seconds [static and dynamic dependencies]. Details - ImportResultOutputID=744ea6f17d8c20e45ee67833829e23e3 DependenciesID=5de6cd9f8cf3634f3f7ad30f921717b8 StaticDependenciesID=b6081ef5c84bb65cde60a3cae92cf30d 
Refreshing native plugins compatible for Editor in 2.65 ms, found 6 plugins.
Asset Pipeline Refresh (id=187289b8891ec7842abb1c5cffdf7af7): Total: 0.055 seconds - Initiated by StopAssetImportingV2(NoUpdateAssetOptions)
Start importing Assets/Art/Office/Placeholder/Posters/poster_dom_italy_democracy.png using Guid(d866a42834cfcd54d8db7a92dc86938a) (TextureImporter) -> (Import Result ID: '5a62a0926723b7a9df7c4292dc6715c0') in 0.0065389 seconds [static and dynamic dependencies]. Details - ImportResultOutputID=dec04214c497744d53ef05b3c6a99251 DependenciesID=050a1dccf7c8cb40905531d08deec8b7 StaticDependenciesID=b709387bdde81f82501b06303791492e 
Refreshing native plugins compatible for Editor in 2.53 ms, found 6 plugins.
Asset Pipeline Refresh (id=ae540b280e863f047b05c88d5d357cbb): Total: 0.054 seconds - Initiated by StopAssetImportingV2(NoUpdateAssetOptions)
Start importing Assets/Art/Office/Placeholder/Posters/poster_dom_italy_science.png using Guid(42ed14df2f0d49b4e85d284f1e4405d6) (TextureImporter) -> (Import Result ID: '8aabe0a7ec1d92fecfe233faaadf82cd') in 0.0063418 seconds [static and dynamic dependencies]. Details - ImportResultOutputID=971a9bed6ec0e6644fa1029bb72d1766 DependenciesID=424148d66a0bff5c18037ebd92b319a6 StaticDependenciesID=f27bdb54350f0dcb8aa1fe89e15e9290 
Refreshing native plugins compatible for Editor in 2.69 ms, found 6 plugins.
Asset Pipeline Refresh (id=45ffd6eedc146b345b6f18596dd4168c): Total: 0.053 seconds - Initiated by StopAssetImportingV2(NoUpdateAssetOptions)
Start importing Assets/Art/Office/Placeholder/Posters/poster_dom_japan_art.png using Guid(978ae2c846052a24b8aa832b9fdbe0be) (TextureImporter) -> (Import Result ID: '18e07350fa1d44aab03cdc1e95ea2c33') in 0.0074565 seconds [static and dynamic dependencies]. Details - ImportResultOutputID=22ac76811e5e6aff80d0818c368d1810 DependenciesID=a44e6a49c546ab0bc86fd9e703eb6762 StaticDependenciesID=aa58dff16ce0923e8581d63e26b46527 
Refreshing native plugins compatible for Editor in 2.48 ms, found 6 plugins.
Asset Pipeline Refresh (id=f79688b5e3ee20d42a568e138eb3342e): Total: 0.053 seconds - Initiated by StopAssetImportingV2(NoUpdateAssetOptions)
Start importing Assets/Art/Office/Placeholder/Posters/poster_dom_japan_democracy.png using Guid(8e141b2f059302e4799491ad05254c21) (TextureImporter) -> (Import Result ID: '5563526d6e3b3943b77ebdc34f45a581') in 0.006476 seconds [static and dynamic dependencies]. Details - ImportResultOutputID=11b15a7997abb29b31f155e4979bc8e1 DependenciesID=e18f75f461a72d65a1df687f0c42063e StaticDependenciesID=77bf5ac6b37073db095d1f98d80ffff4 
Refreshing native plugins compatible for Editor in 2.74 ms, found 6 plugins.
Asset Pipeline Refresh (id=e50498bdd110fbd45b12378640ef1642): Total: 0.052 seconds - Initiated by StopAssetImportingV2(NoUpdateAssetOptions)
Start importing Assets/Art/Office/Placeholder/Posters/poster_dom_japan_science.png using Guid(2d0c0f6b1ffe0534d94f0d0407d514df) (TextureImporter) -> (Import Result ID: 'b2b3be9a6bb1d7ad1c40cec112af9a9b') in 0.0070665 seconds [static and dynamic dependencies]. Details - ImportResultOutputID=eedbc3ba0fbe2b16d08d588998f4c909 DependenciesID=c01f7054805396ae1e558ef658ae7d5a StaticDependenciesID=e0fa4724942b962230724098e66ac4f3 
Refreshing native plugins compatible for Editor in 2.62 ms, found 6 plugins.
Asset Pipeline Refresh (id=868be1b79fd371748ac09c1c387a08fe): Total: 0.054 seconds - Initiated by StopAssetImportingV2(NoUpdateAssetOptions)
Start importing Assets/Art/Office/Placeholder/Posters/poster_science_boom.png using Guid(6e01ff822ab290545ba91db3e51212d1) (TextureImporter) -> (Import Result ID: '4a3cc00c89649917c632b5375f6e66b7') in 0.0070359 seconds [static and dynamic dependencies]. Details - ImportResultOutputID=fab4605b7b57483102014395bf9e278a DependenciesID=bfe5fa16c766d4ce6e316b864a724425 StaticDependenciesID=dc8fcd520e9c1c64d98bd8706b5f9f82 
Refreshing native plugins compatible for Editor in 2.82 ms, found 6 plugins.
Asset Pipeline Refresh (id=e6620040069c5f44984651a2b397e7c5): Total: 0.054 seconds - Initiated by StopAssetImportingV2(NoUpdateAssetOptions)
Start importing Assets/Art/UI/Documents/Britain/Ancient/Britain_Ancient_border.png using Guid(2fb7c516d5bec8043863f323466c3ec8) (TextureImporter) -> (Import Result ID: '463b5767f99f2c6ca2efc62ce867c4cc') in 0.0203198 seconds [static and dynamic dependencies]. Details - ImportResultOutputID=19748e5899ef578ccf6a449fce1a0a45 DependenciesID=1e0c5f6a368ba6030785acae5bccad49 StaticDependenciesID=2cdaa164bae1f361d8b611bf43fb6b73 
Refreshing native plugins compatible for Editor in 2.47 ms, found 6 plugins.
Asset Pipeline Refresh (id=ed2a7ea407866894983f3304d53c3345): Total: 0.067 seconds - Initiated by StopAssetImportingV2(NoUpdateAssetOptions)
Start importing Assets/Art/UI/Documents/Britain/Ancient/Britain_Ancient_passport_stock.png using Guid(c6814a981a9976145aedd45da761d174) (TextureImporter) -> (Import Result ID: 'e09a4acb9a4746aec2f81f0bcd4dc7f1') in 0.0207562 seconds [static and dynamic dependencies]. Details - ImportResultOutputID=b3818f81fce2d3803088bf0b54fe5b85 DependenciesID=b98804faaf12f18f1c506b93711e5976 StaticDependenciesID=56c14d5d9331393350ab0f0d0a1a44ea 
Refreshing native plugins compatible for Editor in 2.42 ms, found 6 plugins.
Asset Pipeline Refresh (id=153620f3f9628fe4d9f538502652b3e0): Total: 0.066 seconds - Initiated by StopAssetImportingV2(NoUpdateAssetOptions)
Start importing Assets/Art/UI/Documents/Britain/Ancient/Britain_Ancient_permit_stock.png using Guid(7be119cc1290fba4e8316c37b98aa114) (TextureImporter) -> (Import Result ID: 'c9e80ea6f7f0713e6af25ff3b87c926c') in 0.0206053 seconds [static and dynamic dependencies]. Details - ImportResultOutputID=bb13e46d07767c831cb223ee26498005 DependenciesID=be40b033f7ff222b5e4026665b239baa StaticDependenciesID=baf18975da095f946ef5d93dff763790 
Refreshing native plugins compatible for Editor in 2.52 ms, found 6 plugins.
Asset Pipeline Refresh (id=5142c0216a1b46d49bef4da123f4a99d): Total: 0.066 seconds - Initiated by StopAssetImportingV2(NoUpdateAssetOptions)
Start importing Assets/Art/UI/Documents/Britain/Ancient/Britain_Ancient_seal.png using Guid(2939fd8a4a45bc946812bbf585a0b441) (TextureImporter) -> (Import Result ID: '1fd7299550c57cc620f5c85ee8051118') in 0.006406 seconds [static and dynamic dependencies]. Details - ImportResultOutputID=044cd86d94162737aaa5151cb648cd76 DependenciesID=84475570d816f84dc486dc1bacd88446 StaticDependenciesID=1b0895e00492f8e36ca72b7fbe79b073 
Refreshing native plugins compatible for Editor in 2.56 ms, found 6 plugins.
Asset Pipeline Refresh (id=f3467528c6191274cbc43ccaeb3b19ea): Total: 0.053 seconds - Initiated by StopAssetImportingV2(NoUpdateAssetOptions)
Start importing Assets/Art/UI/Documents/Britain/Future/Britain_Future_border.png using Guid(0060b051bc24bc34a8cfe33cff5f48c5) (TextureImporter) -> (Import Result ID: 'ddd8713d5685de4a91a3e8bcd54549ba') in 0.0201758 seconds [static and dynamic dependencies]. Details - ImportResultOutputID=72dfa6a1b7bdd9ffafbed8ff458c27a6 DependenciesID=a479682ef43ad6517aed92d50dcbccf6 StaticDependenciesID=c3076b1d661ab474b7b3c5ef1ab95224 
Refreshing native plugins compatible for Editor in 2.57 ms, found 6 plugins.
Asset Pipeline Refresh (id=96fdd3c9d8ffb0b42be289993eddf44e): Total: 0.069 seconds - Initiated by StopAssetImportingV2(NoUpdateAssetOptions)
Start importing Assets/Art/UI/Documents/Britain/Future/Britain_Future_passport_stock.png using Guid(ab4c9f2dda6f44843b5e722a4f8e4887) (TextureImporter) -> (Import Result ID: 'c8a0d427cdfccc76f2e44fcd0d00d09a') in 0.0214264 seconds [static and dynamic dependencies]. Details - ImportResultOutputID=321ac1e2d5213a29303374c7ef06b44f DependenciesID=a30c9573ba44bc7bdcbcb49d1d0bd571 StaticDependenciesID=e146f70de8df916e9d5d4312ae73c0b3 
Refreshing native plugins compatible for Editor in 2.56 ms, found 6 plugins.
Asset Pipeline Refresh (id=e60e1d0b6be01744abee8cc707972d69): Total: 0.070 seconds - Initiated by StopAssetImportingV2(NoUpdateAssetOptions)
Start importing Assets/Art/UI/Documents/Britain/Future/Britain_Future_permit_stock.png using Guid(b2e88964bd3446f47a2031a8ceff5188) (TextureImporter) -> (Import Result ID: 'f4e47f351e75cfa4c077a0db8be6222f') in 0.0208464 seconds [static and dynamic dependencies]. Details - ImportResultOutputID=1af0f1de1dd502d80d0e707a9fd69a82 DependenciesID=46427a336a5593d0bc46a14507d694c7 StaticDependenciesID=3bdd57050758bbbe17287072a5066438 
Refreshing native plugins compatible for Editor in 2.59 ms, found 6 plugins.
Asset Pipeline Refresh (id=4d93295cd74063142b3e2a52085c74e1): Total: 0.067 seconds - Initiated by StopAssetImportingV2(NoUpdateAssetOptions)
Start importing Assets/Art/UI/Documents/Britain/Future/Britain_Future_seal.png using Guid(935b619061abb884597a43a4a4370412) (TextureImporter) -> (Import Result ID: '2bb24fa307f6a06fa15395c9bfc1c0ca') in 0.005478 seconds [static and dynamic dependencies]. Details - ImportResultOutputID=5849f997057dfb42708fc97919681850 DependenciesID=6ddea2b59998a793cc68b3e3408d1f63 StaticDependenciesID=15c30cc8212ddc74fd24a0d986324dd5 
Refreshing native plugins compatible for Editor in 2.53 ms, found 6 plugins.
Asset Pipeline Refresh (id=1a411c2994b841b4bbb4771f5b5b00e0): Total: 0.052 seconds - Initiated by StopAssetImportingV2(NoUpdateAssetOptions)
Start importing Assets/Art/UI/Documents/Britain/Modern/Britain_Modern_border.png using Guid(1e6367162202f284eb85c1df2df1827c) (TextureImporter) -> (Import Result ID: 'd407d618c8d157948eef57ad5d52c129') in 0.0190253 seconds [static and dynamic dependencies]. Details - ImportResultOutputID=aa83ed8ad639e4409ec6a4e59e550b31 DependenciesID=4c8f5d96e1c81af09d99e226b4a3a9a2 StaticDependenciesID=5c0e832bd8697bd284252a298153c0eb 
Refreshing native plugins compatible for Editor in 2.77 ms, found 6 plugins.
Asset Pipeline Refresh (id=4caa94f4dd34ea444b6f8d8a02f7d6f4): Total: 0.066 seconds - Initiated by StopAssetImportingV2(NoUpdateAssetOptions)
Start importing Assets/Art/UI/Documents/Britain/Modern/Britain_Modern_passport_stock.png using Guid(cc6db574abd1a7848b735ac8317efeb8) (TextureImporter) -> (Import Result ID: '919adeaa05503acf1f15a31d6f157393') in 0.0212323 seconds [static and dynamic dependencies]. Details - ImportResultOutputID=6ab0cd4b2f316655727652cdfc484741 DependenciesID=b86b92eeb095f50965addefb8e4dfc7a StaticDependenciesID=57705079351a24fe4f9460c7ae60193d 
Refreshing native plugins compatible for Editor in 2.70 ms, found 6 plugins.
Asset Pipeline Refresh (id=1652c64ee8083ae4ea94aa4719960145): Total: 0.068 seconds - Initiated by StopAssetImportingV2(NoUpdateAssetOptions)
Start importing Assets/Art/UI/Documents/Britain/Modern/Britain_Modern_permit_stock.png using Guid(7c22a0bcb173b324f9b0916635fc729f) (TextureImporter) -> (Import Result ID: '6533fb551557fe6dfc2b188a6c557ca6') in 0.0209414 seconds [static and dynamic dependencies]. Details - ImportResultOutputID=6ecdf74982be5c5eb3ef93e0f64a4e31 DependenciesID=02b04953ceedc264c6c4f95f77f6e72a StaticDependenciesID=56e5ce4378adda87d736d77a54233ab0 
Refreshing native plugins compatible for Editor in 2.62 ms, found 6 plugins.
Asset Pipeline Refresh (id=650fb086fc6cdbb449fb0b489183911c): Total: 0.068 seconds - Initiated by StopAssetImportingV2(NoUpdateAssetOptions)
Start importing Assets/Art/UI/Documents/Britain/Modern/Britain_Modern_seal.png using Guid(9872c717ce8b61d4d81fbad7f14df386) (TextureImporter) -> (Import Result ID: 'a4fb3c98fa617b8c6befd78ff62daa67') in 0.0054842 seconds [static and dynamic dependencies]. Details - ImportResultOutputID=f65ad8e3a6f80291b0dc4155d3a1694e DependenciesID=e1cb58d6661e7f7aa4bbe6120c100c21 StaticDependenciesID=f07bf9baf2e1abd028a684571f3530b5 
Refreshing native plugins compatible for Editor in 2.69 ms, found 6 plugins.
Asset Pipeline Refresh (id=06b94a78e48caf74bb67cdff68aed517): Total: 0.052 seconds - Initiated by StopAssetImportingV2(NoUpdateAssetOptions)
Start importing Assets/Art/UI/Documents/Britain/Old/Britain_Old_border.png using Guid(72c888bc3ae25ce46bbfb47a577a3174) (TextureImporter) -> (Import Result ID: '048e96af30b511c3d2ffcf37773e4793') in 0.0186625 seconds [static and dynamic dependencies]. Details - ImportResultOutputID=c8ec6a265abfe5a4228276c4f24929f1 DependenciesID=898c0ab10042a7f4e4eafb0e3121b1dd StaticDependenciesID=3a0de311dcfcf58086a435db688e94cb 
Refreshing native plugins compatible for Editor in 2.60 ms, found 6 plugins.
Asset Pipeline Refresh (id=56bd2f09282291c428880c852a1838d3): Total: 0.066 seconds - Initiated by StopAssetImportingV2(NoUpdateAssetOptions)
Start importing Assets/Art/UI/Documents/Britain/Old/Britain_Old_passport_stock.png using Guid(877167c20c0b1d548b4dc6d09f95c01a) (TextureImporter) -> (Import Result ID: 'b62fbda1d1710ac3c6a1a7eb62aa2b0c') in 0.0210386 seconds [static and dynamic dependencies]. Details - ImportResultOutputID=164328fe18a6b0f6b7eca5496e833b3f DependenciesID=84d75edba7a5ee17ffe706a6dca1026e StaticDependenciesID=d05234b01aedbfb1bad39a83a70c8f58 
Refreshing native plugins compatible for Editor in 2.63 ms, found 6 plugins.
Asset Pipeline Refresh (id=8fa6b1f4bcc2a804c989edff02870428): Total: 0.068 seconds - Initiated by StopAssetImportingV2(NoUpdateAssetOptions)
Start importing Assets/Art/UI/Documents/Britain/Old/Britain_Old_permit_stock.png using Guid(87f4e858fb602ed43b25af68c11d9e68) (TextureImporter) -> (Import Result ID: '07375328c902b6009457b921fa69e4e9') in 0.0210711 seconds [static and dynamic dependencies]. Details - ImportResultOutputID=b07075dc019c949ca584db84097835b2 DependenciesID=9533ea2f86426b3d4a59657bcfbd3dba StaticDependenciesID=9960e267ded703ec7a615f9862fce2d0 
Refreshing native plugins compatible for Editor in 2.56 ms, found 6 plugins.
Asset Pipeline Refresh (id=f836e657a66b72f41a1f6b02bb56f0e5): Total: 0.070 seconds - Initiated by StopAssetImportingV2(NoUpdateAssetOptions)
Start importing Assets/Art/UI/Documents/Britain/Old/Britain_Old_seal.png using Guid(88c654a6a7a791145ae348496513ef29) (TextureImporter) -> (Import Result ID: '5c9959fb7e610da9593ca057cfca053a') in 0.005232 seconds [static and dynamic dependencies]. Details - ImportResultOutputID=0758f674b61f577eb60a9818dc22b641 DependenciesID=978d701d0aaebbdc577f8e340645e23e StaticDependenciesID=a06d48c70c6eaf3b5a3150e768b2fb6f 
Refreshing native plugins compatible for Editor in 2.57 ms, found 6 plugins.
Asset Pipeline Refresh (id=6557c42d5ff1a3d41bf22a04c3373149): Total: 0.052 seconds - Initiated by StopAssetImportingV2(NoUpdateAssetOptions)
Start importing Assets/Art/UI/Documents/China/Ancient/China_Ancient_border.png using Guid(12bd7a48d9fa7aa4c9428f674f9bf1fe) (TextureImporter) -> (Import Result ID: 'f8ebd92406d9563eef9f8f86adc6183f') in 0.0199964 seconds [static and dynamic dependencies]. Details - ImportResultOutputID=49488745f39d6a189b70f39afb3c5abb DependenciesID=1456c691b138ffae11fe8f7e770dbb72 StaticDependenciesID=e086bd15424615be968270af36071411 
Refreshing native plugins compatible for Editor in 2.60 ms, found 6 plugins.
Asset Pipeline Refresh (id=c9f59e9e5a2aab9479d7a6d91788c480): Total: 0.070 seconds - Initiated by StopAssetImportingV2(NoUpdateAssetOptions)
Start importing Assets/Art/UI/Documents/China/Ancient/China_Ancient_passport_stock.png using Guid(d4c2a5fc571ddda4a983056a6b53e125) (TextureImporter) -> (Import Result ID: 'f086e7601d1df063e4d47dc2c8bf34fb') in 0.0212796 seconds [static and dynamic dependencies]. Details - ImportResultOutputID=5845375e3792b0f2b94eda0baaf51588 DependenciesID=f3ad2d482bb3314cdbbffa7e09565281 StaticDependenciesID=73cf9ab2d95b1ab00cff9024aa1736e7 
Refreshing native plugins compatible for Editor in 2.63 ms, found 6 plugins.
Asset Pipeline Refresh (id=f350b065c4ef88c4ab4925da3446b9c6): Total: 0.069 seconds - Initiated by StopAssetImportingV2(NoUpdateAssetOptions)
Start importing Assets/Art/UI/Documents/China/Ancient/China_Ancient_permit_stock.png using Guid(da6e2366b1e271240887486ff4ec3984) (TextureImporter) -> (Import Result ID: '239a1fe562de4849ec1f602b04db8509') in 0.0208562 seconds [static and dynamic dependencies]. Details - ImportResultOutputID=6911263a7a2ef96af7130b1b9e688edf DependenciesID=299f5193302013cf2ccd87811f7bcfb7 StaticDependenciesID=b030ced59dda5ca6e31bd9965e10a2bc 
Refreshing native plugins compatible for Editor in 2.49 ms, found 6 plugins.
Asset Pipeline Refresh (id=bf92bbdd5bf635d4ba4b5b072dcb646c): Total: 0.067 seconds - Initiated by StopAssetImportingV2(NoUpdateAssetOptions)
Start importing Assets/Art/UI/Documents/China/Ancient/China_Ancient_seal.png using Guid(eed36c43424559848bb6f5505716048b) (TextureImporter) -> (Import Result ID: '3a545a51898bfc7f8468803d2f395b99') in 0.0056606 seconds [static and dynamic dependencies]. Details - ImportResultOutputID=4fb467620296adfe1266936d3618a96d DependenciesID=f7e06887233d02e013d4f4af067118d6 StaticDependenciesID=93ea395bc5985c7e81b901f8f76d20ee 
Refreshing native plugins compatible for Editor in 2.54 ms, found 6 plugins.
Asset Pipeline Refresh (id=8f523ef5f5eace843b743942142d5dd0): Total: 0.052 seconds - Initiated by StopAssetImportingV2(NoUpdateAssetOptions)
Start importing Assets/Art/UI/Documents/China/Future/China_Future_border.png using Guid(c3da07c94ccd0564d89e240054e691a1) (TextureImporter) -> (Import Result ID: '688b05b2ad24fe5c8c50dc87443f69fd') in 0.0203486 seconds [static and dynamic dependencies]. Details - ImportResultOutputID=f69f29c3c06de3933934c91caa887788 DependenciesID=9a323ef3f445ff1f20ca3d1a8f2a86ea StaticDependenciesID=fa80044b568114ef5ca95223067f2bdf 
Refreshing native plugins compatible for Editor in 2.57 ms, found 6 plugins.
Asset Pipeline Refresh (id=673997bc22f9cf642950db1b37372bb4): Total: 0.068 seconds - Initiated by StopAssetImportingV2(NoUpdateAssetOptions)
Start importing Assets/Art/UI/Documents/China/Future/China_Future_passport_stock.png using Guid(a46dca8e97017ef4cbbef95b821f2b71) (TextureImporter) -> (Import Result ID: '1b4489925ac8882d0780c61cf7380e4a') in 0.0216707 seconds [static and dynamic dependencies]. Details - ImportResultOutputID=cb7a62b349e4cacb4f2da1ff69629c6c DependenciesID=751f07d5deb05250aa330dae36b12eba StaticDependenciesID=20c676d4ec56cb9e760c778b6b8166eb 
Refreshing native plugins compatible for Editor in 2.49 ms, found 6 plugins.
Asset Pipeline Refresh (id=eadf2c5a25b415e4489b180875015157): Total: 0.068 seconds - Initiated by StopAssetImportingV2(NoUpdateAssetOptions)
Start importing Assets/Art/UI/Documents/China/Future/China_Future_permit_stock.png using Guid(601bf41e037a57e4abd9f5015fb33f25) (TextureImporter) -> (Import Result ID: 'e16861aa5192da01b8401d4efecc5eca') in 0.0211708 seconds [static and dynamic dependencies]. Details - ImportResultOutputID=69d2c902941a42d422ff838f77f253e1 DependenciesID=1ce3e9f0b9a45255c001ae864e5ff092 StaticDependenciesID=e78dc9451c7f3cb399bc90a631fee97a 
Refreshing native plugins compatible for Editor in 2.58 ms, found 6 plugins.
Asset Pipeline Refresh (id=364cdaeb32e0c4343bfe3cb8b0e02c04): Total: 0.068 seconds - Initiated by StopAssetImportingV2(NoUpdateAssetOptions)
Start importing Assets/Art/UI/Documents/China/Future/China_Future_seal.png using Guid(e350269432be90748b5bbf91680bb5d3) (TextureImporter) -> (Import Result ID: '6369eb2cb80db6520944bffc27914e84') in 0.0067686 seconds [static and dynamic dependencies]. Details - ImportResultOutputID=c1bdc7bbfd444159afc1fb9978eaf095 DependenciesID=69638ba4072fb69b4e282955c5cc1da8 StaticDependenciesID=68881cd819957314e49ad88824385950 
Refreshing native plugins compatible for Editor in 2.56 ms, found 6 plugins.
Asset Pipeline Refresh (id=af5e8a8303e00874687cd0c76b0c1c70): Total: 0.053 seconds - Initiated by StopAssetImportingV2(NoUpdateAssetOptions)
Start importing Assets/Art/UI/Documents/China/Modern/China_Modern_border.png using Guid(54a7311b642adf146858bf71525a5ace) (TextureImporter) -> (Import Result ID: '9aed5e0421511cff0af86d047e70e7cd') in 0.0185299 seconds [static and dynamic dependencies]. Details - ImportResultOutputID=c470ae46181ec31398f1d45be6272cd2 DependenciesID=30217f1bb42000e5ebae983aa8561070 StaticDependenciesID=1d95f8258fdb958e1e62e3bd98415f10 
Refreshing native plugins compatible for Editor in 2.51 ms, found 6 plugins.
Asset Pipeline Refresh (id=f17ba8d0e3ccc9e4985d8d823c516ed3): Total: 0.065 seconds - Initiated by StopAssetImportingV2(NoUpdateAssetOptions)
Start importing Assets/Art/UI/Documents/China/Modern/China_Modern_passport_stock.png using Guid(3381426077fb072409cd63a243681f40) (TextureImporter) -> (Import Result ID: '1ebc06351dac65f79e0a4e26d4a84ad7') in 0.0213068 seconds [static and dynamic dependencies]. Details - ImportResultOutputID=1a10c772d4a0ca5102e5229dcb36368b DependenciesID=9253e78cdb85dea6d03d1ba1714a284e StaticDependenciesID=3095f44fcd3237baeaba122830c53c9c 
Refreshing native plugins compatible for Editor in 2.55 ms, found 6 plugins.
Asset Pipeline Refresh (id=04f8a50992569304db6456cda3d1ae4a): Total: 0.067 seconds - Initiated by StopAssetImportingV2(NoUpdateAssetOptions)
Start importing Assets/Art/UI/Documents/China/Modern/China_Modern_permit_stock.png using Guid(a462c92654ecc3c4ea3a8d68d66a7c76) (TextureImporter) -> (Import Result ID: '7ff522bf5ae00b8e29b4bbbdbb096c57') in 0.0213867 seconds [static and dynamic dependencies]. Details - ImportResultOutputID=209cd066be9aaa0953f1deedbe5a2b7c DependenciesID=eef360fe2d98056b61756a1e329b5091 StaticDependenciesID=6f02b2487171661b5efabab936654adf 
Refreshing native plugins compatible for Editor in 2.50 ms, found 6 plugins.
Asset Pipeline Refresh (id=7ff8a4a0f84928048b4fcd7d5f30de8a): Total: 0.067 seconds - Initiated by StopAssetImportingV2(NoUpdateAssetOptions)
Start importing Assets/Art/UI/Documents/China/Modern/China_Modern_seal.png using Guid(b596cc9b9a191a54788254559085022b) (TextureImporter) -> (Import Result ID: 'cce2ad2cf79155466077e8fa3bc16d86') in 0.0052608 seconds [static and dynamic dependencies]. Details - ImportResultOutputID=51ae5ee3ab1a0e590aa0fe82b96ba27f DependenciesID=4f00e7423f472b25739e63e30d48f049 StaticDependenciesID=c8e50c5139674abc0955d0a07af83059 
Refreshing native plugins compatible for Editor in 2.56 ms, found 6 plugins.
Asset Pipeline Refresh (id=d0ca0d0de1f3cdb41a93606d5ad8c3cb): Total: 0.051 seconds - Initiated by StopAssetImportingV2(NoUpdateAssetOptions)
Start importing Assets/Art/UI/Documents/China/Old/China_Old_border.png using Guid(52f04271997a80e448eb6e21685ab9bf) (TextureImporter) -> (Import Result ID: '0fc20c0d65644f07d2a0e2187b01eddc') in 0.0193105 seconds [static and dynamic dependencies]. Details - ImportResultOutputID=7c30e76bc7a8c67f1c087b415932160b DependenciesID=e8ac004583ea1d5f8cc81eb9763ad303 StaticDependenciesID=4d332020ad899c6bfe2284daf0a1e0b0 
Refreshing native plugins compatible for Editor in 2.50 ms, found 6 plugins.
Asset Pipeline Refresh (id=10acb07cef08d674dadab6837afcdb90): Total: 0.065 seconds - Initiated by StopAssetImportingV2(NoUpdateAssetOptions)
Start importing Assets/Art/UI/Documents/China/Old/China_Old_passport_stock.png using Guid(81393307bb1d43844845e3d4a2f73386) (TextureImporter) -> (Import Result ID: '235286bf8dea96e16baeb58287eea35b') in 0.0210781 seconds [static and dynamic dependencies]. Details - ImportResultOutputID=306e2d89dcab7421533ff4617f3a7220 DependenciesID=06511178f95ee76662dd912ce01070b0 StaticDependenciesID=de18d5cef22b80940bb169f80b943dd3 
Refreshing native plugins compatible for Editor in 2.89 ms, found 6 plugins.
Asset Pipeline Refresh (id=af93e8ba57e0dc440a623698e4cd3b1e): Total: 0.067 seconds - Initiated by StopAssetImportingV2(NoUpdateAssetOptions)
Start importing Assets/Art/UI/Documents/China/Old/China_Old_permit_stock.png using Guid(23e6e95b55f8a3043a1893922f1dc3d8) (TextureImporter) -> (Import Result ID: 'e3e80e56b24e401e23351cbd9ce71835') in 0.021078 seconds [static and dynamic dependencies]. Details - ImportResultOutputID=0d8bee8727cf95bf691c63f0387a505d DependenciesID=210e158b92868a900272d79cc2b5ba41 StaticDependenciesID=b374485c064bbbdfad998d069981a0ac 
Refreshing native plugins compatible for Editor in 2.44 ms, found 6 plugins.
Asset Pipeline Refresh (id=dbf0937bcc4f78043a4b47572efedebd): Total: 0.065 seconds - Initiated by StopAssetImportingV2(NoUpdateAssetOptions)
Start importing Assets/Art/UI/Documents/China/Old/China_Old_seal.png using Guid(dec64c8869d2c634dba8e3b65206f988) (TextureImporter) -> (Import Result ID: '4dbac4602e3446ae211300e0718a756d') in 0.0055555 seconds [static and dynamic dependencies]. Details - ImportResultOutputID=6d60df67acf03db109e3c7ae72adc199 DependenciesID=35939ff05b3af98965a6568d318a83a3 StaticDependenciesID=e2baa530d304ed230d081b6295dfc3ae 
Refreshing native plugins compatible for Editor in 2.92 ms, found 6 plugins.
Asset Pipeline Refresh (id=1ea8e93aa9c261e43914416325695723): Total: 0.052 seconds - Initiated by StopAssetImportingV2(NoUpdateAssetOptions)
Start importing Assets/Art/UI/Documents/Egypt/Ancient/Egypt_Ancient_border.png using Guid(55d94feabcdaaa94d9d79cd117f18f64) (TextureImporter) -> (Import Result ID: '168ebe1d215ad2d6ed15a225d0c4fa70') in 0.0202179 seconds [static and dynamic dependencies]. Details - ImportResultOutputID=def1a6dbfb4854dcd1914613787c2ed9 DependenciesID=fb194dbcaedd2945dc5736eb157ca7e9 StaticDependenciesID=45cfa0d267888dca3a0ba9a8bdc89e6c 
Refreshing native plugins compatible for Editor in 2.46 ms, found 6 plugins.
Asset Pipeline Refresh (id=cb16cbf13d3ced746861a69acf80c893): Total: 0.067 seconds - Initiated by StopAssetImportingV2(NoUpdateAssetOptions)
Start importing Assets/Art/UI/Documents/Egypt/Ancient/Egypt_Ancient_passport_stock.png using Guid(f705033db854c164b8e324feb9c6bc09) (TextureImporter) -> (Import Result ID: 'b9924ded90c6703496d1ef8d74e81810') in 0.0212744 seconds [static and dynamic dependencies]. Details - ImportResultOutputID=19fdd5a28034c6a100f1d97bfd5bf14c DependenciesID=f9c5d29e045ad4a04de09c92b2670dc1 StaticDependenciesID=dae271353150e4809b576aaf33afbacb 
Refreshing native plugins compatible for Editor in 2.48 ms, found 6 plugins.
Asset Pipeline Refresh (id=a1a61fa15b32a394ab34664ecb5e5ba3): Total: 0.067 seconds - Initiated by StopAssetImportingV2(NoUpdateAssetOptions)
Start importing Assets/Art/UI/Documents/Egypt/Ancient/Egypt_Ancient_permit_stock.png using Guid(7854dd3fda5bb0e4585433830b4e7e80) (TextureImporter) -> (Import Result ID: 'c8944dd6b8b125a6f67cdd6f8576bd67') in 0.02144 seconds [static and dynamic dependencies]. Details - ImportResultOutputID=57dac966aba7244152bb6588e5d44041 DependenciesID=17dfb62c312762c131f736bd1a01e745 StaticDependenciesID=723e7e6ba2dd7cfc00115b90701db144 
Refreshing native plugins compatible for Editor in 2.64 ms, found 6 plugins.
Asset Pipeline Refresh (id=b573460f57c4aab4e8158d8267b7d7e5): Total: 0.069 seconds - Initiated by StopAssetImportingV2(NoUpdateAssetOptions)
Start importing Assets/Art/UI/Documents/Egypt/Ancient/Egypt_Ancient_seal.png using Guid(42ba1e4f11afd5e47b3abd6bcadd0829) (TextureImporter) -> (Import Result ID: 'd7f1395f28f5f8ad354e630e2d7ea690') in 0.005336 seconds [static and dynamic dependencies]. Details - ImportResultOutputID=ab1a6498e3c840bd4adedc3f78ef56ad DependenciesID=556f7477182c47813587a6bb508db201 StaticDependenciesID=81b9b93aa94b0f83a963292faefd6e6c 
Refreshing native plugins compatible for Editor in 2.92 ms, found 6 plugins.
Asset Pipeline Refresh (id=b6a083ad728304049807228187e48978): Total: 0.053 seconds - Initiated by StopAssetImportingV2(NoUpdateAssetOptions)
Start importing Assets/Art/UI/Documents/Egypt/Future/Egypt_Future_border.png using Guid(5cbe7bde43aaf4b4abecf7025dc3f376) (TextureImporter) -> (Import Result ID: 'f8cf9a03ca27c4b840672e4488712be3') in 0.0202532 seconds [static and dynamic dependencies]. Details - ImportResultOutputID=1479ffe1899e0b3c89fea8ef8dee6c7c DependenciesID=41407bca267e05e29fecde403c44fa3d StaticDependenciesID=f0f8066c1bb185a5721dc43130f8e5a0 
Refreshing native plugins compatible for Editor in 2.60 ms, found 6 plugins.
Asset Pipeline Refresh (id=73a252d661711914cb1124105e71427e): Total: 0.066 seconds - Initiated by StopAssetImportingV2(NoUpdateAssetOptions)
Start importing Assets/Art/UI/Documents/Egypt/Future/Egypt_Future_passport_stock.png using Guid(dbaea196a17ca694d8d305be7a5344a1) (TextureImporter) -> (Import Result ID: '48bcf562331fcfe3584e1b662b52b2da') in 0.022336 seconds [static and dynamic dependencies]. Details - ImportResultOutputID=5fb23a0bf0f7e8762571108ab15376fe DependenciesID=60f63389aad747614944231ab36a8fdc StaticDependenciesID=6c69bc68690df52bdb570bbaf17ed277 
Refreshing native plugins compatible for Editor in 2.52 ms, found 6 plugins.
Asset Pipeline Refresh (id=9fde87d2cb824e145a6ce61c3867ec49): Total: 0.069 seconds - Initiated by StopAssetImportingV2(NoUpdateAssetOptions)
Start importing Assets/Art/UI/Documents/Egypt/Future/Egypt_Future_permit_stock.png using Guid(b05995232c9824f4eb624ee0649bfa08) (TextureImporter) -> (Import Result ID: 'b165978ad94d5939d312aff41b2cfa0e') in 0.0213777 seconds [static and dynamic dependencies]. Details - ImportResultOutputID=487512b10904a1da1887b6d924974e22 DependenciesID=d1bf4eca4c8e2144427317fd4647aab1 StaticDependenciesID=4129245e60869adc8aa183cdb1f9fad6 
Refreshing native plugins compatible for Editor in 2.57 ms, found 6 plugins.
Asset Pipeline Refresh (id=722866d866a05814cbb0df9c00c4e2d2): Total: 0.069 seconds - Initiated by StopAssetImportingV2(NoUpdateAssetOptions)
Start importing Assets/Art/UI/Documents/Egypt/Future/Egypt_Future_seal.png using Guid(d917e78fc2ddfa44bb38045fd7c839f1) (TextureImporter) -> (Import Result ID: '0477904613c70cea6221afea145b5e3f') in 0.006556 seconds [static and dynamic dependencies]. Details - ImportResultOutputID=45f27edd6a2615ddeb820a11f2f800e3 DependenciesID=6eb78616c1f004c1a5e49d79ec5c22da StaticDependenciesID=59ead8728b05cd2ff07cbd04cfb46573 
Refreshing native plugins compatible for Editor in 2.64 ms, found 6 plugins.
Asset Pipeline Refresh (id=7674d971f94cad64db4401729da09ef2): Total: 0.054 seconds - Initiated by StopAssetImportingV2(NoUpdateAssetOptions)
Start importing Assets/Art/UI/Documents/Egypt/Modern/Egypt_Modern_border.png using Guid(84dd8d5212d95814e97838e3dd65919e) (TextureImporter) -> (Import Result ID: '0c283cbb67ce0516aab9bd247be124e2') in 0.0189559 seconds [static and dynamic dependencies]. Details - ImportResultOutputID=87b6d4f6869aefabceaa66b94bc6b495 DependenciesID=52e9f1fd7935eb66a83beb93223e54d0 StaticDependenciesID=77ea5e4fbcf421d8926671e0ff7832c7 
Refreshing native plugins compatible for Editor in 2.48 ms, found 6 plugins.
Asset Pipeline Refresh (id=629630940d46b4e49a97c603cdb976b2): Total: 0.066 seconds - Initiated by StopAssetImportingV2(NoUpdateAssetOptions)
Start importing Assets/Art/UI/Documents/Egypt/Modern/Egypt_Modern_passport_stock.png using Guid(ceb4d526a83c5854f8bf575848a7f7be) (TextureImporter) -> (Import Result ID: '7767af7e3635e7c261ff9316e44add9c') in 0.0215025 seconds [static and dynamic dependencies]. Details - ImportResultOutputID=27124a47df4b424660544bd8232ac5b5 DependenciesID=9b62575eaf2b79f60728e4865de6a22a StaticDependenciesID=96adb4398b2d9d74306601a20e208e2b 
Refreshing native plugins compatible for Editor in 2.48 ms, found 6 plugins.
Asset Pipeline Refresh (id=b4e6e55f12baeb74989572a96c5e1948): Total: 0.069 seconds - Initiated by StopAssetImportingV2(NoUpdateAssetOptions)
Start importing Assets/Art/UI/Documents/Egypt/Modern/Egypt_Modern_permit_stock.png using Guid(a3f2eaa181ff10144bfe5ae50a13bf76) (TextureImporter) -> (Import Result ID: 'bbe88657276b8b6db1477e861782645b') in 0.0214762 seconds [static and dynamic dependencies]. Details - ImportResultOutputID=cd5a5f6fc9724eff2951ed64f04db127 DependenciesID=15efd1a88888912f133491e7021ed693 StaticDependenciesID=b9f64cf1f1d056c4a5b9f5a517a795a7 
Refreshing native plugins compatible for Editor in 2.49 ms, found 6 plugins.
Asset Pipeline Refresh (id=f189ded5f36d0c0458090542773eb5f8): Total: 0.066 seconds - Initiated by StopAssetImportingV2(NoUpdateAssetOptions)
Start importing Assets/Art/UI/Documents/Egypt/Modern/Egypt_Modern_seal.png using Guid(b54e7de645aab844e9815d88089967b8) (TextureImporter) -> (Import Result ID: '6fe454d7a1a6bba23c35253198ac0bf7') in 0.0052475 seconds [static and dynamic dependencies]. Details - ImportResultOutputID=c612fc413d78070aea55d849a2dec36e DependenciesID=861ac543b48ad21ac72d867886263948 StaticDependenciesID=67649dbea1f8c4a073d56a8916e4e3e6 
Refreshing native plugins compatible for Editor in 2.46 ms, found 6 plugins.
Asset Pipeline Refresh (id=a5dca71637a7f324e8a2e27f8a27e1af): Total: 0.051 seconds - Initiated by StopAssetImportingV2(NoUpdateAssetOptions)
Start importing Assets/Art/UI/Documents/Egypt/Old/Egypt_Old_border.png using Guid(ba3082d1717561c4a9845a20fca40233) (TextureImporter) -> (Import Result ID: 'd95137830949755bae494a49ef843d3d') in 0.0192559 seconds [static and dynamic dependencies]. Details - ImportResultOutputID=3e931999a5a5d180b91b86cd991ef7fd DependenciesID=08a09e030054d4c617313d108cbd1209 StaticDependenciesID=f0352d372de9ba3946083d180ba90954 
Refreshing native plugins compatible for Editor in 2.47 ms, found 6 plugins.
Asset Pipeline Refresh (id=717e45b88bbf9394b81cf00af3e728f3): Total: 0.068 seconds - Initiated by StopAssetImportingV2(NoUpdateAssetOptions)
Start importing Assets/Art/UI/Documents/Egypt/Old/Egypt_Old_passport_stock.png using Guid(30bec2a0d99379f43b3f9054c6e775c0) (TextureImporter) -> (Import Result ID: '1eeac10130c42cb4fe58d206d61eda82') in 0.0210481 seconds [static and dynamic dependencies]. Details - ImportResultOutputID=7031396e80af252ebb4bcb042fbdf1a9 DependenciesID=aae3c01fc092f65b8630b8ceb1f6b198 StaticDependenciesID=4089f8e8e3184095c55b01993fdd34a8 
Refreshing native plugins compatible for Editor in 2.62 ms, found 6 plugins.
Asset Pipeline Refresh (id=fb5a65637b478eb4e8093aa0c19fa107): Total: 0.067 seconds - Initiated by StopAssetImportingV2(NoUpdateAssetOptions)
Start importing Assets/Art/UI/Documents/Egypt/Old/Egypt_Old_permit_stock.png using Guid(65dd9a026b018724cb0a6f346b3e3ffa) (TextureImporter) -> (Import Result ID: '8a66013272784ae6ed416f77eceda785') in 0.0212226 seconds [static and dynamic dependencies]. Details - ImportResultOutputID=5c85e4654aa1d9a00f8b141260e16e59 DependenciesID=4caf5676e12cf63a0490de8736e0f623 StaticDependenciesID=ca0be57790be4044652e67cea4688ae4 
Refreshing native plugins compatible for Editor in 2.43 ms, found 6 plugins.
Asset Pipeline Refresh (id=d980505c15e76ca4a861c88a931a2c15): Total: 0.067 seconds - Initiated by StopAssetImportingV2(NoUpdateAssetOptions)
Start importing Assets/Art/UI/Documents/Egypt/Old/Egypt_Old_seal.png using Guid(77fcf0ebd08d4364daf540770b529aed) (TextureImporter) -> (Import Result ID: 'bdfb1eeeb7b5d220d271aa74673b137e') in 0.005212 seconds [static and dynamic dependencies]. Details - ImportResultOutputID=6d244c53b6a940e5dad38352cb087b0e DependenciesID=e246516a8de1bbc6eecc9e4e4a3c797f StaticDependenciesID=5b47d4654f8a5a359774f681bb418aea 
Refreshing native plugins compatible for Editor in 2.44 ms, found 6 plugins.
Asset Pipeline Refresh (id=daec76a9bb4069e4b894d3c75df2261e): Total: 0.049 seconds - Initiated by StopAssetImportingV2(NoUpdateAssetOptions)
Start importing Assets/Art/UI/Documents/Germany/Ancient/Germany_Ancient_border.png using Guid(ef9b0529524577c4a95fd6fbe57a7a37) (TextureImporter) -> (Import Result ID: '82f7424cc1f3639d8df2e503bea43bc0') in 0.0202165 seconds [static and dynamic dependencies]. Details - ImportResultOutputID=a83086a6b2c8ccbbab44acb916a60c91 DependenciesID=003eea6039892b76fd9689af120d305d StaticDependenciesID=f68c4f9c527d26b7501fd11ff46bd75a 
Refreshing native plugins compatible for Editor in 2.56 ms, found 6 plugins.
Asset Pipeline Refresh (id=a7273aeade6df084d93576a0732a7550): Total: 0.066 seconds - Initiated by StopAssetImportingV2(NoUpdateAssetOptions)
Start importing Assets/Art/UI/Documents/Germany/Ancient/Germany_Ancient_passport_stock.png using Guid(e40c744fb5b7e8a46b4b08e2b39a1946) (TextureImporter) -> (Import Result ID: '746da4c604cfe5230febe5b2744639be') in 0.0211797 seconds [static and dynamic dependencies]. Details - ImportResultOutputID=230b9f62a3beda9cfffcfa3a94750ca8 DependenciesID=b6506a86fa18107aaf0d4f161a612496 StaticDependenciesID=a3de636ab2f8b20df54478a749233af2 
Refreshing native plugins compatible for Editor in 2.77 ms, found 6 plugins.
Asset Pipeline Refresh (id=e6b685079e3a62a4dbb4bb4e4f63467b): Total: 0.069 seconds - Initiated by StopAssetImportingV2(NoUpdateAssetOptions)
Start importing Assets/Art/UI/Documents/Germany/Ancient/Germany_Ancient_permit_stock.png using Guid(72fb976a2caf91f4f895337a1bf614a6) (TextureImporter) -> (Import Result ID: '5adfafaf55a6540148dcfb4bc88cc298') in 0.0224494 seconds [static and dynamic dependencies]. Details - ImportResultOutputID=1e0f1743fe5cc1246b1d3638d8ccb0d8 DependenciesID=1ab2d507648b2b558d61f3f81de0301b StaticDependenciesID=3b6fc98a1ac23e5c507ce14cacc5997c 
Refreshing native plugins compatible for Editor in 2.57 ms, found 6 plugins.
Asset Pipeline Refresh (id=af377277a9a0b794f924c2f7a4cdfafd): Total: 0.069 seconds - Initiated by StopAssetImportingV2(NoUpdateAssetOptions)
Start importing Assets/Art/UI/Documents/Germany/Ancient/Germany_Ancient_seal.png using Guid(a7344dcc2ae05934c8a0c50fd3b119f2) (TextureImporter) -> (Import Result ID: 'fca237e96c3fa29c9f6631dff9e93e35') in 0.0056843 seconds [static and dynamic dependencies]. Details - ImportResultOutputID=e6d9ef10404c2dc555071d50c0161432 DependenciesID=15cdde4fc2b656380aa7938bda556609 StaticDependenciesID=2d5f78f89891bb2d5787d5dd73eb4ab9 
Refreshing native plugins compatible for Editor in 2.62 ms, found 6 plugins.
Asset Pipeline Refresh (id=ba08f625e5484f54d8792f0859254435): Total: 0.058 seconds - Initiated by StopAssetImportingV2(NoUpdateAssetOptions)
Start importing Assets/Art/UI/Documents/Germany/Future/Germany_Future_border.png using Guid(f539c252548fc7a4e9f3a439fa22efa2) (TextureImporter) -> (Import Result ID: '808f4819691f8315a08724d90d5248f2') in 0.0204029 seconds [static and dynamic dependencies]. Details - ImportResultOutputID=33bef127cb5116f70cc5104f17809f4d DependenciesID=c424eda2c506b339e01f4e9b9484b801 StaticDependenciesID=a0a25445ab3e6e9d8cf716e0bde5fa62 
Refreshing native plugins compatible for Editor in 3.07 ms, found 6 plugins.
Asset Pipeline Refresh (id=762eb05e989a3214bba49becc51efaf7): Total: 0.068 seconds - Initiated by StopAssetImportingV2(NoUpdateAssetOptions)
Start importing Assets/Art/UI/Documents/Germany/Future/Germany_Future_passport_stock.png using Guid(0d202e25925a4274db416351029a6f38) (TextureImporter) -> (Import Result ID: '4c5d7f25f1b80137402204427d888c79') in 0.0209491 seconds [static and dynamic dependencies]. Details - ImportResultOutputID=f36ef37fd8b55eddce92b60ca399c931 DependenciesID=ed0cc60841f8e1cd8004e6ae3ac5669c StaticDependenciesID=a37fc11051923207f2f6f5681a524302 
Refreshing native plugins compatible for Editor in 2.54 ms, found 6 plugins.
Asset Pipeline Refresh (id=ce568d142c65130448df6f2364c6f0b4): Total: 0.066 seconds - Initiated by StopAssetImportingV2(NoUpdateAssetOptions)
Start importing Assets/Art/UI/Documents/Germany/Future/Germany_Future_permit_stock.png using Guid(64a813356b2be324193f1e11880405e6) (TextureImporter) -> (Import Result ID: '4ec3adee0283cb88d87beb81a09ee21b') in 0.0214941 seconds [static and dynamic dependencies]. Details - ImportResultOutputID=75ffa2983fec29edd7e484efdb164f2e DependenciesID=797521b409f2c6d12d0f98ae12c1cfe7 StaticDependenciesID=f2e65edfa585dd4c358fd424c26cb554 
Refreshing native plugins compatible for Editor in 2.52 ms, found 6 plugins.
Asset Pipeline Refresh (id=853b5fa22662ebb46b8a59619ad40bbd): Total: 0.068 seconds - Initiated by StopAssetImportingV2(NoUpdateAssetOptions)
Start importing Assets/Art/UI/Documents/Germany/Future/Germany_Future_seal.png using Guid(82975b7fce2994e4995194b9c044239c) (TextureImporter) -> (Import Result ID: '06d6060687e5e1b410afa572e70f057f') in 0.0052112 seconds [static and dynamic dependencies]. Details - ImportResultOutputID=8938b4d29047e1980b452c62c6afd63b DependenciesID=7275d891707e8adbb9aa1f5308cdf71b StaticDependenciesID=dc9bc8ce90b6dca1a036bc931994d3a5 
Refreshing native plugins compatible for Editor in 2.44 ms, found 6 plugins.
Asset Pipeline Refresh (id=5138d76ffc5765944b8e7ba71681b0e2): Total: 0.051 seconds - Initiated by StopAssetImportingV2(NoUpdateAssetOptions)
Start importing Assets/Art/UI/Documents/Germany/Modern/Germany_Modern_border.png using Guid(29a81bc64fcbddd4699ad5c4bb236863) (TextureImporter) -> (Import Result ID: '013e519d37be6a6376f9854b41a33085') in 0.0190486 seconds [static and dynamic dependencies]. Details - ImportResultOutputID=990e325c430cfaf244b116c705481e33 DependenciesID=899a4765e206267dc0f66a47a81e8237 StaticDependenciesID=06a56d3499c2635c4cd07afed4553c0a 
Refreshing native plugins compatible for Editor in 2.59 ms, found 6 plugins.
Asset Pipeline Refresh (id=a2819498d38ee514b8f17403dfef500f): Total: 0.065 seconds - Initiated by StopAssetImportingV2(NoUpdateAssetOptions)
Start importing Assets/Art/UI/Documents/Germany/Modern/Germany_Modern_passport_stock.png using Guid(86c3bc7b7b54b5b4dbcb48405339c1ef) (TextureImporter) -> (Import Result ID: '16a505bf8635d76642c8e0c2951a6e9c') in 0.0224263 seconds [static and dynamic dependencies]. Details - ImportResultOutputID=c659055181c961c6954b0ba11f23f951 DependenciesID=7c6e3804c3647d45e6337652ed3aeec1 StaticDependenciesID=b76818f14911a7538b7572db1e735a89 
Refreshing native plugins compatible for Editor in 2.65 ms, found 6 plugins.
Asset Pipeline Refresh (id=abbbee77bd9ba2740b411896d209e44c): Total: 0.069 seconds - Initiated by StopAssetImportingV2(NoUpdateAssetOptions)
Start importing Assets/Art/UI/Documents/Germany/Modern/Germany_Modern_permit_stock.png using Guid(c8c052787b523064ea3b1bd232a2edda) (TextureImporter) -> (Import Result ID: '0b26b3fd0f2d662e89c4c1c89c51eb7e') in 0.0209807 seconds [static and dynamic dependencies]. Details - ImportResultOutputID=a3d0d6e9eeda1841efcc4cab8746d8cc DependenciesID=9c08a0bbfd0788fdf332eb3ad0a316e4 StaticDependenciesID=d311786bba0c2c32b7eaf8a887fafa79 
Refreshing native plugins compatible for Editor in 2.46 ms, found 6 plugins.
Asset Pipeline Refresh (id=db32b85d9ef3ecd48a7ce86f5ea24063): Total: 0.067 seconds - Initiated by StopAssetImportingV2(NoUpdateAssetOptions)
Start importing Assets/Art/UI/Documents/Germany/Modern/Germany_Modern_seal.png using Guid(2b88df74af6368e43b5eba6c36685f88) (TextureImporter) -> (Import Result ID: '4b01458db696a9e7d6594ee61c9f42ae') in 0.0052737 seconds [static and dynamic dependencies]. Details - ImportResultOutputID=3774c7b107a92a9f6970d1f2bad60c20 DependenciesID=808e837e85915f74da41b65f0ad0d1a3 StaticDependenciesID=7d32fc6f9b0bf5a04c3d2809f4e1d412 
Refreshing native plugins compatible for Editor in 2.48 ms, found 6 plugins.
Asset Pipeline Refresh (id=9a89d0bc7f3ed45419d6810f22195b89): Total: 0.051 seconds - Initiated by StopAssetImportingV2(NoUpdateAssetOptions)
Start importing Assets/Art/UI/Documents/Germany/Old/Germany_Old_border.png using Guid(af21f680aac522e4fbe442d0031944f9) (TextureImporter) -> (Import Result ID: '7c9e790005d44d84d819c5b946f04b22') in 0.0193402 seconds [static and dynamic dependencies]. Details - ImportResultOutputID=efcb75982ff7fe3685c67e6933c08792 DependenciesID=fecdb59701bff801a5032072a3bded2b StaticDependenciesID=5510ed8be80624b753eac0d8a03d328e 
Refreshing native plugins compatible for Editor in 2.60 ms, found 6 plugins.
Asset Pipeline Refresh (id=34ba6f73d28771443bdb88b60d3aec6b): Total: 0.065 seconds - Initiated by StopAssetImportingV2(NoUpdateAssetOptions)
Start importing Assets/Art/UI/Documents/Germany/Old/Germany_Old_passport_stock.png using Guid(c2bdce47436a241459f2e1c5d69ef5f4) (TextureImporter) -> (Import Result ID: 'a76e182dce23b7b35c51352c3b7a05f0') in 0.020992 seconds [static and dynamic dependencies]. Details - ImportResultOutputID=54eebd33f05ca59a3acd119c8d5d9668 DependenciesID=ae83d000ff61d7afbfdd94cc27c01865 StaticDependenciesID=53d094664406e2ce4756fd317a3e869a 
Refreshing native plugins compatible for Editor in 2.45 ms, found 6 plugins.
Asset Pipeline Refresh (id=bc8e742b9ca4b994f9c748f499f92f48): Total: 0.068 seconds - Initiated by StopAssetImportingV2(NoUpdateAssetOptions)
Start importing Assets/Art/UI/Documents/Germany/Old/Germany_Old_permit_stock.png using Guid(6de7807e54183574793b920698cf68da) (TextureImporter) -> (Import Result ID: '7ab77c69b190318f05b60733cec5b62b') in 0.0218195 seconds [static and dynamic dependencies]. Details - ImportResultOutputID=e90cca75928e87f76845a81554fc3d75 DependenciesID=3f6a92828556d159121d0d529565a063 StaticDependenciesID=1fff691d4390b8239f1b52f04a3306a6 
Refreshing native plugins compatible for Editor in 2.54 ms, found 6 plugins.
Asset Pipeline Refresh (id=e7f41da90688de142877efa8be07042b): Total: 0.068 seconds - Initiated by StopAssetImportingV2(NoUpdateAssetOptions)
Start importing Assets/Art/UI/Documents/Germany/Old/Germany_Old_seal.png using Guid(cf0f4615cea154b46a2f5c4781d7a231) (TextureImporter) -> (Import Result ID: 'd0c7ae3dbafa5652e2355ad801b6e424') in 0.0053317 seconds [static and dynamic dependencies]. Details - ImportResultOutputID=4b98ed971b4622180b04cb1760fb0812 DependenciesID=40836292da80753461d94a1b67f765df StaticDependenciesID=39687f19edae8a539b56024240205b2b 
Refreshing native plugins compatible for Editor in 2.55 ms, found 6 plugins.
Asset Pipeline Refresh (id=c866a5be14efb8242893096b96a9b35c): Total: 0.052 seconds - Initiated by StopAssetImportingV2(NoUpdateAssetOptions)
Start importing Assets/Art/UI/Documents/Greece/Ancient/Greece_Ancient_border.png using Guid(4aa997d173d374140a6c11ff3ba4e5f7) (TextureImporter) -> (Import Result ID: 'd2c9fb336893d3476f8e7bb62af447aa') in 0.0196708 seconds [static and dynamic dependencies]. Details - ImportResultOutputID=36b3c18be0644bc56c7afec69545c90d DependenciesID=b102eb902802b5d5faf2079ad06a2e3f StaticDependenciesID=6313ca547a1cd4225228c59387bd2e4e 
Refreshing native plugins compatible for Editor in 2.61 ms, found 6 plugins.
Asset Pipeline Refresh (id=54d35b48c34b87347903838e9fd32ae4): Total: 0.067 seconds - Initiated by StopAssetImportingV2(NoUpdateAssetOptions)
Start importing Assets/Art/UI/Documents/Greece/Ancient/Greece_Ancient_passport_stock.png using Guid(54cbec1b5710c2945b3738dad8227648) (TextureImporter) -> (Import Result ID: 'd331ff336aa25e56fe297e257aaa88af') in 0.0213494 seconds [static and dynamic dependencies]. Details - ImportResultOutputID=7b9d2651c41071ba90eec83c9714eafa DependenciesID=40cbc58ac3d72e6528015c655c475132 StaticDependenciesID=c4aa1b2cd9bd4bfd9a5553ce765cac9e 
Refreshing native plugins compatible for Editor in 2.50 ms, found 6 plugins.
Asset Pipeline Refresh (id=09b5dd712009f204f9ed25929aa2870b): Total: 0.066 seconds - Initiated by StopAssetImportingV2(NoUpdateAssetOptions)
Start importing Assets/Art/UI/Documents/Greece/Ancient/Greece_Ancient_permit_stock.png using Guid(ab326bd8c3400d34bbcfd8efe4c6d148) (TextureImporter) -> (Import Result ID: '7129278d9af00c4048baf817fb9a96ae') in 0.021189 seconds [static and dynamic dependencies]. Details - ImportResultOutputID=c9055c57c5cf60610c3300cb3e5462ff DependenciesID=1335003fc963c4676966eb38392da8a3 StaticDependenciesID=6dfd6947f01a6e93ef637a86253230d2 
Refreshing native plugins compatible for Editor in 2.60 ms, found 6 plugins.
Asset Pipeline Refresh (id=cb7f15ae6f2886647a99ee818e73d29b): Total: 0.069 seconds - Initiated by StopAssetImportingV2(NoUpdateAssetOptions)
Start importing Assets/Art/UI/Documents/Greece/Ancient/Greece_Ancient_seal.png using Guid(2f0f2b5817f2cb548932afc1b31e6193) (TextureImporter) -> (Import Result ID: 'ba2d83df9c3b7d0db4d753e1f024270e') in 0.0056067 seconds [static and dynamic dependencies]. Details - ImportResultOutputID=46d432546b2e2d3f1236cc0fde49ec9a DependenciesID=89097235870437741fd32d2f2b5e5620 StaticDependenciesID=6b51758de924266fa6eca2acf80c7160 
Refreshing native plugins compatible for Editor in 2.53 ms, found 6 plugins.
Asset Pipeline Refresh (id=349720915349921449eb3e41cd2e8954): Total: 0.052 seconds - Initiated by StopAssetImportingV2(NoUpdateAssetOptions)
Start importing Assets/Art/UI/Documents/Greece/Future/Greece_Future_border.png using Guid(80fa82c726e1e7e4a82a50d5b104bb2a) (TextureImporter) -> (Import Result ID: '5b6abe772f9c7b7d1a876d90b52f075d') in 0.0201539 seconds [static and dynamic dependencies]. Details - ImportResultOutputID=ab4b43b80b3b078cca13aeacc069519c DependenciesID=9252854b1bc245734e19cc19dafe1306 StaticDependenciesID=f6aa9c3c70b3a16b67af7737adba31cc 
Refreshing native plugins compatible for Editor in 2.67 ms, found 6 plugins.
Asset Pipeline Refresh (id=8b7a461fbd6b96241b821e068441e0fc): Total: 0.066 seconds - Initiated by StopAssetImportingV2(NoUpdateAssetOptions)
Start importing Assets/Art/UI/Documents/Greece/Future/Greece_Future_passport_stock.png using Guid(a87b7865d744c5d4ea9c34185e759da9) (TextureImporter) -> (Import Result ID: '562fdc01b7d2fd2b36823f61d6e69da8') in 0.0216344 seconds [static and dynamic dependencies]. Details - ImportResultOutputID=7c33c6b040576bad53b36665d4fecc98 DependenciesID=efbca2d531e9d0d7f9d96550a9983b08 StaticDependenciesID=f12c22c391c4cde1bb989feb350788cd 
Refreshing native plugins compatible for Editor in 2.51 ms, found 6 plugins.
Asset Pipeline Refresh (id=ccf7995a231e95a4bad681149c3245e5): Total: 0.070 seconds - Initiated by StopAssetImportingV2(NoUpdateAssetOptions)
Start importing Assets/Art/UI/Documents/Greece/Future/Greece_Future_permit_stock.png using Guid(72e6854c14c019d4b858b0589a2917b5) (TextureImporter) -> (Import Result ID: 'b9286c73a4666848d4ddf40f5478ef47') in 0.020839 seconds [static and dynamic dependencies]. Details - ImportResultOutputID=8181cb23ef94dd965423c755a1fcfaf0 DependenciesID=1f1999fbf3d34afe7456ddb003bc4615 StaticDependenciesID=7f5a6b6f527a51278ba0521040a9abe4 
Refreshing native plugins compatible for Editor in 2.46 ms, found 6 plugins.
Asset Pipeline Refresh (id=cd30e2a207b5bc742bb3157848660581): Total: 0.068 seconds - Initiated by StopAssetImportingV2(NoUpdateAssetOptions)
Start importing Assets/Art/UI/Documents/Greece/Future/Greece_Future_seal.png using Guid(0e2ec5dc3cfd7cd4d83f316838c0804b) (TextureImporter) -> (Import Result ID: '0a192a4e74fac9a6a72c2452d1559809') in 0.0057328 seconds [static and dynamic dependencies]. Details - ImportResultOutputID=05feb76bae4ca88415f2a1aaa2322bcd DependenciesID=f9c02db1ad6fb3ccbba1344fca6a0476 StaticDependenciesID=0853525d89c513d2fcb00221176bb8bf 
Refreshing native plugins compatible for Editor in 2.78 ms, found 6 plugins.
Asset Pipeline Refresh (id=2f288d7b05830db4e83ac32506c5026c): Total: 0.061 seconds - Initiated by StopAssetImportingV2(NoUpdateAssetOptions)
Start importing Assets/Art/UI/Documents/Greece/Modern/Greece_Modern_border.png using Guid(016343ce78c56e741939978e124ae977) (TextureImporter) -> (Import Result ID: '5685762aa25caeed8186d43bdeadab8c') in 0.0185964 seconds [static and dynamic dependencies]. Details - ImportResultOutputID=6ee5a7604435b581a647f56ebd9fed73 DependenciesID=f5564b4a17d56af97a91536c5e829a8d StaticDependenciesID=e5e590f3840c266acde6c949b906de4c 
Refreshing native plugins compatible for Editor in 2.50 ms, found 6 plugins.
Asset Pipeline Refresh (id=a7b74a3ee9ffd6f4c82fbd8e80a45988): Total: 0.064 seconds - Initiated by StopAssetImportingV2(NoUpdateAssetOptions)
Start importing Assets/Art/UI/Documents/Greece/Modern/Greece_Modern_passport_stock.png using Guid(454b2092b2eca024cad4e2f5f71b9a97) (TextureImporter) -> (Import Result ID: 'ce6eb09f19531dca031400117f490d3c') in 0.0213621 seconds [static and dynamic dependencies]. Details - ImportResultOutputID=da03902d966e35231677afc87a6c0db1 DependenciesID=70c0eaff727dde6ca6c87ad9f2dc0b61 StaticDependenciesID=e9c72c39abcaa95f7aba117ed7f14ae4 
Refreshing native plugins compatible for Editor in 2.46 ms, found 6 plugins.
Asset Pipeline Refresh (id=59e92fe0352e5e144b464c2e48fcbdab): Total: 0.066 seconds - Initiated by StopAssetImportingV2(NoUpdateAssetOptions)
Start importing Assets/Art/UI/Documents/Greece/Modern/Greece_Modern_permit_stock.png using Guid(f7d994fa5dccdc34d8549c4465cc2d88) (TextureImporter) -> (Import Result ID: 'c710a9b0aa57b99e6a82232fdcfde381') in 0.0206671 seconds [static and dynamic dependencies]. Details - ImportResultOutputID=2ead325b7a23d87e6e56d34452a54fe4 DependenciesID=e9446ae1d7dee55fa541a10b12b3a027 StaticDependenciesID=2fd1ee0f23da42c0227f973afa083771 
Refreshing native plugins compatible for Editor in 2.47 ms, found 6 plugins.
Asset Pipeline Refresh (id=c3fe04f4a58205847801247c154231af): Total: 0.066 seconds - Initiated by StopAssetImportingV2(NoUpdateAssetOptions)
Start importing Assets/Art/UI/Documents/Greece/Modern/Greece_Modern_seal.png using Guid(b1c00695aad4392499f1bca4d134e211) (TextureImporter) -> (Import Result ID: '799799dfd245822badcf72fef0970ac7') in 0.0052198 seconds [static and dynamic dependencies]. Details - ImportResultOutputID=7aea43cf194d3511fde7b8edf6dc8d1e DependenciesID=a1d2c3c562e443ce746020f4de67a24c StaticDependenciesID=8f598b7823eab9059ae5e6354bdc46d1 
Refreshing native plugins compatible for Editor in 2.46 ms, found 6 plugins.
Asset Pipeline Refresh (id=70eade67a6bf7bd4ba6762998ae4a619): Total: 0.051 seconds - Initiated by StopAssetImportingV2(NoUpdateAssetOptions)
Start importing Assets/Art/UI/Documents/Greece/Old/Greece_Old_border.png using Guid(2d94fec72f841454c80bc21d6347b683) (TextureImporter) -> (Import Result ID: 'c6aaf78df6f4e8f1adda5278aed6e15c') in 0.0187711 seconds [static and dynamic dependencies]. Details - ImportResultOutputID=a7913e50a6a60b38f40c9ccabec1a82f DependenciesID=866c03f068f788d8b468e03ced4b608f StaticDependenciesID=9fa2388248e479a5f36e919d02f377e6 
Refreshing native plugins compatible for Editor in 2.44 ms, found 6 plugins.
Asset Pipeline Refresh (id=d1e41e9bb73132c498ce8c6c74b522b3): Total: 0.064 seconds - Initiated by StopAssetImportingV2(NoUpdateAssetOptions)
Start importing Assets/Art/UI/Documents/Greece/Old/Greece_Old_passport_stock.png using Guid(2824f9e7dcbe0a1488f444dd21421fb5) (TextureImporter) -> (Import Result ID: 'dc4263d74b7f8c92654591d4dbb7300c') in 0.0223348 seconds [static and dynamic dependencies]. Details - ImportResultOutputID=e35ef6cbb3670c72cd2a0d4391173648 DependenciesID=88f73879330272675db445fb2203dff6 StaticDependenciesID=f036d560abc0dbce2933690e481d6dcf 
Refreshing native plugins compatible for Editor in 2.47 ms, found 6 plugins.
Asset Pipeline Refresh (id=56bb5ecdae2964f4889c920d19ae984f): Total: 0.066 seconds - Initiated by StopAssetImportingV2(NoUpdateAssetOptions)
Start importing Assets/Art/UI/Documents/Greece/Old/Greece_Old_permit_stock.png using Guid(ea4ae0a7e80fcd44788504c9b5f6f0dd) (TextureImporter) -> (Import Result ID: 'd12cef6c0c311bc8feb8933dc954a44b') in 0.0215322 seconds [static and dynamic dependencies]. Details - ImportResultOutputID=9d9845d5afd49f90831134025a2062ba DependenciesID=532cc2fa40959ff875ae91adb69da995 StaticDependenciesID=2edb1d92bd2ed97303fba8e4c3550f19 
Refreshing native plugins compatible for Editor in 2.47 ms, found 6 plugins.
Asset Pipeline Refresh (id=de95865253c7eb84fa5f4d14b1784552): Total: 0.066 seconds - Initiated by StopAssetImportingV2(NoUpdateAssetOptions)
Start importing Assets/Art/UI/Documents/Greece/Old/Greece_Old_seal.png using Guid(5f7020561f031044496d361c59db558e) (TextureImporter) -> (Import Result ID: 'fcb92abc47ac3564a3903b6dd3226b80') in 0.0051951 seconds [static and dynamic dependencies]. Details - ImportResultOutputID=17b5ca4a7a544755d7fdb546281a9657 DependenciesID=798833d72f1839877cc0c245970fa9e2 StaticDependenciesID=06c30d4fd6df3ec2ff5b3598a501d07a 
Refreshing native plugins compatible for Editor in 2.53 ms, found 6 plugins.
Asset Pipeline Refresh (id=282595fa9fc20ac4999ea48e6197a5f4): Total: 0.050 seconds - Initiated by StopAssetImportingV2(NoUpdateAssetOptions)
Start importing Assets/Art/UI/Documents/Iraq/Ancient/Iraq_Ancient_border.png using Guid(3725cf2eaea796d4a8ed03732272bae5) (TextureImporter) -> (Import Result ID: 'e92188f65d6c80dc5c0803738ddfb533') in 0.0197688 seconds [static and dynamic dependencies]. Details - ImportResultOutputID=4280877df94347b85346e9725f3f565e DependenciesID=e1124aa58c4309a367870cb7d30f8dc7 StaticDependenciesID=ddf2bc6a1ae6cef6c66ca30fe2b4b17e 
Refreshing native plugins compatible for Editor in 2.50 ms, found 6 plugins.
Asset Pipeline Refresh (id=8c8f968831e4b304c91a39f66380641a): Total: 0.065 seconds - Initiated by StopAssetImportingV2(NoUpdateAssetOptions)
Start importing Assets/Art/UI/Documents/Iraq/Ancient/Iraq_Ancient_passport_stock.png using Guid(ab6c1ac769ff834488292976257c89ec) (TextureImporter) -> (Import Result ID: '4b6b2a25c643003470c2b298fc11e20f') in 0.0216623 seconds [static and dynamic dependencies]. Details - ImportResultOutputID=3ce40b5d7d35b7a8c4d7188180daa834 DependenciesID=da91cd651457091c8322896e12bcea4d StaticDependenciesID=126d99260b44677f214b3614646f865b 
Refreshing native plugins compatible for Editor in 2.55 ms, found 6 plugins.
Asset Pipeline Refresh (id=9ff9cb00e7fa04f418377384caa463da): Total: 0.068 seconds - Initiated by StopAssetImportingV2(NoUpdateAssetOptions)
Start importing Assets/Art/UI/Documents/Iraq/Ancient/Iraq_Ancient_permit_stock.png using Guid(f56c49d79ca3aea49b0c5da3eefb14d7) (TextureImporter) -> (Import Result ID: 'b3bf79fdc70181e26ef065ae3e465a3f') in 0.0209982 seconds [static and dynamic dependencies]. Details - ImportResultOutputID=e286bfb658f2398c312067faed479ba7 DependenciesID=b52032c85c8cec0d7d7a6080602946c5 StaticDependenciesID=bc8a53b0492418bb5920844e5d593a49 
Refreshing native plugins compatible for Editor in 2.48 ms, found 6 plugins.
Asset Pipeline Refresh (id=59462c7c0cb2d7b4cbdb2c305b98c323): Total: 0.068 seconds - Initiated by StopAssetImportingV2(NoUpdateAssetOptions)
Start importing Assets/Art/UI/Documents/Iraq/Ancient/Iraq_Ancient_seal.png using Guid(85dc886d0b05ab84491abd2eafdc45b8) (TextureImporter) -> (Import Result ID: 'd840cd9e412cbfea9954e8f169c2c0e5') in 0.0055898 seconds [static and dynamic dependencies]. Details - ImportResultOutputID=c48f730cf0ea8889d5ecfda7eb0aa57c DependenciesID=ab6b3d01ed330b0386f7ac4e0f016519 StaticDependenciesID=bf4ea4f16fc6a5f6d477ce40accc25a7 
Refreshing native plugins compatible for Editor in 2.64 ms, found 6 plugins.
Asset Pipeline Refresh (id=580923e9a9782d84e88f5c20d8aeefb8): Total: 0.053 seconds - Initiated by StopAssetImportingV2(NoUpdateAssetOptions)
Start importing Assets/Art/UI/Documents/Iraq/Future/Iraq_Future_border.png using Guid(29a718270d4cee04ea1e0a55e3cd0819) (TextureImporter) -> (Import Result ID: 'b3af9a2780d17a29044b62521eeba7f6') in 0.0202977 seconds [static and dynamic dependencies]. Details - ImportResultOutputID=58294bdfa7abeb47a06c12cd702a269a DependenciesID=add543425f0d100a39c8c687b1958576 StaticDependenciesID=985d00c38795b45aa9f76bcc3146bb0f 
Refreshing native plugins compatible for Editor in 2.68 ms, found 6 plugins.
Asset Pipeline Refresh (id=83131f2a49f2c7943b3c1dc169f177d6): Total: 0.067 seconds - Initiated by StopAssetImportingV2(NoUpdateAssetOptions)
Start importing Assets/Art/UI/Documents/Iraq/Future/Iraq_Future_passport_stock.png using Guid(2669783aea113d4498fec7931ef81732) (TextureImporter) -> (Import Result ID: 'b4637347a59d62d637d8bf6d25a9a2e8') in 0.0218747 seconds [static and dynamic dependencies]. Details - ImportResultOutputID=50877e7f252fc7bef87b7e700c500656 DependenciesID=cf6f3a8fc76e37178cab5ed8f7d2200c StaticDependenciesID=3c91dfdd4926d3413a8174c460b3d3aa 
Refreshing native plugins compatible for Editor in 2.57 ms, found 6 plugins.
Asset Pipeline Refresh (id=1764d63a09acb7741a314f8d4cd3e9f6): Total: 0.069 seconds - Initiated by StopAssetImportingV2(NoUpdateAssetOptions)
Start importing Assets/Art/UI/Documents/Iraq/Future/Iraq_Future_permit_stock.png using Guid(77c7527a3c4a5214eab426766e57f0e7) (TextureImporter) -> (Import Result ID: '45e3cad1f65b9b1e17bfcf0fb66b7842') in 0.0214326 seconds [static and dynamic dependencies]. Details - ImportResultOutputID=7ad5dfe8399ae5a172b801af685861f3 DependenciesID=4af343ce3f87ca4ff1f03eeef6755182 StaticDependenciesID=f8702b680a9a7fc1c3e51e62138daf52 
Refreshing native plugins compatible for Editor in 2.64 ms, found 6 plugins.
Asset Pipeline Refresh (id=8553a0e434e0ae341ba298f9a21faa1c): Total: 0.070 seconds - Initiated by StopAssetImportingV2(NoUpdateAssetOptions)
Start importing Assets/Art/UI/Documents/Iraq/Future/Iraq_Future_seal.png using Guid(a448a80ff5a4c9149875bfe96274f994) (TextureImporter) -> (Import Result ID: 'a2f683f296f3046bfe15eceb3059a7ba') in 0.0052631 seconds [static and dynamic dependencies]. Details - ImportResultOutputID=7fb5baadf0469525e038ea1a2d1a0740 DependenciesID=544cedb03dc01826825e0440028826c3 StaticDependenciesID=ec4f57eb318d1293a54683cbf142ebbd 
Refreshing native plugins compatible for Editor in 2.49 ms, found 6 plugins.
Asset Pipeline Refresh (id=d2578bf6c0fdca94d974ceed3365b37e): Total: 0.053 seconds - Initiated by StopAssetImportingV2(NoUpdateAssetOptions)
Start importing Assets/Art/UI/Documents/Iraq/Modern/Iraq_Modern_border.png using Guid(c7681bd73ccc5db45af87aa54f169f72) (TextureImporter) -> (Import Result ID: '49aa29d3bfc7148e92a1f3e925c52887') in 0.0186884 seconds [static and dynamic dependencies]. Details - ImportResultOutputID=7db2ee2a7c9abb8ed735a7def0085a3a DependenciesID=acaed2a0d3fddb9dda2fcd9529f3dd9b StaticDependenciesID=f3bec469530cc5a11f28bf9d9d6b448d 
Refreshing native plugins compatible for Editor in 2.56 ms, found 6 plugins.
Asset Pipeline Refresh (id=a1d544785deb3984fb5b47d915914c0d): Total: 0.066 seconds - Initiated by StopAssetImportingV2(NoUpdateAssetOptions)
Start importing Assets/Art/UI/Documents/Iraq/Modern/Iraq_Modern_passport_stock.png using Guid(882e1548707d3804397cdbf5962fd8a3) (TextureImporter) -> (Import Result ID: '75b853be566af244146757058f0a95ba') in 0.0212514 seconds [static and dynamic dependencies]. Details - ImportResultOutputID=28535e1c1d4865f8a6e88843585397e4 DependenciesID=418f319a80e4d8610d0be64da97fd878 StaticDependenciesID=67f3c209c2e8849421a94ceb7e1e09f5 
Refreshing native plugins compatible for Editor in 2.57 ms, found 6 plugins.
Asset Pipeline Refresh (id=4b64c85ec75947847b05bd6f7aaff945): Total: 0.068 seconds - Initiated by StopAssetImportingV2(NoUpdateAssetOptions)
Start importing Assets/Art/UI/Documents/Iraq/Modern/Iraq_Modern_permit_stock.png using Guid(69d8b13ca4bade348aadea44499b1151) (TextureImporter) -> (Import Result ID: '9a1fb78360fe962ab96ef5100e137edc') in 0.0211491 seconds [static and dynamic dependencies]. Details - ImportResultOutputID=e307bd9b72fa29f096b681a7cb163592 DependenciesID=1d7e95910b85176f2bc168f8de18ad42 StaticDependenciesID=86f08baac75d2c916c5e9454b0f5fcc2 
Refreshing native plugins compatible for Editor in 2.55 ms, found 6 plugins.
Asset Pipeline Refresh (id=9bfd65adef9d8324bbd50aa6ed66e537): Total: 0.068 seconds - Initiated by StopAssetImportingV2(NoUpdateAssetOptions)
Start importing Assets/Art/UI/Documents/Iraq/Modern/Iraq_Modern_seal.png using Guid(27930e8f4f230394b87e0d117389311b) (TextureImporter) -> (Import Result ID: 'daa734f1d2ff035d45ccf3c2d2099a70') in 0.0052922 seconds [static and dynamic dependencies]. Details - ImportResultOutputID=873871fbe3388739be473b28ab435b3b DependenciesID=921373f72d2f3ba706754adb21dde367 StaticDependenciesID=10640a4106ce9384b3eff8703c0da9fa 
Refreshing native plugins compatible for Editor in 2.56 ms, found 6 plugins.
Asset Pipeline Refresh (id=2619c3050be341249ab8e29fa76964f5): Total: 0.053 seconds - Initiated by StopAssetImportingV2(NoUpdateAssetOptions)
Start importing Assets/Art/UI/Documents/Iraq/Old/Iraq_Old_border.png using Guid(ec92036a44a18fc4ba6e77677d0080cd) (TextureImporter) -> (Import Result ID: '1d3cfbb6de6a0195b621dd11f82b6d86') in 0.019157 seconds [static and dynamic dependencies]. Details - ImportResultOutputID=d6390d3d1db1378cb0be17338109d11f DependenciesID=c99bf32a697fe848b017f5c2c4f9c038 StaticDependenciesID=6428e7dce7a803afb1e41eeb638c53d9 
Refreshing native plugins compatible for Editor in 2.67 ms, found 6 plugins.
Asset Pipeline Refresh (id=41e1d8485990ca849b2eedc932f7226a): Total: 0.066 seconds - Initiated by StopAssetImportingV2(NoUpdateAssetOptions)
Start importing Assets/Art/UI/Documents/Iraq/Old/Iraq_Old_passport_stock.png using Guid(ee8161a94da7c4c4ebfc56f2212aba1c) (TextureImporter) -> (Import Result ID: '7ff6961e48e36e9c956e03a09216966e') in 0.0221298 seconds [static and dynamic dependencies]. Details - ImportResultOutputID=b7f6ddf6788056eff8ee5db784d2c251 DependenciesID=fb0e9d890b212fd7441c5284a8512393 StaticDependenciesID=9ca2567863256452ad8d8288239c145b 
Refreshing native plugins compatible for Editor in 2.68 ms, found 6 plugins.
Asset Pipeline Refresh (id=c555cd2648cfbba4eb2f19dd093d3f7c): Total: 0.070 seconds - Initiated by StopAssetImportingV2(NoUpdateAssetOptions)
Start importing Assets/Art/UI/Documents/Iraq/Old/Iraq_Old_permit_stock.png using Guid(f73d6297dcca7174eab3c9e66c9f5504) (TextureImporter) -> (Import Result ID: 'e71e1ad9f55087ba6fe09f1841a76c0b') in 0.0209016 seconds [static and dynamic dependencies]. Details - ImportResultOutputID=f8490116bce91e8bd73f8b2d0274e386 DependenciesID=d31de44f4bce41eefecdbaadf96fed41 StaticDependenciesID=bfac4856aa13201ebc3db01f6abf99b4 
Refreshing native plugins compatible for Editor in 2.50 ms, found 6 plugins.
Asset Pipeline Refresh (id=d56d46c7bd581b346aa316ff2059b85b): Total: 0.067 seconds - Initiated by StopAssetImportingV2(NoUpdateAssetOptions)
Start importing Assets/Art/UI/Documents/Iraq/Old/Iraq_Old_seal.png using Guid(11fdb872b46923c4f81e77a3874ef3b5) (TextureImporter) -> (Import Result ID: '43e303510aa91a869781236965a0caae') in 0.0066369 seconds [static and dynamic dependencies]. Details - ImportResultOutputID=e40c06797183dba7728549e813445d32 DependenciesID=a597955920e318a6563af09c54992824 StaticDependenciesID=cb09f18678e73325e74784f59443580c 
Refreshing native plugins compatible for Editor in 2.64 ms, found 6 plugins.
Asset Pipeline Refresh (id=7b4391eb86d05664fbd44ce42b427b8f): Total: 0.055 seconds - Initiated by StopAssetImportingV2(NoUpdateAssetOptions)
Start importing Assets/Art/UI/Documents/Italy/Ancient/Italy_Ancient_border.png using Guid(dc7b44b1ef229b94ca1639862a1156ea) (TextureImporter) -> (Import Result ID: '4d4ed4b6a9b3aaa80ab7223df092997e') in 0.0199234 seconds [static and dynamic dependencies]. Details - ImportResultOutputID=b347ba146cc56bc1065a8e509858248d DependenciesID=5fa86888686bcd79ccdf3a4a0a5c3588 StaticDependenciesID=157b59b5a67f29a417b71d1b78118788 
Refreshing native plugins compatible for Editor in 2.52 ms, found 6 plugins.
Asset Pipeline Refresh (id=81340d0b43771d64ca8a6a9e8312ae94): Total: 0.066 seconds - Initiated by StopAssetImportingV2(NoUpdateAssetOptions)
Start importing Assets/Art/UI/Documents/Italy/Ancient/Italy_Ancient_passport_stock.png using Guid(20b7f11360b3c0c4fb1772c9ffcaad40) (TextureImporter) -> (Import Result ID: '78952dd4df28e85750563443203a3d31') in 0.020869 seconds [static and dynamic dependencies]. Details - ImportResultOutputID=9a8f42b4b304af7c0b9b56054b1cb29b DependenciesID=423b3ba62d5eb5f4622859840eb6e571 StaticDependenciesID=15413b6d112ff2f9875af3910160a5cd 
Refreshing native plugins compatible for Editor in 2.53 ms, found 6 plugins.
Asset Pipeline Refresh (id=ab53fb4da8ce65a42833e14a82de4141): Total: 0.067 seconds - Initiated by StopAssetImportingV2(NoUpdateAssetOptions)
Start importing Assets/Art/UI/Documents/Italy/Ancient/Italy_Ancient_permit_stock.png using Guid(622621af4bfab464c8bed617da7ba6f5) (TextureImporter) -> (Import Result ID: '7f041ddb925148f5e61482f51a27dc79') in 0.0207191 seconds [static and dynamic dependencies]. Details - ImportResultOutputID=009c56999b09722f25dc965f1b0d1c5d DependenciesID=3d09896fcc9a4b335a15b7ef98aa0dba StaticDependenciesID=4cfd85dbd3d401012c395a23f7ae971b 
Refreshing native plugins compatible for Editor in 2.76 ms, found 6 plugins.
Asset Pipeline Refresh (id=26444cf993af7e94c8d0b20d65a46ef9): Total: 0.067 seconds - Initiated by StopAssetImportingV2(NoUpdateAssetOptions)
Start importing Assets/Art/UI/Documents/Italy/Ancient/Italy_Ancient_seal.png using Guid(2ea611fc29696de4ea900fdb16c5876e) (TextureImporter) -> (Import Result ID: '1937b1b41673c9e4923e67764dbbeb83') in 0.0051066 seconds [static and dynamic dependencies]. Details - ImportResultOutputID=34ed628cf8991be049adf4b4cfe34ab3 DependenciesID=0982367fd01bc5cf8e623219cc9d895b StaticDependenciesID=e6e309fa596ed97a7019c0ee8c0205ca 
Refreshing native plugins compatible for Editor in 2.51 ms, found 6 plugins.
Asset Pipeline Refresh (id=72bdac52124c9124e90a10a245d689b6): Total: 0.050 seconds - Initiated by StopAssetImportingV2(NoUpdateAssetOptions)
Start importing Assets/Art/UI/Documents/Italy/Future/Italy_Future_border.png using Guid(4a66de3fae62f324088e1eec7b66abe6) (TextureImporter) -> (Import Result ID: '590cc3856b4c114043c542fc9f6f32b4') in 0.0193806 seconds [static and dynamic dependencies]. Details - ImportResultOutputID=4fcda7b13fe640916bba9c6a2c3f392d DependenciesID=28ee89926cdfc265101c48d6cc3679b7 StaticDependenciesID=44566f04a8da6d4311502785be78e542 
Refreshing native plugins compatible for Editor in 2.61 ms, found 6 plugins.
Asset Pipeline Refresh (id=54ea86ab294e7734daf04d080ac16cf7): Total: 0.065 seconds - Initiated by StopAssetImportingV2(NoUpdateAssetOptions)
Start importing Assets/Art/UI/Documents/Italy/Future/Italy_Future_passport_stock.png using Guid(f995c8811dca2674496f8b11c216570c) (TextureImporter) -> (Import Result ID: '5c70fa11490d6c244b0043ab7f35da05') in 0.0208173 seconds [static and dynamic dependencies]. Details - ImportResultOutputID=595f9c443716c76af5aeaef1f806767e DependenciesID=cd6a2f55782eea2277a042a992213055 StaticDependenciesID=65d33425ab167e480472ebdf271efe20 
Refreshing native plugins compatible for Editor in 2.55 ms, found 6 plugins.
Asset Pipeline Refresh (id=2921273810a704d4193ebb285bf66d79): Total: 0.067 seconds - Initiated by StopAssetImportingV2(NoUpdateAssetOptions)
Start importing Assets/Art/UI/Documents/Italy/Future/Italy_Future_permit_stock.png using Guid(e617f4e02262ecd44950fa520bfe17cd) (TextureImporter) -> (Import Result ID: '673a27e0a076d28b04d6d3f964a196bb') in 0.0210622 seconds [static and dynamic dependencies]. Details - ImportResultOutputID=2828578dca09143f347eff46d77661fd DependenciesID=c3ebf5ac24e0162b0027654bacc1b750 StaticDependenciesID=78803413e28a294f1c3dae5782f5fa62 
Refreshing native plugins compatible for Editor in 2.60 ms, found 6 plugins.
Asset Pipeline Refresh (id=c2e2531894fc12d47a45f5691db0ca99): Total: 0.068 seconds - Initiated by StopAssetImportingV2(NoUpdateAssetOptions)
Start importing Assets/Art/UI/Documents/Italy/Future/Italy_Future_seal.png using Guid(3f74baefa7870b143a227250e631b745) (TextureImporter) -> (Import Result ID: '169504d3af82ebe11efe49e00adead72') in 0.0056082 seconds [static and dynamic dependencies]. Details - ImportResultOutputID=3085600c449cefad6916fc04bf39547e DependenciesID=38c87a8c1d46255d43bd74b399dc7ce1 StaticDependenciesID=602738e536d1d92635ce7335bfbba341 
Refreshing native plugins compatible for Editor in 2.51 ms, found 6 plugins.
Asset Pipeline Refresh (id=cec5bc24e52196e4f8667a5f6601307a): Total: 0.052 seconds - Initiated by StopAssetImportingV2(NoUpdateAssetOptions)
Start importing Assets/Art/UI/Documents/Italy/Modern/Italy_Modern_border.png using Guid(0225afecaecb3b94ca014f040093be68) (TextureImporter) -> (Import Result ID: '2a166c3cacd020af2a6f3b9682a8cc9c') in 0.018841 seconds [static and dynamic dependencies]. Details - ImportResultOutputID=16d0631b31d205000a020ac9c2fa7861 DependenciesID=a2d7e2b0b61189d639b6f9f37b56965a StaticDependenciesID=0c178daf7437726da01e3bc7883a9e12 
Refreshing native plugins compatible for Editor in 2.49 ms, found 6 plugins.
Asset Pipeline Refresh (id=3d17a17f902ebfa4ea32dca30791e2ae): Total: 0.066 seconds - Initiated by StopAssetImportingV2(NoUpdateAssetOptions)
Start importing Assets/Art/UI/Documents/Italy/Modern/Italy_Modern_passport_stock.png using Guid(9714495d788080d4197042062f05748e) (TextureImporter) -> (Import Result ID: 'ca86356c260791a4680f33e5b11b42e7') in 0.0208751 seconds [static and dynamic dependencies]. Details - ImportResultOutputID=4ddec946108571b09c7110be62ee2ba8 DependenciesID=3d22404d541a1adcb33619d17c244162 StaticDependenciesID=e243ac063ac22bc81970e78c40292c59 
Refreshing native plugins compatible for Editor in 2.51 ms, found 6 plugins.
Asset Pipeline Refresh (id=9252b9675a5aa6d4cbcc659f95a9b12c): Total: 0.067 seconds - Initiated by StopAssetImportingV2(NoUpdateAssetOptions)
Start importing Assets/Art/UI/Documents/Italy/Modern/Italy_Modern_permit_stock.png using Guid(b11946656547fc24fbc646ea3909220b) (TextureImporter) -> (Import Result ID: '3802f83d86b9db7035e98e9284a0aa87') in 0.0213533 seconds [static and dynamic dependencies]. Details - ImportResultOutputID=2aadfea2bf7dbc3ea35dd557e8c4b8be DependenciesID=eb88532b2309a285c8b7aa45013e1460 StaticDependenciesID=5eaffde2c468df4996195e03711743df 
Refreshing native plugins compatible for Editor in 2.45 ms, found 6 plugins.
Asset Pipeline Refresh (id=a28db50575578154091d02ba311b510d): Total: 0.067 seconds - Initiated by StopAssetImportingV2(NoUpdateAssetOptions)
Start importing Assets/Art/UI/Documents/Italy/Modern/Italy_Modern_seal.png using Guid(1beaba08dabb29547b9da6478de5d7bf) (TextureImporter) -> (Import Result ID: 'b13e1199451925dd741c5946e3486300') in 0.0052017 seconds [static and dynamic dependencies]. Details - ImportResultOutputID=6648f582df03e07b406a8f688d49028e DependenciesID=5ab1194b9ce6b32eb05297bd93ed815b StaticDependenciesID=de518aabae3b370965a218da3c1bacbf 
Refreshing native plugins compatible for Editor in 2.42 ms, found 6 plugins.
Asset Pipeline Refresh (id=b653d9247abca93448aa2c0e15ff27a6): Total: 0.050 seconds - Initiated by StopAssetImportingV2(NoUpdateAssetOptions)
Start importing Assets/Art/UI/Documents/Italy/Old/Italy_Old_border.png using Guid(9896bc460820b6a458cfb837f757eb6d) (TextureImporter) -> (Import Result ID: 'ae80ba5d9903b4bdc3b2f24bc78c2e39') in 0.0189635 seconds [static and dynamic dependencies]. Details - ImportResultOutputID=4c5da03dd32f00a484c903304f70f00f DependenciesID=81ee22002d0ac6b0d71f1c3de0f13f44 StaticDependenciesID=7784717a702942afe23d37ec8d573244 
Refreshing native plugins compatible for Editor in 2.46 ms, found 6 plugins.
Asset Pipeline Refresh (id=8fdc3d723166d4d45a32df0086915ebb): Total: 0.065 seconds - Initiated by StopAssetImportingV2(NoUpdateAssetOptions)
Start importing Assets/Art/UI/Documents/Italy/Old/Italy_Old_passport_stock.png using Guid(e1fbec29ddccaf34aaaaaa3dc0f50104) (TextureImporter) -> (Import Result ID: '5bf8eee3768d4339fff634123112fe10') in 0.0212132 seconds [static and dynamic dependencies]. Details - ImportResultOutputID=273b64f6ebfe0b304be406749d8ee69f DependenciesID=eb3e4371dce4915d35ca26b6c2ac1aad StaticDependenciesID=e30970a101853c0ff75936de6eb0fff7 
Refreshing native plugins compatible for Editor in 2.54 ms, found 6 plugins.
Asset Pipeline Refresh (id=ce417e24ff4c64048bf4b2f39e43daa4): Total: 0.067 seconds - Initiated by StopAssetImportingV2(NoUpdateAssetOptions)
Start importing Assets/Art/UI/Documents/Italy/Old/Italy_Old_permit_stock.png using Guid(22d15423ab9dfc444b5a90746c86e43b) (TextureImporter) -> (Import Result ID: '6c075c3957e891795b5699d0d2b19f27') in 0.0209319 seconds [static and dynamic dependencies]. Details - ImportResultOutputID=453e9a882451ab9bdb143208bbddf8fd DependenciesID=126d93e81e340502ce140a366ea5ea3c StaticDependenciesID=0606d66936fa5f1d116b3a14ad558851 
Refreshing native plugins compatible for Editor in 2.49 ms, found 6 plugins.
Asset Pipeline Refresh (id=0775dda82c937764689d1ba2f7a5e437): Total: 0.067 seconds - Initiated by StopAssetImportingV2(NoUpdateAssetOptions)
Start importing Assets/Art/UI/Documents/Italy/Old/Italy_Old_seal.png using Guid(964c8c376be7885498ae8576f5e30978) (TextureImporter) -> (Import Result ID: 'eda8a5fff0eb501f510c2ff30a09be85') in 0.0053971 seconds [static and dynamic dependencies]. Details - ImportResultOutputID=c4ee4cfda29681ffa37e07f0bc99ec29 DependenciesID=37d39414687501689ac069a5fcaf6194 StaticDependenciesID=1ab66c82387ce9fcc0e6ef7b64737015 
Refreshing native plugins compatible for Editor in 2.42 ms, found 6 plugins.
Asset Pipeline Refresh (id=1ca1882db84d3d14089b83f5d373eb4e): Total: 0.051 seconds - Initiated by StopAssetImportingV2(NoUpdateAssetOptions)
Start importing Assets/Art/UI/Documents/Japan/Ancient/Japan_Ancient_border.png using Guid(34b7bd7bafa8e004f96bb8dee9985428) (TextureImporter) -> (Import Result ID: '010a35a5e95291f2cc0c24131713a189') in 0.0204485 seconds [static and dynamic dependencies]. Details - ImportResultOutputID=6705f7486ba18dd0c26cda285bb5c2ca DependenciesID=612754eb2da49da4937b7e9325cc63c2 StaticDependenciesID=bdeb28b6f0887ff62495b80f0f9384bc 
Refreshing native plugins compatible for Editor in 2.46 ms, found 6 plugins.
Asset Pipeline Refresh (id=ad308262dbaadb54392b2343a917fa5d): Total: 0.067 seconds - Initiated by StopAssetImportingV2(NoUpdateAssetOptions)
Start importing Assets/Art/UI/Documents/Japan/Ancient/Japan_Ancient_passport_stock.png using Guid(048953afd3ab32541b8f3c881c4cb850) (TextureImporter) -> (Import Result ID: 'e9a2433f93a1c0e8221846979f5d0ec0') in 0.0212082 seconds [static and dynamic dependencies]. Details - ImportResultOutputID=9e8df6e1846cad66c47346f0a29bd2f7 DependenciesID=35ed24ee409eefd2309dbe607d0fad1e StaticDependenciesID=5480e0aea33ada59ca1faa729d39590d 
Refreshing native plugins compatible for Editor in 2.63 ms, found 6 plugins.
Asset Pipeline Refresh (id=a8039847045ed524d9a57ec3ac77c1cf): Total: 0.069 seconds - Initiated by StopAssetImportingV2(NoUpdateAssetOptions)
Start importing Assets/Art/UI/Documents/Japan/Ancient/Japan_Ancient_permit_stock.png using Guid(252cf390a37e5f24ca52dd8145831472) (TextureImporter) -> (Import Result ID: '99b01c414c050072f4d896cf51a1f691') in 0.021308 seconds [static and dynamic dependencies]. Details - ImportResultOutputID=92da77e1257b645b1d287f0c29a9511c DependenciesID=38167fe62f5ae50d873086a626c1991a StaticDependenciesID=d55b55292a887ae7864d51167b3caddc 
Refreshing native plugins compatible for Editor in 2.56 ms, found 6 plugins.
Asset Pipeline Refresh (id=d97f835004aa3cc438e6a6bd51a80255): Total: 0.070 seconds - Initiated by StopAssetImportingV2(NoUpdateAssetOptions)
Start importing Assets/Art/UI/Documents/Japan/Ancient/Japan_Ancient_seal.png using Guid(a550ce724afa4f3418f41276baad3906) (TextureImporter) -> (Import Result ID: '99a3892c3ccf62f68277c589745938e5') in 0.0052565 seconds [static and dynamic dependencies]. Details - ImportResultOutputID=cfe34d74d24e3ec1db6cef5e77d44811 DependenciesID=e1738c59e52738c3290ac49ab179bdcd StaticDependenciesID=72b72678c3673b06d26af4549bf5bb79 
Refreshing native plugins compatible for Editor in 2.61 ms, found 6 plugins.
Asset Pipeline Refresh (id=3fc3f1639bf01d24084be008ff5c9057): Total: 0.052 seconds - Initiated by StopAssetImportingV2(NoUpdateAssetOptions)
Start importing Assets/Art/UI/Documents/Japan/Future/Japan_Future_border.png using Guid(56cfc5fdc60812247a24f7ef456ec3e4) (TextureImporter) -> (Import Result ID: 'cc78623de7a983dbc24909658c0b7f34') in 0.0200002 seconds [static and dynamic dependencies]. Details - ImportResultOutputID=deec805807fe4a037fc5783c95dd1118 DependenciesID=b946eccd730a691819f9816a90695428 StaticDependenciesID=e7fd38aa5a2f5fe5109424ef357c6e91 
Refreshing native plugins compatible for Editor in 2.54 ms, found 6 plugins.
Asset Pipeline Refresh (id=d0f387f05a8d2ec4fb19fd9cad97854c): Total: 0.066 seconds - Initiated by StopAssetImportingV2(NoUpdateAssetOptions)
Start importing Assets/Art/UI/Documents/Japan/Future/Japan_Future_passport_stock.png using Guid(d440843a045ebd04392fe771bf39cc2e) (TextureImporter) -> (Import Result ID: '347f6a5d746acf640359b9303c23d03f') in 0.0220693 seconds [static and dynamic dependencies]. Details - ImportResultOutputID=5543f6ae061cc8653b6492d5f042d7ad DependenciesID=0da5772feee7f19b3ab2c085fcaf5f52 StaticDependenciesID=2af70e31bff6ee0ec2eff6df56c07eef 
Refreshing native plugins compatible for Editor in 2.48 ms, found 6 plugins.
Asset Pipeline Refresh (id=8469b1717f8dbf744aa0ebd7ac7fafab): Total: 0.067 seconds - Initiated by StopAssetImportingV2(NoUpdateAssetOptions)
Start importing Assets/Art/UI/Documents/Japan/Future/Japan_Future_permit_stock.png using Guid(616e4dac6b028d2408cae43dcd12caa2) (TextureImporter) -> (Import Result ID: '068e380a3045249fe5d6205f2672038d') in 0.021154 seconds [static and dynamic dependencies]. Details - ImportResultOutputID=01ea15fa66520438961c23bbe7cb1c5a DependenciesID=b5743cf87e00525941642265f93ff3cd StaticDependenciesID=f0e19afbb346964bfd24af01be6f5bc9 
Refreshing native plugins compatible for Editor in 2.63 ms, found 6 plugins.
Asset Pipeline Refresh (id=608fce85804ff074e8cf2392683875da): Total: 0.067 seconds - Initiated by StopAssetImportingV2(NoUpdateAssetOptions)
Start importing Assets/Art/UI/Documents/Japan/Future/Japan_Future_seal.png using Guid(961ed0a5e48ba064f85345237373fb92) (TextureImporter) -> (Import Result ID: 'adab1ea60cd3713ba0d0175856f765c2') in 0.0053414 seconds [static and dynamic dependencies]. Details - ImportResultOutputID=a4f395ffa2c6a609439d696a8b7fadbc DependenciesID=1d6635c5ea797a3a218f2fb4b4b69cce StaticDependenciesID=fe558ec13f08b2f8fc6b01382a11ee3f 
Refreshing native plugins compatible for Editor in 2.47 ms, found 6 plugins.
Asset Pipeline Refresh (id=2d02d4e2fda875e41b717c83b5d5f432): Total: 0.051 seconds - Initiated by StopAssetImportingV2(NoUpdateAssetOptions)
Start importing Assets/Art/UI/Documents/Japan/Modern/Japan_Modern_border.png using Guid(1c70d126a5effbe46807b75b12b5b48c) (TextureImporter) -> (Import Result ID: '267ebfcfedc40d93178b47cf05cc260f') in 0.0189537 seconds [static and dynamic dependencies]. Details - ImportResultOutputID=e0aff9431dd2e1c2b1b3869227252016 DependenciesID=4747a7e3f29c822c7703a590126d6ae2 StaticDependenciesID=ee39a873b4bdc8a680089c06d4757674 
Refreshing native plugins compatible for Editor in 2.46 ms, found 6 plugins.
Asset Pipeline Refresh (id=33b54e7d9151a0742b800199fb3b6ba4): Total: 0.064 seconds - Initiated by StopAssetImportingV2(NoUpdateAssetOptions)
Start importing Assets/Art/UI/Documents/Japan/Modern/Japan_Modern_passport_stock.png using Guid(8c9ca3698bbcf1a419ad890a68984ca0) (TextureImporter) -> (Import Result ID: '6d085a9757d23a486d7a7111cc5088dd') in 0.0212508 seconds [static and dynamic dependencies]. Details - ImportResultOutputID=0d13ae71317e1676c7f821ca5b7f74ac DependenciesID=9e29e69be3c84eac039c19c1d0ad6790 StaticDependenciesID=084a3efca98ab69d7d917306a9080ead 
Refreshing native plugins compatible for Editor in 2.55 ms, found 6 plugins.
Asset Pipeline Refresh (id=f001564fe1bc2ba4c8ca91e00bb38798): Total: 0.066 seconds - Initiated by StopAssetImportingV2(NoUpdateAssetOptions)
Start importing Assets/Art/UI/Documents/Japan/Modern/Japan_Modern_permit_stock.png using Guid(3743339a5344b0f42ae9a3612b7bf705) (TextureImporter) -> (Import Result ID: 'a01a017394e7873789538875a6ac8c4b') in 0.0208248 seconds [static and dynamic dependencies]. Details - ImportResultOutputID=0bad5ee9727bc574e54429108d007bd1 DependenciesID=85a4420e0c9ed7880d4d5eca033ad5d3 StaticDependenciesID=f99374b56d452b6f91824f599aa61201 
Refreshing native plugins compatible for Editor in 2.42 ms, found 6 plugins.
Asset Pipeline Refresh (id=8bdf816a3034cd34ca1770341ee3b403): Total: 0.067 seconds - Initiated by StopAssetImportingV2(NoUpdateAssetOptions)
Start importing Assets/Art/UI/Documents/Japan/Modern/Japan_Modern_seal.png using Guid(31842c898df10db4b862a7e6686006b9) (TextureImporter) -> (Import Result ID: '63a6cb59fc7a3ab33c4e7eb28e21aa57') in 0.0052225 seconds [static and dynamic dependencies]. Details - ImportResultOutputID=d2b439994c08d84c293963d60ecf8510 DependenciesID=5e9f80ea5f7e7e4d5a3132d6e795add1 StaticDependenciesID=f6b44806bd28f2c5ad7656ad6d669566 
Refreshing native plugins compatible for Editor in 2.52 ms, found 6 plugins.
Asset Pipeline Refresh (id=1820f9fd833998e499dd4981d1326daa): Total: 0.050 seconds - Initiated by StopAssetImportingV2(NoUpdateAssetOptions)
Start importing Assets/Art/UI/Documents/Japan/Old/Japan_Old_border.png using Guid(be4f1146028b0a640925433be0bf0546) (TextureImporter) -> (Import Result ID: '145a5d4cc829d24f27b8e1cbd27bacea') in 0.0189238 seconds [static and dynamic dependencies]. Details - ImportResultOutputID=55099bbb3aca6c58ee1ebbb5f44b9fec DependenciesID=33896a50fd392c8002c2ca91b5885565 StaticDependenciesID=3014b150f1bea7f7747c4c7872938ed5 
Refreshing native plugins compatible for Editor in 2.50 ms, found 6 plugins.
Asset Pipeline Refresh (id=5eeaae96fe8052c46ab0c662d6e9e810): Total: 0.064 seconds - Initiated by StopAssetImportingV2(NoUpdateAssetOptions)
Start importing Assets/Art/UI/Documents/Japan/Old/Japan_Old_passport_stock.png using Guid(ab6ab38eda5db744e96b79088b72cb64) (TextureImporter) -> (Import Result ID: 'da2276ed5dc6ba671bd71c423925d1fb') in 0.0211344 seconds [static and dynamic dependencies]. Details - ImportResultOutputID=34cd64c7c8fbaa9358240acf6e0f8240 DependenciesID=63a4641a7c88a3c041c51a8b36ddb7fb StaticDependenciesID=4a6cb1421bf218d5695353ca0d6c9a2d 
Refreshing native plugins compatible for Editor in 2.66 ms, found 6 plugins.
Asset Pipeline Refresh (id=84851c226f84f414885d2c0363a4a9da): Total: 0.066 seconds - Initiated by StopAssetImportingV2(NoUpdateAssetOptions)
Start importing Assets/Art/UI/Documents/Japan/Old/Japan_Old_permit_stock.png using Guid(640d234191e00c440af796da43914a1c) (TextureImporter) -> (Import Result ID: '5f9d06bafd96a046f15f7d240ef303db') in 0.020738 seconds [static and dynamic dependencies]. Details - ImportResultOutputID=9111b5e71abb6f98693c84554aa09bf6 DependenciesID=1ebe578c3deb591707221ecf9a083afc StaticDependenciesID=a402c4ba65a8d6d8cfaefa5023e75e47 
Refreshing native plugins compatible for Editor in 2.40 ms, found 6 plugins.
Asset Pipeline Refresh (id=9eef4637c0ee25c4bb3270c83a75cab1): Total: 0.066 seconds - Initiated by StopAssetImportingV2(NoUpdateAssetOptions)
Start importing Assets/Art/UI/Documents/Japan/Old/Japan_Old_seal.png using Guid(61d546476454890428c044ac45b3f3b0) (TextureImporter) -> (Import Result ID: '62cf57c4a0fdcd312c91a8866b9b937f') in 0.0053326 seconds [static and dynamic dependencies]. Details - ImportResultOutputID=fcce9ac8120465479c85011207126f2a DependenciesID=ef203ab115099b7d4f855310fb088222 StaticDependenciesID=13d61efb1dc0651361c0f7ca3c8c2976 
Refreshing native plugins compatible for Editor in 2.57 ms, found 6 plugins.
Asset Pipeline Refresh (id=b6d7a29d8c3ef3443b85b34074268e76): Total: 0.050 seconds - Initiated by StopAssetImportingV2(NoUpdateAssetOptions)
Opening scene 'Assets/Scenes/OfficeScene.unity'
[Licensing::Client] Successfully resolved entitlement details
Unloading 149 Unused Serialized files (Serialized files now loaded: 0)
Loaded scene 'Assets/Scenes/OfficeScene.unity'
	Deserialize:            71.327 ms
	Integration:            339.061 ms
	Integration of assets:  2.481 ms
	Thread Wait Time:       0.011 ms
	Total Operation Time:   412.880 ms
Unloading 316 unused Assets / (9.7 MB). Loaded Objects now: 13721.
Memory consumption went from 322.9 MB to 313.2 MB.
Total: 18.264400 ms (FindLiveObjects: 0.682500 ms CreateObjectMapping: 0.422400 ms MarkObjects: 16.832800 ms  DeleteObjects: 0.325600 ms)

Start importing ProjectSettings/EditorBuildSettings.asset using Guid(0000000000000000b000000000000000) (LibraryAssetImporter) -> (Import Result ID: 'dcccfca57922439edfe56c9d8ed9b3b7') in 0.0016588 seconds [static dependencies only]. Details - ImportResultOutputID=d777934f36c664454d62eda103573334 DependenciesID=356caecccd64ddc1dd6ee3ce8cdd599b StaticDependenciesID=cde5ccf5cf3167ff899348c3af601dd1 
Refreshing native plugins compatible for Editor in 2.46 ms, found 6 plugins.
Asset Pipeline Refresh (id=fc32cc147282fbb4781bf638527f359e): Total: 0.023 seconds - Initiated by StopAssetImportingV2(NoUpdateAssetOptions)
Start importing Assets/Scenes/OfficeScene.unity using Guid(a3e1026fd346f294488b7b14e7bdd08e) (DefaultImporter) -> (Import Result ID: '00df27ecc12e86ca3f7920d926e50dc8') in 0.0008604 seconds [static dependencies only]. Details - ImportResultOutputID=547be3bf3df7e28dbaa24382f684fb43 DependenciesID=d80016fd4bacdac32b7fad99bdc700a5 StaticDependenciesID=7e95c623e55cbf66c7032709d85156e0 
Refreshing native plugins compatible for Editor in 2.47 ms, found 6 plugins.
Asset Pipeline Refresh (id=b22779e444d33814e9ae4c9a7ac77e29): Total: 0.039 seconds - Initiated by StopAssetImportingV2(NoUpdateAssetOptions)
Opening scene 'Assets/Scenes/HomeScene.unity'
Unloading 26 Unused Serialized files (Serialized files now loaded: 0)
Loaded scene 'Assets/Scenes/HomeScene.unity'
	Deserialize:            2.855 ms
	Integration:            248.774 ms
	Integration of assets:  0.002 ms
	Thread Wait Time:       0.061 ms
	Total Operation Time:   251.691 ms
Unloading 414 unused Assets / (33.0 MB). Loaded Objects now: 12485.
Memory consumption went from 337.0 MB to 304.0 MB.
Total: 17.475200 ms (FindLiveObjects: 0.537400 ms CreateObjectMapping: 0.282300 ms MarkObjects: 16.126300 ms  DeleteObjects: 0.528400 ms)

Start importing Assets/Scenes/HomeScene.unity using Guid(b41047f6ce494153ad374bba51f434f3) (DefaultImporter) -> (Import Result ID: 'cf109e114952b8bf126731107cebb9da') in 0.000875 seconds [static dependencies only]. Details - ImportResultOutputID=ef8125148058e2e0cb43c2b6baab8fb6 DependenciesID=766a3a5a5d251180accf7c06ebd975f5 StaticDependenciesID=0f3d9b3f4af6cf3be3fc14f3d99b0ec4 
Refreshing native plugins compatible for Editor in 2.41 ms, found 6 plugins.
Asset Pipeline Refresh (id=8ba97f1760362ba4c81b532c74a94f49): Total: 0.043 seconds - Initiated by StopAssetImportingV2(NoUpdateAssetOptions)
Opening scene 'Assets/Scenes/TitleScene.unity'
Unloading 24 Unused Serialized files (Serialized files now loaded: 0)
Loaded scene 'Assets/Scenes/TitleScene.unity'
	Deserialize:            1.855 ms
	Integration:            252.605 ms
	Integration of assets:  0.002 ms
	Thread Wait Time:       0.015 ms
	Total Operation Time:   254.477 ms
Unloading 180 unused Assets / (68.9 KB). Loaded Objects now: 12416.
Memory consumption went from 295.4 MB to 295.3 MB.
Total: 17.124600 ms (FindLiveObjects: 0.511400 ms CreateObjectMapping: 0.243400 ms MarkObjects: 16.140200 ms  DeleteObjects: 0.228700 ms)

Start importing Assets/Scenes/TitleScene.unity using Guid(c7a2f0d8e4b94c5ea1f6d9b3c2e5a708) (DefaultImporter) -> (Import Result ID: '6ee178acdfa10fb344a5dde835a7bd54') in 0.0008771 seconds [static dependencies only]. Details - ImportResultOutputID=9722c3ff58d6de1d439943fe4e1b3194 DependenciesID=a909f0095902da52ff26cf79b71eaf82 StaticDependenciesID=8a6a66089f4d080ef5f18b17096b5173 
Refreshing native plugins compatible for Editor in 2.34 ms, found 6 plugins.
Asset Pipeline Refresh (id=b34b0070d58fc3a4aa35b75231c034bd): Total: 0.043 seconds - Initiated by StopAssetImportingV2(NoUpdateAssetOptions)
Opening scene 'Assets/Scenes/OfficeScene.unity'
Unloading 200 Unused Serialized files (Serialized files now loaded: 0)
Loaded scene 'Assets/Scenes/OfficeScene.unity'
	Deserialize:            41.141 ms
	Integration:            267.913 ms
	Integration of assets:  1.005 ms
	Thread Wait Time:       0.009 ms
	Total Operation Time:   310.068 ms
Unloading 186 unused Assets / (73.4 KB). Loaded Objects now: 13824.
Memory consumption went from 320.7 MB to 320.6 MB.
Total: 17.060700 ms (FindLiveObjects: 0.602400 ms CreateObjectMapping: 0.290500 ms MarkObjects: 15.921700 ms  DeleteObjects: 0.245000 ms)

ART_INSTALL_COMPLETE: imported art; Office, Home and Title scenes saved.
UnityEngine.Debug:ExtractStackTraceNoAlloc (byte*,int,string)
UnityEngine.StackTraceUtility:ExtractStackTrace ()
UnityEngine.DebugLogHandler:Internal_Log (UnityEngine.LogType,UnityEngine.LogOption,string,UnityEngine.Object)
UnityEngine.DebugLogHandler:LogFormat (UnityEngine.LogType,UnityEngine.Object,string,object[])
UnityEngine.Logger:Log (UnityEngine.LogType,object)
UnityEngine.Debug:Log (object)
TimeDeskArtInstaller:Install () (at Assets/Editor/TimeDeskArtInstaller.cs:58)

(Filename: Assets/Editor/TimeDeskArtInstaller.cs Line: 58)

Batchmode quit successfully invoked - shutting down!
[Physics::Module] Cleanup current backend.
[Physics::Module] Id: 0xf2b8ea05
Input System module state changed to: ShutdownInProgress.
Input Polling Thread exited.
Input System module state changed to: Shutdown.
[Licensing::IpcConnector] LicenseClient-Saleh-notifications channel disconnected successfully.
[Licensing::IpcConnector] LicenseClient-Saleh channel disconnected successfully.
AcceleratorClientConnectionCallback - disconnected - :0
Cleanup mono
CodeReloadManager destroyed
08:02:22.619 |V| RiderPlugin                    | :1                             | AppDomain.CurrentDomain.DomainUnload lifetimeDefinition.Terminate
Exiting batchmode successfully now!
Exiting without the bug reporter. Application will terminate with return code 0